  GPSTime                    ECEF-Y                    ECEF-X                    ECEF-Z           Ellip-Hgt       Heading         Pitch          Roll            Latitude           Longitude      Local-VE      Local-VN      Local-VU    Q  
      (s)                       (m)                       (m)                       (m)                 (m)         (deg)         (deg)         (deg)               (deg)               (deg)         (m/s)         (m/s)         (m/s)       
441171.00      5009231.150953760371     -2267630.008480438031      3221246.039002150297     21.063261899166      0.000000      0.000000      0.000000     30.531210566347    114.355798226695     -0.022415     -0.010809      0.032476  4    
441172.00      5009230.539145145565     -2267629.514485921711      3221245.919592177030     20.347039829940      0.000000      0.000000      0.000000     30.531213126128    114.355796166446     -0.022415     -0.010809      0.032476  4    
441173.00      5009230.493961486034     -2267629.472857582383      3221245.945615330245     20.310017091222      0.000000      0.000000      0.000000     30.531213595606    114.355795965446     -0.016818      0.022458     -0.015970  4    
441174.00      5009231.015402782708     -2267629.883595419116      3221246.117071609944     20.952193678357      0.000000      0.000000      0.000000     30.531211974781    114.355797623695     -0.016818      0.022458     -0.015970  4    
441175.00      5009231.014389686286     -2267629.887702725828      3221246.126235922333     20.957513259724      0.000000      0.000000      0.000000     30.531212042452    114.355797667038     -0.031078      0.022511      0.045738  4    
441176.00      5009231.047093159519     -2267629.940186566673      3221246.118680297397     20.997980645858      0.000000      0.000000      0.000000     30.531211748043    114.355798024717     -0.010499      0.008619      0.020671  4    
441177.00      5009231.603569800034     -2267630.335471317172      3221246.276664494537     21.655316049233      0.000000      0.000000      0.000000     30.531209905493    114.355799385717     -0.004193     -0.001506      0.043036  1    
441178.00      5009229.374370371923     -2267628.632671435829      3221246.428432681132     19.378302063793      0.000000      0.000000      0.000000     30.531223608435    114.355792800971      0.018778     -0.016371      0.030620  1    
441179.00      5009229.363870451227     -2267628.628610589076      3221246.425154026598     19.366954750381      0.000000      0.000000      0.000000     30.531223634467    114.355792807544     -0.016238      0.030909     -0.025313  1    
441180.00      5009229.420092664659     -2267629.055051686708      3221246.346319410019     19.522505151108      0.000000      0.000000      0.000000     30.531221981376    114.355796614026     -0.027531     -0.007197     -0.032387  1    
441181.00      5009229.117369554006     -2267629.046061694156      3221245.883858243469     19.046832839958      0.000000      0.000000      0.000000     30.531219668951    114.355797829567     -0.058565      0.026476     -0.018937  1    
441182.00      5009229.131268212572     -2267629.052009520121      3221245.886089380365     19.060985273682      0.000000      0.000000      0.000000     30.531219617026    114.355797826302     -0.019784      0.028911     -0.005986  1    
441183.00      5009231.222245045938     -2267630.126129209064      3221246.140202316456     21.212405784987      0.000000      0.000000      0.000000     30.531210832695    114.355799037144     -0.008644      0.031368     -0.043518  4    
441184.00      5009231.148404616863     -2267630.012562963180      3221246.050809613429     21.068710090593      0.000000      0.000000      0.000000     30.531210661013    114.355798276403      0.003515     -0.013794     -0.017448  1    
441185.00      5009231.156142675318     -2267630.013952277135      3221246.050469961949     21.075103070587      0.000000      0.000000      0.000000     30.531210623445    114.355798256339     -0.017784      0.007358     -0.063675  1    
441186.00      5009232.243014208972     -2267630.381246096920      3221246.310254688840     22.190408580936      0.000000      0.000000      0.000000     30.531207410592    114.355797072387     -0.025710     -0.000310      0.072624  1    
441187.00      5009230.726740673184     -2267629.914604814723      3221246.204758037813     20.781242902391      0.000000      0.000000      0.000000     30.531213802499    114.355799158514     -0.017648     -0.006761      0.022468  1    
441188.00      5009230.745297816582     -2267629.921028533950      3221246.202083548065     20.796727773733      0.000000      0.000000      0.000000     30.531213692112    114.355799139747     -0.001826      0.006160     -0.000243  1    
441189.00      5009230.733200339600     -2267629.919553309213      3221246.203521680087     20.787441504188      0.000000      0.000000      0.000000     30.531213756575    114.355799177730     -0.018034     -0.010244      0.111853  1    
441190.00      5009231.196940631606     -2267630.021530472673      3221246.053323517554     21.111258560792      0.000000      0.000000      0.000000     30.531210460983    114.355798152958     -0.028015     -0.025006      0.099300  1    
441191.00      5009231.170138315298     -2267630.018999462482      3221246.046982449014     21.086106559262      0.000000      0.000000      0.000000     30.531210528385    114.355798244108      0.005415      0.042713     -0.109499  1    
441192.00      5009231.178227699362     -2267630.030182800256      3221246.032087926753     21.088860301301      0.000000      0.000000      0.000000     30.531210357758    114.355798315506      0.000449     -0.011209     -0.030368  1    
441193.00      5009231.293602011167     -2267630.201511840336      3221246.155336573254     21.302865151316      0.000000      0.000000      0.000000     30.531210509945    114.355799446090     -0.021185     -0.001806     -0.030583  4    
441194.00      5009231.338497069664     -2267630.340336831752      3221245.146874786355     20.875101681799      0.000000      0.000000      0.000000     30.531202224831    114.355800570990     -0.006183     -0.004940     -0.035373  1    
441195.00      5009229.945363704115     -2267630.298437895253      3221245.073401601519     19.729709880427      0.000000      0.000000      0.000000     30.531207548830    114.355806159910      0.006587     -0.014489      0.025082  1    
441196.00      5009229.975764966570     -2267630.300669809338      3221245.081897882279     19.758674571291      0.000000      0.000000      0.000000     30.531207483714    114.355806050455     -0.009507      0.001277      0.014864  1    
441197.00      5009231.347677635029     -2267630.306654107757      3221246.126532248221     21.368014136329      0.000000      0.000000      0.000000     30.531209861712    114.355800211798      0.003681     -0.003687     -0.013019  4    
441198.00      5009230.607127882540     -2267630.165366884787      3221245.583629496861     20.460921952501      0.000000      0.000000      0.000000     30.531209002019    114.355802052933     -0.016164     -0.004084     -0.045376  1    
441199.00      5009231.353624617681     -2267630.336765472777      3221246.105733036995     21.372810799628      0.000000      0.000000      0.000000     30.531209618381    114.355800472081     -0.018382     -0.011843      0.098672  4    
441200.00      5009231.335326909088     -2267630.345476321876      3221246.092154333368     21.354648909532      0.000000      0.000000      0.000000     30.531209572802    114.355800633401     -0.023957      0.010783      0.098227  4    
441201.00      5009231.380790237337     -2267630.351532162167      3221246.119300374761     21.406265281141      0.000000      0.000000      0.000000     30.531209582484    114.355800495519     -0.013018     -0.006485      0.005316  4    
441202.00      5009231.367762406357     -2267630.327732022386      3221246.118358119391     21.387109383009      0.000000      0.000000      0.000000     30.531209674525    114.355800325575      0.001800     -0.005944      0.053815  4    
441203.00      5009231.371013370343     -2267630.328323828056      3221246.123278196901     21.392370053567      0.000000      0.000000      0.000000     30.531209698063    114.355800317223     -0.026043     -0.009155      0.161633  4    
441204.00      5009231.327781318687     -2267630.297578678466      3221246.108534157742     21.340034645051      0.000000      0.000000      0.000000     30.531209822082    114.355800211147      0.003480      0.000492      0.044160  4    
441205.00      5009231.179837623611     -2267630.155260900501      3221246.095553040504     21.166795019060      0.000000      0.000000      0.000000     30.531210607767    114.355799495918     -0.032294      0.036501     -0.043392  4    
441206.00      5009231.104860708117     -2267630.074393337127      3221246.098735123407     21.080851563253      0.000000      0.000000      0.000000     30.531211098305    114.355799050461     -0.002736     -0.002507      0.019824  4    
441207.00      5009232.029680632986     -2267630.782514001243      3221246.086163692642     22.051706799306      0.000000      0.000000      0.000000     30.531205801757    114.355801798256      0.032083     -0.039643     -0.058000  1    
441208.00      5009231.146348889917     -2267630.103978522122      3221246.117233787198     21.133313899860      0.000000      0.000000      0.000000     30.531211012930    114.355799153019     -0.000808     -0.028185      0.061818  4    
441209.00      5009231.126362727024     -2267630.081626086496      3221246.115321784746     21.108719459735      0.000000      0.000000      0.000000     30.531211123748    114.355799026719      0.005698     -0.029178      0.088302  4    
441210.00      5009231.111768028699     -2267630.052404162008      3221246.121806555428     21.090181092732      0.000000      0.000000      0.000000     30.531211290281    114.355798812041     -0.004068      0.026678     -0.075218  4    
441211.00      5009231.098575992510     -2267630.028745969292      3221246.117483811919     21.069229452871      0.000000      0.000000      0.000000     30.531211356474    114.355798644150     -0.010062     -0.060376      0.124028  4    
441212.00      5009231.055425772443     -2267629.942729968578      3221246.176284844521     21.034686222672      0.000000      0.000000      0.000000     30.531212156017    114.355798013053      0.004139     -0.023757      0.024918  4    
441213.00      5009231.009279996157     -2267629.895971342456      3221246.165040640160     20.976154016331      0.000000      0.000000      0.000000     30.531212349654    114.355797767487     -0.013644      0.025878     -0.069100  5    
441214.00      5009232.003964189440     -2267630.166257931851      3221246.236817611847     21.889152065851      0.000000      0.000000      0.000000     30.531208244214    114.355796058826     -0.069375      0.041692     -0.002219  4    
441215.00      5009231.019933927804     -2267629.955304727424      3221246.083854062483     20.964347288944      0.000000      0.000000      0.000000     30.531211562265    114.355798284939      0.011334     -0.014611     -0.034202  4    
441216.00      5009231.217753412202     -2267630.039049954154      3221246.060697155073     21.137559415773      0.000000      0.000000      0.000000     30.531210398282    114.355798229827     -0.011162     -0.012138      0.058410  1    
441217.00      5009231.013040643185     -2267629.941272043623      3221246.081670835614     20.952844337560      0.000000      0.000000      0.000000     30.531211600596    114.355798181353     -0.004594      0.006677      0.027300  4    
441218.00      5009231.965877547860     -2267630.155256375670      3221246.216693190858     21.845134337433      0.000000      0.000000      0.000000     30.531208267639    114.355796118059     -0.004558      0.023557     -0.070071  1    
441219.00      5009231.947754878551     -2267630.151294720825      3221246.207427768502     21.824799410999      0.000000      0.000000      0.000000     30.531208278791    114.355796158330      0.024197      0.066381     -0.131220  1    
441220.00      5009231.984629214741     -2267630.162146232091      3221246.213945240248     21.860900117084      0.000000      0.000000      0.000000     30.531208154989    114.355796102882     -0.003584     -0.012495      0.040951  1    
441221.00      5009231.966342672706     -2267630.155685425270      3221246.211977630854     21.843256187625      0.000000      0.000000      0.000000     30.531208228249    114.355796120133      0.000784      0.006875      0.035877  1    
441222.00      5009231.984926152974     -2267630.166845587548      3221246.220143227372     21.865951066837      0.000000      0.000000      0.000000     30.531208193025    114.355796146215     -0.010588      0.000344      0.041350  1    
441223.00      5009231.975066512823     -2267630.162068111356      3221246.215930826031     21.854377264157      0.000000      0.000000      0.000000     30.531208210484    114.355796143234     -0.006322      0.007304     -0.025654  1    
441224.00      5009233.238530014642     -2267630.685371785425      3221245.254578867462     22.543325234205      0.000000      0.000000      0.000000     30.531194477871    114.355795681377     -0.002714     -0.009480     -0.003748  1    
441225.00      5009233.221648718230     -2267630.688910113182      3221245.247001884971     22.527486313134      0.000000      0.000000      0.000000     30.531194482786    114.355795787508      0.018395     -0.028481      0.010384  1    
441226.00      5009230.998687177896     -2267629.972373251803      3221246.071928632911     20.947680019774      0.000000      0.000000      0.000000     30.531211526048    114.355798538269      0.008257     -0.017564     -0.058620  5    
441227.00      5009230.935474710539     -2267629.585031034891      3221246.049044988118     20.748859539628      0.000000      0.000000      0.000000     30.531212344121    114.355795132981     -0.019271      0.027082     -0.008186  1    
441228.00      5009230.936901705340     -2267629.587539361324      3221246.048326152842     20.750505135395      0.000000      0.000000      0.000000     30.531212327839    114.355795150659     -0.012979      0.010869     -0.057469  1    
441229.00      5009230.921067206189     -2267629.587641523685      3221246.045343120582     20.736600787379      0.000000      0.000000      0.000000     30.531212370571    114.355795219674     -0.005485      0.040295     -0.049480  1    
441230.00      5009230.925054311752     -2267629.592731959186      3221246.044505822938     20.741112331860      0.000000      0.000000      0.000000     30.531212337801    114.355795250862      0.015403     -0.007307      0.001966  1    
441231.00      5009230.934162518941     -2267629.600157245528      3221246.042266783770     20.749759672210      0.000000      0.000000      0.000000     30.531212268350    114.355795282208      0.014191     -0.026993     -0.000345  1    
441232.00      5009230.904373950325     -2267629.585807146970      3221246.033099566121     20.716630256735      0.000000      0.000000      0.000000     30.531212348596    114.355795273996     -0.007984     -0.002528      0.075267  1    
441233.00      5009230.952108213678     -2267629.601669318508      3221246.052282957360     20.769466968253      0.000000      0.000000      0.000000     30.531212268399    114.355795219445      0.020789     -0.008510      0.025725  1    
441234.00      5009230.919140102342     -2267629.593147645704      3221246.039291968103     20.733970470726      0.000000      0.000000      0.000000     30.531212321195    114.355795280223      0.016796     -0.005772      0.101954  1    
441235.00      5009230.927811785601     -2267629.586999665480      3221246.045821566600     20.741908269003      0.000000      0.000000      0.000000     30.531212347345    114.355795184598     -0.010583      0.041896     -0.106104  1    
441236.00      5009230.957500141114     -2267629.599755028263      3221246.053217130713     20.773492547683      0.000000      0.000000      0.000000     30.531212256766    114.355795178102      0.020932      0.015362     -0.095700  1    
441237.00      5009230.931069939397     -2267629.596260455903      3221246.046540580224     20.748119834810      0.000000      0.000000      0.000000     30.531212321830    114.355795258507      0.002112     -0.005020     -0.025132  1    
441238.00      5009230.904610409401     -2267629.583797737956      3221246.038381232414     20.718785142526      0.000000      0.000000      0.000000     30.531212392443    114.355795253905      0.018876      0.017243     -0.067535  1    
441239.00      5009230.834740068763     -2267629.793317750096      3221246.158645815216     20.799480021931      0.000000      0.000000      0.000000     30.531213222583    114.355797543069     -0.024718      0.019253     -0.007754  5    
441240.00      5009230.837372624315     -2267629.808816658333      3221246.166965637822     20.811277878471      0.000000      0.000000      0.000000     30.531213246945    114.355797678883      0.013222     -0.025428      0.031443  5    
441241.00      5009228.827580628917     -2267629.394462132361      3221246.254938308615     19.131708759815      0.000000      0.000000      0.000000     30.531223103434    114.355802382131      0.013182     -0.027161      0.047424  1    
441242.00      5009230.974999777973     -2267629.908397829626      3221246.976164990570     21.365726142190      0.000000      0.000000      0.000000     30.531218771390    114.355798032759      0.003027      0.014493     -0.002920  1    
441243.00      5009228.807162579149     -2267629.392680181190      3221246.249001969118     19.112038144842      0.000000      0.000000      0.000000     30.531223145915    114.355802452958      0.011061     -0.039679      0.055906  1    
441244.00      5009228.810704934411     -2267629.385447615292      3221246.252345388755     19.113947116770      0.000000      0.000000      0.000000     30.531223170772    114.355802369078      0.012335     -0.008855      0.024356  1    
441245.00      5009230.789425767027     -2267629.168112142012      3221246.071508118417     20.497567980550      0.000000      0.000000      0.000000     30.531213916217    114.355791802899      0.019071     -0.004349     -0.011285  1    
441246.00      5009230.789816533215     -2267629.166627729777      3221246.068629887886     20.495885151438      0.000000      0.000000      0.000000     30.531213895028    114.355791787129      0.009635      0.038023     -0.090404  1    
441247.00      5009228.959536599927     -2267629.809611464385      3221246.231830447447     19.370985556394      0.000000      0.000000      0.000000     30.531221588504    114.355805755977     -0.029017     -0.018952      0.047101  1    
441248.00      5009228.948839623481     -2267629.807792197447      3221246.226325657684     19.359148981981      0.000000      0.000000      0.000000     30.531221593827    114.355805784675      0.018988     -0.000365     -0.031164  1    
441249.00      5009228.970499606803     -2267629.816527897492      3221246.234352183528     19.383326101117      0.000000      0.000000      0.000000     30.531221549261    114.355805774521      0.032491     -0.004166      0.000558  1    
441250.00      5009228.969806141220     -2267629.809242224786      3221246.236986757722     19.381532286294      0.000000      0.000000      0.000000     30.531221586393    114.355805708341     -0.030011     -0.036383      0.074459  1    
441251.00      5009230.259423290379     -2267628.491396207362      3221245.874552104156     19.741237866692      0.000000      0.000000      0.000000     30.531215877296    114.355787656585      0.038229     -0.015718      0.016161  1    
441252.00      5009228.875264219940     -2267629.805487466976      3221246.176851810422     19.275463021360      0.000000      0.000000      0.000000     30.531221520933    114.355806078969      0.012554     -0.012828     -0.042094  1    
441253.00      5009228.872480865568     -2267629.803652489558      3221246.176300676540     19.272347132675      0.000000      0.000000      0.000000     30.531221531737    114.355806073511      0.012206     -0.024077      0.147991  1    
441254.00      5009231.511955181137     -2267630.171784032136      3221247.309025351424     22.049728335813      0.000000      0.000000      0.000000     30.531218618307    114.355798225573     -0.009656      0.020749     -0.086190  1    
441255.00      5009231.512036164291     -2267630.180076109711      3221247.298060491681     22.047167187557      0.000000      0.000000      0.000000     30.531218517107    114.355798303939      0.033816      0.018260     -0.054979  1    
441256.00      5009231.510208948515     -2267630.175733186770      3221247.294137333520     22.042197680101      0.000000      0.000000      0.000000     30.531218502460    114.355798270565     -0.019580      0.005216     -0.123373  1    
441257.00      5009231.502522606403     -2267630.172329373192      3221247.296984190587     22.036403366365      0.000000      0.000000      0.000000     30.531218563098    114.355798271284     -0.025959      0.034632     -0.061340  1    
441258.00      5009231.507278657518     -2267630.180192194413      3221247.297811414581     22.043348703533      0.000000      0.000000      0.000000     30.531218534812    114.355798325485      0.012172      0.015005     -0.021848  1    
441259.00      5009231.511531592347     -2267630.181615534704      3221247.295848283451     22.046194273047      0.000000      0.000000      0.000000     30.531218499116    114.355798320720     -0.015254     -0.004592     -0.028013  1    
441260.00      5009229.847694468684     -2267628.687382663134      3221245.159360230900     19.124452685937      0.000000      0.000000      0.000000     30.531211668942    114.355791286333     -0.010354      0.015295     -0.048431  1    
441261.00      5009231.505741840228     -2267630.182192143984      3221247.296905787662     22.042393134907      0.000000      0.000000      0.000000     30.531218530412    114.355798351074     -0.008343      0.000697     -0.017652  1    
441262.00      5009229.717652498744     -2267629.866210589185      3221245.069860076532     19.395689900033      0.000000      0.000000      0.000000     30.531209288712    114.355803035435      0.033783      0.006507     -0.113380  1    
441263.00      5009231.503477139398     -2267630.185120929498      3221247.296897291206     22.041652095504      0.000000      0.000000      0.000000     30.531218534265    114.355798388608      0.013911      0.037888     -0.090175  1    
441264.00      5009231.503719134256     -2267630.187579337042      3221247.300420453772     22.044505064376      0.000000      0.000000      0.000000     30.531218555983    114.355798410905      0.004353     -0.005203      0.001612  1    
441265.00      5009231.506227061152     -2267630.187151455786      3221247.304052456282     22.048166111112      0.000000      0.000000      0.000000     30.531218574541    114.355798396066     -0.016394      0.006684     -0.044727  1    
441266.00      5009231.004751829430     -2267629.682361018844      3221245.810100786388     20.716409270652      0.000000      0.000000      0.000000     30.531210014488    114.355795759204      0.000157     -0.003661     -0.044712  5    
441267.00      5009232.887185702100     -2267630.406958270818      3221247.250739663839     23.182793191634      0.000000      0.000000      0.000000     30.531211980084    114.355794548295      0.019986     -0.020719      0.072298  1    
441268.00      5009231.901790259406     -2267629.962110983208      3221246.236895493697     21.736498611979      0.000000      0.000000      0.000000     30.531209057138    114.355794559985      0.014136     -0.016614      0.033816  1    
441269.00      5009231.902919271030     -2267629.964105768129      3221246.239559902344     21.739446676336      0.000000      0.000000      0.000000     30.531209069356    114.355794574070     -0.004925     -0.023266      0.177348  1    
441270.00      5009232.593243153766     -2267630.328190840781      3221246.753083024174     22.671344837174      0.000000      0.000000      0.000000     30.531209489414    114.355795063725     -0.004632      0.013215     -0.063587  5    
441271.00      5009230.835772354156     -2267629.681204793975      3221245.689086931758     20.521925410256      0.000000      0.000000      0.000000     30.531209781853    114.355796474377      0.003627     -0.005768      0.009079  5    
441272.00      5009232.126600448973     -2267630.159448950551      3221246.769379700068     22.253510900773      0.000000      0.000000      0.000000     30.531211882929    114.355795467190     -0.017868      0.048660     -0.027431  1    
441273.00      5009230.761574477889     -2267629.697411703411      3221245.645534297451     20.447334784083      0.000000      0.000000      0.000000     30.531209722580    114.355796947072     -0.037633      0.046505     -0.089343  5    
441274.00      5009231.101097849198     -2267629.810224800371      3221245.860367928632     20.862967697904      0.000000      0.000000      0.000000     30.531209761212    114.355796558955      0.014447     -0.024802      0.069415  5    
441275.00      5009230.887511212379     -2267630.145409229212      3221245.609837495256     20.687161501497      0.000000      0.000000      0.000000     30.531208072892    114.355800658601      0.013003      0.015944      0.084521  4    
441276.00      5009229.947801664472     -2267630.307587715331      3221245.081358734518     19.738915448077      0.000000      0.000000      0.000000     30.531207583186    114.355806236290      0.027393      0.013486     -0.055748  1    
441277.00      5009229.951909545809     -2267630.306819503196      3221245.082072935998     19.742228810675      0.000000      0.000000      0.000000     30.531207573038    114.355806211345      0.021018     -0.004316      0.054121  1    
441278.00      5009229.913183603436     -2267630.294276619330      3221245.073912613560     19.703239765950      0.000000      0.000000      0.000000     30.531207695001    114.355806258695     -0.008700      0.024056     -0.021275  1    
441279.00      5009229.941207987256     -2267630.303640802857      3221245.085580065381     19.734483861364      0.000000      0.000000      0.000000     30.531207650968    114.355806227158     -0.005598     -0.008801     -0.014483  1    
441280.00      5009229.948625383899     -2267630.310926245991      3221245.077176990919     19.738623382524      0.000000      0.000000      0.000000     30.531207540947    114.355806264442      0.024541     -0.063037      0.101111  1    
441281.00      5009229.937413791195     -2267630.305690734647      3221245.076222287025     19.727480939589      0.000000      0.000000      0.000000     30.531207590227    114.355806262922     -0.002856      0.020950     -0.041549  1    
441282.00      5009229.846930615604     -2267629.897877960466      3221245.130304911640     19.539089085534      0.000000      0.000000      0.000000     30.531209158825    114.355802780502      0.002863      0.005644     -0.062419  1    
441283.00      5009229.892106418498     -2267630.307370509487      3221245.041264772415     19.674766532145      0.000000      0.000000      0.000000     30.531207504583    114.355806473566     -0.010080     -0.008123     -0.029183  1    
441284.00      5009229.885865002871     -2267630.312057707924      3221245.042553161737     19.672188444994      0.000000      0.000000      0.000000     30.531207531791    114.355806544881      0.017374     -0.017714      0.070322  1    
441285.00      5009229.274171583354     -2267629.595113941934      3221245.160056887195     18.997213915922      0.000000      0.000000      0.000000     30.531212353141    114.355802367744      0.048657     -0.065485      0.128655  1    
441286.00      5009231.168840754777     -2267630.405976623297      3221245.569245244376     20.979857554659      0.000000      0.000000      0.000000     30.531206090675    114.355801923146      0.027908     -0.003385     -0.024249  4    
441287.00      5009229.975350500084     -2267630.310708293691      3221245.100885422435     19.771561061032      0.000000      0.000000      0.000000     30.531207614000    114.355806147529      0.021513     -0.024510      0.078138  1    
441288.00      5009231.156378354877     -2267630.438410070725      3221245.512132384814     20.952585738152      0.000000      0.000000      0.000000     30.531205637663    114.355802284582      0.027386     -0.019694      0.004047  4    
441289.00      5009229.794425289147     -2267630.094863157254      3221245.037785832305     19.520861824043      0.000000      0.000000      0.000000     30.531208286916    114.355804876055      0.011076      0.004474      0.005402  1    
441290.00      5009229.773450990207     -2267630.092530822847      3221245.025415452197     19.497290671803      0.000000      0.000000      0.000000     30.531208282769    114.355804944047      0.007099     -0.028477      0.085899  1    
441291.00      5009229.756488392130     -2267630.093280232046      3221245.019965366460     19.481477745809      0.000000      0.000000      0.000000     30.531208309818    114.355805024054      0.005098     -0.022463      0.016900  1    
441292.00      5009229.737237825990     -2267630.085974051151      3221245.016077506356     19.461801554076      0.000000      0.000000      0.000000     30.531208373780    114.355805037423      0.011363      0.014843      0.023803  1    
441293.00      5009229.742417293601     -2267630.094312490430      3221245.016093937214     19.468836207874      0.000000      0.000000      0.000000     30.531208336528    114.355805094320      0.010734     -0.033710      0.043752  1    
441294.00      5009229.756155297160     -2267630.093739303760      3221245.015656792093     19.479190653190      0.000000      0.000000      0.000000     30.531208276865    114.355805029843     -0.003026     -0.007205     -0.027838  1    
441295.00      5009229.741120056249     -2267630.085081021767      3221245.015682048630     19.464329796843      0.000000      0.000000      0.000000     30.531208356189    114.355805012263     -0.000589     -0.003961      0.024493  1    
441296.00      5009229.742200952023     -2267630.087188804522      3221245.013042981736     19.464586037211      0.000000      0.000000      0.000000     30.531208327189    114.355805027626     -0.004924      0.007227     -0.050160  1    
441297.00      5009229.743171154521     -2267630.085887791123      3221245.015136043075     19.465948489495      0.000000      0.000000      0.000000     30.531208341860    114.355805011107     -0.018972      0.006329      0.004386  1    
441298.00      5009228.991496513598     -2267629.550540889148      3221245.065068609081     18.711312338710      0.000000      0.000000      0.000000     30.531212879388    114.355803159353     -0.008588      0.000526     -0.038673  1    
441299.00      5009234.080836774781     -2267631.568006228190      3221245.976996167097     23.884804092348      0.000000      0.000000      0.000000     30.531194906562    114.355800440359     -0.003420     -0.017881      0.025145  1    
441300.00      5009231.027704751119     -2267630.333061963785      3221245.410972654819     20.762804315425      0.000000      0.000000      0.000000     30.531205587927    114.355801837487      0.003972     -0.002712     -0.004892  4    
441301.00      5009229.935208994895     -2267630.315891960636      3221245.047696305905     19.714883149602      0.000000      0.000000      0.000000     30.531207358517    114.355806369234      0.008746     -0.002534     -0.023072  1    
441302.00      5009229.924320156686     -2267630.303173668683      3221245.049987098668     19.702984647825      0.000000      0.000000      0.000000     30.531207445806    114.355806295295     -0.016819      0.004881      0.048348  1    
441303.00      5009229.922860024497     -2267630.305951981805      3221245.046027564909     19.700814340264      0.000000      0.000000      0.000000     30.531207415887    114.355806327944     -0.001332      0.024559     -0.058322  1    
441304.00      5009229.917123238556     -2267630.302384045906      3221245.043684201315     19.693854858167      0.000000      0.000000      0.000000     30.531207428371    114.355806318727      0.000951      0.002224     -0.018894  1    
441305.00      5009229.924535373226     -2267630.301569100004      3221245.047402562574     19.701270584017      0.000000      0.000000      0.000000     30.531207427859    114.355806279139     -0.003606      0.014755     -0.008237  1    
441306.00      5009229.923306393437     -2267630.308140996378      3221245.046420790721     19.702141954564      0.000000      0.000000      0.000000     30.531207412942    114.355806346805      0.001318     -0.004150     -0.010356  1    
441307.00      5009232.330828081816     -2267630.481222457718      3221245.724272612948     21.997146214359      0.000000      0.000000      0.000000     30.531202302229    114.355797644074      0.000276      0.007559     -0.029979  1    
441308.00      5009229.867171218619     -2267630.297334379982      3221245.025016981643     19.643380960450      0.000000      0.000000      0.000000     30.531207501403    114.355806485448     -0.014710      0.029241     -0.037040  1    
441309.00      5009229.906888737343     -2267630.302496741060      3221245.040648008697     19.684321530163      0.000000      0.000000      0.000000     30.531207447292    114.355806363777     -0.008746      0.019483     -0.075962  1    
441310.00      5009229.909724600613     -2267630.303827607073      3221245.043321260717     19.688377602026      0.000000      0.000000      0.000000     30.531207453709    114.355806364224      0.008589     -0.003853     -0.030213  1    
441311.00      5009232.081677251495     -2267630.766818237957      3221245.801532453857     21.942337914370      0.000000      0.000000      0.000000     30.531203402885    114.355801425818      0.002666      0.015030     -0.018105  1    
441312.00      5009232.689560021274     -2267630.373337232508      3221245.320234885439     22.035063507035      0.000000      0.000000      0.000000     30.531197869356    114.355795078388      0.000235      0.007430     -0.041478  1    
441313.00      5009229.119965635240     -2267629.766612444073      3221245.094281374477     18.903715254739      0.000000      0.000000      0.000000     30.531212161736    114.355804658394      0.007981     -0.011741     -0.022053  1    
441314.00      5009229.765145161189     -2267630.084880881011      3221245.025506512728     19.488101959229      0.000000      0.000000      0.000000     30.531208332606    114.355804907121      0.007054     -0.010505      0.033924  1    
441315.00      5009229.773354754783     -2267630.089291656390      3221245.029563186225     19.498171609826      0.000000      0.000000      0.000000     30.531208321518    114.355804913712      0.000896     -0.006902      0.069589  1    
441316.00      5009229.173572186381     -2267629.774270069785      3221245.111845021602     18.957422625273      0.000000      0.000000      0.000000     30.531212059945    114.355804500724     -0.004913      0.004777     -0.000857  1    
441317.00      5009229.152636514977     -2267629.771339161322      3221245.110503545497     18.939271923155      0.000000      0.000000      0.000000     30.531212142458    114.355804562868     -0.005800      0.022434     -0.199217  1    
441318.00      5009229.915604170412     -2267630.312731051352      3221245.041441156529     19.695198870264      0.000000      0.000000      0.000000     30.531207397731    114.355806423476     -0.011939     -0.065186      0.113322  1    
441319.00      5009229.896120396443     -2267630.306628946681      3221245.041230146307     19.677635264583      0.000000      0.000000      0.000000     30.531207488959    114.355806449277      0.015278     -0.027349     -0.028666  1    
441320.00      5009229.894259738736     -2267630.308893157635      3221245.036218798719     19.674433716573      0.000000      0.000000      0.000000     30.531207453511    114.355806478766     -0.006831      0.002541     -0.001830  1    
441321.00      5009229.896407219581     -2267630.305919029284      3221245.035371517297     19.674631926231      0.000000      0.000000      0.000000     30.531207443584    114.355806441305      0.001236      0.013960     -0.000727  1    
441322.00      5009229.909341317602     -2267630.310734531377      3221245.041940156836     19.689828732051      0.000000      0.000000      0.000000     30.531207431526    114.355806431436     -0.017405      0.007175     -0.018926  1    
441323.00      5009229.914502668194     -2267630.313726248220      3221245.043617113959     19.695793447085      0.000000      0.000000      0.000000     30.531207417355    114.355806437656      0.016151     -0.006120      0.000430  1    
441324.00      5009229.906859771349     -2267630.307578644715      3221245.041499459185     19.686536555178      0.000000      0.000000      0.000000     30.531207444425    114.355806412142     -0.017051      0.009092     -0.016609  1    
441325.00      5009229.904020792805     -2267630.309216935653      3221245.039973201230     19.684115434065      0.000000      0.000000      0.000000     30.531207441322    114.355806439894     -0.000688     -0.008433      0.031751  1    
441326.00      5009229.893503726460     -2267630.304745573550      3221245.034650700167     19.671570552513      0.000000      0.000000      0.000000     30.531207452322    114.355806442643      0.003833     -0.050767      0.036434  1    
441327.00      5009229.907971965149     -2267630.310953302309      3221245.040675117169     19.688189271837      0.000000      0.000000      0.000000     30.531207427000    114.355806439398     -0.004939      0.006698     -0.026092  1    
441328.00      5009229.916631711647     -2267630.314768278506      3221245.045387458056     19.698733597063      0.000000      0.000000      0.000000     30.531207420253    114.355806438399      0.015272     -0.012303      0.039102  1    
441329.00      5009229.919788786210     -2267630.312637715135      3221245.044752263464     19.700131423771      0.000000      0.000000      0.000000     30.531207406165    114.355806404607      0.001873      0.001264     -0.001880  1    
441330.00      5009229.930740335025     -2267630.314181349240      3221245.049033952877     19.711448503658      0.000000      0.000000      0.000000     30.531207390797    114.355806372199      0.007474     -0.004782      0.016739  1    
441331.00      5009229.923488780856     -2267630.313295810483      3221245.047958215233     19.704897206277      0.000000      0.000000      0.000000     30.531207414385    114.355806394955      0.022021     -0.046067     -0.000508  1    
441332.00      5009229.961926319636     -2267630.314508093987      3221245.066298808903     19.744806703180      0.000000      0.000000      0.000000     30.531207394134    114.355806241286     -0.005907      0.005011      0.009528  1    
441333.00      5009229.971606334671     -2267630.317478852347      3221245.069523300044     19.755095900968      0.000000      0.000000      0.000000     30.531207373164    114.355806227889     -0.015505      0.014362     -0.023773  1    
441334.00      5009229.972351980396     -2267630.313580856659      3221245.071155651938     19.755125593394      0.000000      0.000000      0.000000     30.531207390100    114.355806187683     -0.009559     -0.000063      0.004963  1    
441335.00      5009227.985664609820     -2267629.412353380583      3221244.581301677972     17.627197409980      0.000000      0.000000      0.000000     30.531213580729    114.355806169901     -0.005310      0.012131     -0.066399  1    
441336.00      5009229.338821613230     -2267629.780071512330      3221245.499671076890     19.286172267981      0.000000      0.000000      0.000000     30.531214372399    114.355803845676      0.005144      0.010038     -0.052672  1    
441337.00      5009227.958977059461     -2267629.404840086587      3221244.574567953590     17.600166169927      0.000000      0.000000      0.000000     30.531213654017    114.355806213263     -0.009441      0.029146     -0.053204  1    
441338.00      5009229.347046650015     -2267629.791034599766      3221245.500274954829     19.296827524900      0.000000      0.000000      0.000000     30.531214322038    114.355803914400      0.042001     -0.012980     -0.027118  1    
441339.00      5009229.969992470928     -2267630.318747861311      3221245.070236798376     19.754642756656      0.000000      0.000000      0.000000     30.531207383046    114.355806246871     -0.009730      0.019878     -0.111673  1    
441340.00      5009229.964784942567     -2267630.315277767368      3221245.068422695156     19.748402204365      0.000000      0.000000      0.000000     30.531207397248    114.355806236308     -0.023737      0.002496      0.032085  1    
441341.00      5009229.360370452516     -2267629.789721373934      3221245.498144366778     19.305733786896      0.000000      0.000000      0.000000     30.531214252345    114.355803844678      0.019308     -0.022457      0.029801  1    
441342.00      5009229.993566049263     -2267630.316021974199      3221245.096990431659     19.785763551481      0.000000      0.000000      0.000000     30.531207497654    114.355806119693     -0.004581      0.033562     -0.092484  1    
441343.00      5009228.090053829364     -2267629.149138506036      3221245.822334258351     18.246065098792      0.000000      0.000000      0.000000     30.531223284706    114.355803222689      0.011093      0.008619      0.009540  1    
441344.00      5009228.078997031786     -2267629.150734574534      3221245.816194151063     18.234836636111      0.000000      0.000000      0.000000     30.531223280141    114.355803285354      0.013494     -0.009798      0.008776  1    
441345.00      5009228.999215173535     -2267629.724674820900      3221245.434848342091     18.967076515779      0.000000      0.000000      0.000000     30.531215391137    114.355804779188     -0.017791      0.034329     -0.027607  1    
441346.00      5009229.006730521098     -2267629.729227436241      3221245.434401216917     18.974363815039      0.000000      0.000000      0.000000     30.531215347686    114.355804790109      0.013909     -0.009671     -0.028982  1    
441347.00      5009228.994432259351     -2267629.731535003521      3221245.432214105036     18.964422076941      0.000000      0.000000      0.000000     30.531215377672    114.355804864863     -0.016267      0.025811     -0.039138  1    
441348.00      5009228.977459574118     -2267629.729511472862      3221245.428701910190     18.948600687087      0.000000      0.000000      0.000000     30.531215425061    114.355804918591      0.042663      0.017145      0.019204  1    
441349.00      5009230.301891166717     -2267630.179221807979      3221245.405950548593     20.136063876562      0.000000      0.000000      0.000000     30.531208869561    114.355803496135     -0.034200      0.044311      0.044575  5    
441350.00      5009229.361440138891     -2267629.788127727341      3221245.507617087569     19.310819278471      0.000000      0.000000      0.000000     30.531214324490    114.355803824953      0.004098     -0.006510     -0.018877  1    
441351.00      5009229.371880296618     -2267629.797625823878      3221245.508990733884     19.323083374649      0.000000      0.000000      0.000000     30.531214273631    114.355803870252     -0.005111      0.002811      0.001174  1    
441352.00      5009230.326017900370     -2267630.189094770700      3221245.425980666652     20.168678538874      0.000000      0.000000      0.000000     30.531208905812    114.355803486178      0.015432     -0.013166     -0.005156  5    
441353.00      5009230.315715483390     -2267630.185102580115      3221245.425282467622     20.158821485937      0.000000      0.000000      0.000000     30.531208950939    114.355803492553      0.009916      0.007149      0.008330  5    
441354.00      5009230.323208077811     -2267630.188738395460      3221245.431328605395     20.169063889422      0.000000      0.000000      0.000000     30.531208959766    114.355803494869     -0.000703      0.041856     -0.041894  5    
441355.00      5009230.571858459152     -2267630.153971234802      3221246.229945198633     20.757531573996      0.000000      0.000000      0.000000     30.531214192406    114.355802096319      0.008871     -0.014422      0.018573  1    
441356.00      5009230.199418142438     -2267629.875486221164      3221246.265250390861     20.384290857241      0.000000      0.000000      0.000000     30.531216547750    114.355801053214     -0.003767      0.047329     -0.041759  1    
441357.00      5009230.207949635573     -2267629.886643983424      3221246.258754821960     20.391649166122      0.000000      0.000000      0.000000     30.531216440581    114.355801122469      0.001743     -0.004850      0.035749  1    
441358.00      5009230.381953949109     -2267630.231596750207      3221245.458672429901     20.244276580401      0.000000      0.000000      0.000000     30.531208845988    114.355803649265     -0.005018      0.021664     -0.118762  5    
441359.00      5009231.086838014424     -2267630.506821809802      3221245.280326425564     20.804560120218      0.000000      0.000000      0.000000     30.531203997638    114.355803232828      0.026569     -0.011837      0.006743  1    
441360.00      5009229.424895763397     -2267630.417418178637      3221245.088999704458     19.371490383521      0.000000      0.000000      0.000000     30.531209617885    114.355809525942      0.051496      0.052692     -0.086433  1    
441361.00      5009230.938324498944     -2267630.582513924222      3221246.581011924893     21.375668218359      0.000000      0.000000      0.000000     30.531214580385    114.355804589552      0.013007      0.011271     -0.044769  1    
441362.00      5009230.956317525357     -2267630.588860184886      3221246.583713614382     21.393414055929      0.000000      0.000000      0.000000     30.531214514271    114.355804572475      0.003471      0.009074     -0.091804  1    
441363.00      5009230.955573934130     -2267630.585499182343      3221246.600784434471     21.400308766402      0.000000      0.000000      0.000000     30.531214656360    114.355804543765      0.023399     -0.000626      0.014915  1    
441364.00      5009229.968424175866     -2267629.981097728480      3221246.945492555853     20.586115283892      0.000000      0.000000      0.000000     30.531222597674    114.355803048394     -0.003027      0.011477     -0.014616  1    
441365.00      5009229.974357135594     -2267630.009236921556      3221246.954980137292     20.605586305261      0.000000      0.000000      0.000000     30.531222593444    114.355803290016     -0.034686     -0.036366      0.059693  1    
441366.00      5009229.964091827162     -2267630.003091176506      3221246.949084287975     20.592352930456      0.000000      0.000000      0.000000     30.531222602103    114.355803275789     -0.006647     -0.008343      0.046178  1    
441367.00      5009230.562229479663     -2267630.249025250785      3221245.685564842075     20.507191785611      0.000000      0.000000      0.000000     30.531209823351    114.355803040018     -0.000794     -0.007619      0.011965  4    
441368.00      5009228.830512524582     -2267629.859742460772      3221246.136107477359     19.238920845091      0.000000      0.000000      0.000000     30.531221288653    114.355806786306     -0.000011      0.001049      0.004124  1    
441369.00      5009228.790367562324     -2267629.841348440386      3221246.126514495816     19.196012044325      0.000000      0.000000      0.000000     30.531221416466    114.355806784210     -0.013722     -0.018695      0.010369  1    
441370.00      5009228.810330145992     -2267629.849361832719      3221246.135886682663     19.219284249470      0.000000      0.000000      0.000000     30.531221390807    114.355806774495     -0.015675     -0.005365      0.030092  1    
441371.00      5009228.818257516250     -2267629.854997798335      3221246.137868967839     19.228513850830      0.000000      0.000000      0.000000     30.531221362464    114.355806793929      0.007014     -0.017560      0.003074  1    
441372.00      5009228.804943878204     -2267629.846028079279      3221246.135323988739     19.213587597944      0.000000      0.000000      0.000000     30.531221415220    114.355806765994     -0.016252     -0.001955      0.041152  1    
441373.00      5009231.292490844615     -2267630.507165367249      3221245.644835451152     21.151230040938      0.000000      0.000000      0.000000     30.531205970577    114.355802352346      0.000399     -0.014899      0.025234  1    
441374.00      5009230.100778930821     -2267629.919442283921      3221245.295791097451     19.830010722391      0.000000      0.000000      0.000000     30.531209344138    114.355801894354     -0.021415      0.014233     -0.055943  1    
441375.00      5009231.823320187628     -2267629.990949822590      3221246.177047619596     21.654764668085      0.000000      0.000000      0.000000     30.531208865220    114.355795170950      0.012994     -0.018628      0.031454  1    
441376.00      5009231.790897162631     -2267629.978539359290      3221246.171484351158     21.622087844647      0.000000      0.000000      0.000000     30.531208980800    114.355795192471      0.023805     -0.001924     -0.003507  1    
441377.00      5009231.798327635974     -2267629.978316057008      3221246.176645880099     21.630461268127      0.000000      0.000000      0.000000     30.531208990306    114.355795158421      0.000466      0.007413     -0.010136  1    
441378.00      5009231.796677416191     -2267629.982109474018      3221246.174366966356     21.629356154241      0.000000      0.000000      0.000000     30.531208972320    114.355795201522     -0.019825     -0.004664      0.018387  1    
441379.00      5009231.796041940339     -2267629.982925871387      3221246.176405487582     21.630183088593      0.000000      0.000000      0.000000     30.531208989268    114.355795212003      0.001065     -0.006748      0.003130  1    
441380.00      5009231.800647986121     -2267629.979067947716      3221246.176530078985     21.632490293123      0.000000      0.000000      0.000000     30.531208978299    114.355795155587     -0.014463     -0.019534      0.066843  1    
441381.00      5009231.789051881060     -2267629.975114194211      3221246.170931421686     21.619142274372      0.000000      0.000000      0.000000     30.531208990680    114.355795167887     -0.017661     -0.003668      0.004124  1    
441382.00      5009231.791880259290     -2267629.979063802864      3221246.176308992319     21.625496525317      0.000000      0.000000      0.000000     30.531209013190    114.355795193225      0.028250      0.015666     -0.087746  1    
441383.00      5009230.048731696792     -2267630.334348964039      3221245.119663906749     19.847080174834      0.000000      0.000000      0.000000     30.531207408894    114.355806056605      0.016386     -0.017031      0.033720  1    
441384.00      5009230.012749347836     -2267630.319475195836      3221245.108145042788     19.807709860615      0.000000      0.000000      0.000000     30.531207497714    114.355806070038     -0.005560     -0.004409     -0.008310  1    
441385.00      5009231.481562082656     -2267630.312218080740      3221246.229504657909     21.527359679341      0.000000      0.000000      0.000000     30.531210092348    114.355799689279      0.003057      0.027226     -0.072065  1    
441386.00      5009232.455075706355     -2267631.048059471417      3221246.676663163584     22.779817922972      0.000000      0.000000      0.000000     30.531208112061    114.355802490969     -0.019305     -0.021046      0.076763  1    
441387.00      5009231.679029738531     -2267630.739791377448      3221246.215598090552     21.827130733989      0.000000      0.000000      0.000000     30.531208351950    114.355802899540     -0.054513      0.011185     -0.030920  4    
441388.00      5009233.380830991082     -2267631.161203843541      3221247.366224772763     23.896746588871      0.000000      0.000000      0.000000     30.531209391272    114.355799586808     -0.001924      0.013493     -0.044087  1    
441389.00      5009233.399145863019     -2267631.169746350963      3221247.369113024790     23.915619910695      0.000000      0.000000      0.000000     30.531209321113    114.355799589196      0.000357     -0.008621      0.002581  1    
441390.00      5009233.855143782683     -2267631.243672029581      3221247.290041910484     24.259530139156      0.000000      0.000000      0.000000     30.531206663483    114.355798331411      0.020172     -0.021000      0.039262  1    
441391.00      5009233.855862272903     -2267631.248207032681      3221247.292117679026     24.262759379111      0.000000      0.000000      0.000000     30.531206668042    114.355798371373      0.012292      0.012901     -0.066631  1    
441392.00      5009231.275826345198     -2267630.492800124921      3221245.929380382411     21.277601622976      0.000000      0.000000      0.000000     30.531208278092    114.355802287592      0.010170     -0.013204      0.007194  4    
441393.00      5009235.261741270311     -2267631.475899178069      3221247.577630816959     25.591868633404      0.000000      0.000000      0.000000     30.531202587200    114.355794491367      0.011513     -0.004787      0.015031  1    
441394.00      5009230.521793398075     -2267630.170519457664      3221245.533959296532     20.370557972230      0.000000      0.000000      0.000000     30.531208962595    114.355802468549      0.008642     -0.063481      0.102520  1    
441395.00      5009231.400910849683     -2267630.492776017170      3221245.977982171811     21.400436195545      0.000000      0.000000      0.000000     30.531208133585    114.355801749843     -0.010244      0.013117     -0.005200  4    
441396.00      5009231.434826562181     -2267630.500734483823      3221245.981946638320     21.431890663691      0.000000      0.000000      0.000000     30.531208007766    114.355801679646     -0.004487      0.064010     -0.110826  4    
441397.00      5009229.717599039897     -2267629.860115907621      3221245.404403990135     19.563433842734      0.000000      0.000000      0.000000     30.531211899727    114.355802977809      0.003892      0.005706     -0.032691  1    
441398.00      5009235.967947957106     -2267631.427477416582      3221247.060478511266     25.866107090376      0.000000      0.000000      0.000000     30.531195712560    114.355790996964      0.012986     -0.043025      0.044598  1    
441399.00      5009236.017819794826     -2267631.433955993038      3221247.072626070585     25.913713620976      0.000000      0.000000      0.000000     30.531195586507    114.355790844152     -0.021350      0.026819     -0.036775  1    
441400.00      5009235.955436454155     -2267631.421806240454      3221247.052847704384     25.850398347713      0.000000      0.000000      0.000000     30.531195716218    114.355790996895     -0.014488      0.020144     -0.033314  1    
441401.00      5009235.466763460077     -2267631.332530589774      3221247.129293439910     25.474061732180      0.000000      0.000000      0.000000     30.531198518860    114.355792249379      0.025246     -0.020015     -0.017382  1    
441402.00      5009231.574577319436     -2267630.499499002472      3221245.967767087743     21.533910050988      0.000000      0.000000      0.000000     30.531207316537    114.355801067373      0.019508     -0.069488      0.131328  4    
441403.00      5009231.561594936065     -2267630.484883463476      3221245.933820961043     21.501286181621      0.000000      0.000000      0.000000     30.531207134605    114.355800984420      0.016439     -0.013105     -0.008858  4    
441404.00      5009233.091560073197     -2267630.447787845042      3221245.208677842282     22.320285368711      0.000000      0.000000      0.000000     30.531195183747    114.355794057629     -0.003808      0.029676     -0.007233  1    
441405.00      5009233.068081723526     -2267630.438831049483      3221245.200787862297     22.294672214426      0.000000      0.000000      0.000000     30.531195237382    114.355794073497     -0.010603      0.015386      0.022830  1    
441406.00      5009233.075063296594     -2267630.442048795056      3221245.204374202527     22.303115519695      0.000000      0.000000      0.000000     30.531195230021    114.355794074041     -0.005268      0.012504     -0.069299  1    
441407.00      5009231.051869316958     -2267630.466599554755      3221245.854705933947     21.054621650837      0.000000      0.000000      0.000000     30.531208682329    114.355803001279      0.024887     -0.007449      0.000859  1    
441408.00      5009231.064767655917     -2267630.461486978922      3221245.859876065049     21.065553260036      0.000000      0.000000      0.000000     30.531208678316    114.355802897319      0.005103      0.002903     -0.037188  1    
441409.00      5009231.062517379411     -2267630.470187388361      3221245.853669769131     21.063725223765      0.000000      0.000000      0.000000     30.531208623048    114.355802989580      0.021152     -0.067970      0.080996  1    
441410.00      5009231.061166069470     -2267630.453345217742      3221245.865158854518     21.062518670224      0.000000      0.000000      0.000000     30.531208749782    114.355802835509     -0.004269      0.013049      0.022618  1    
441411.00      5009231.465798199177     -2267630.479830308352      3221245.859936758410     21.386786323041      0.000000      0.000000      0.000000     30.531206970009    114.355801348115      0.027977     -0.026486     -0.012194  4    
441412.00      5009234.807703016326     -2267631.267148108687      3221246.231275202706     24.477475557476      0.000000      0.000000      0.000000     30.531194416438    114.355794460872      0.007236      0.002226     -0.036774  1    
441413.00      5009234.815093114972     -2267631.270183776971      3221246.235794742126     24.486648824066      0.000000      0.000000      0.000000     30.531194414966    114.355794457932      0.023264     -0.012945      0.026903  1    
441414.00      5009231.496849734336     -2267630.467141065281      3221245.880218225997     21.416947900318      0.000000      0.000000      0.000000     30.531207021942    114.355801094224     -0.003661      0.011335     -0.050722  4    
441415.00      5009231.491766333580     -2267630.441838038154      3221245.929182657972     21.428845063783      0.000000      0.000000      0.000000     30.531207471414    114.355800875874      0.026161     -0.020658     -0.068752  4    
441416.00      5009231.344590382650     -2267630.517418693285      3221245.657420502044     21.202147758566      0.000000      0.000000      0.000000     30.531205831490    114.355802225792      0.021685      0.016473      0.010371  1    
441417.00      5009231.360420836136     -2267630.522621667944      3221245.648237693124     21.211753101088      0.000000      0.000000      0.000000     30.531205684226    114.355802207155     -0.005061     -0.010472     -0.019477  1    
441418.00      5009231.718955965713     -2267629.966297754552      3221246.153533159290     21.552168174647      0.000000      0.000000      0.000000     30.531209164781    114.355795385415      0.031506     -0.024525     -0.025427  1    
441419.00      5009231.719936510548     -2267629.962939740159      3221246.154214601498     21.552090935409      0.000000      0.000000      0.000000     30.531209172328    114.355795349325      0.001664     -0.022253      0.094094  1    
441420.00      5009231.315571594983     -2267630.512720726430      3221245.637678745668     21.167679100297      0.000000      0.000000      0.000000     30.531205808122    114.355802305897      0.015412      0.002438      0.015889  1    
441421.00      5009234.317939186469     -2267630.867636718787      3221248.215272679925     24.959130714647      0.000000      0.000000      0.000000     30.531212630825    114.355792773068     -0.032098      0.087934     -0.071382  1    
441422.00      5009233.777557412162     -2267631.003272890579      3221247.759088562801     24.351532476954      0.000000      0.000000      0.000000     30.531211085974    114.355796382781     -0.027099      0.058461     -0.106771  1    
441423.00      5009233.803386311047     -2267631.012904623523      3221247.786603579763     24.389199513011      0.000000      0.000000      0.000000     30.531211173730    114.355796363218      0.027887     -0.070123      0.150885  1    
441424.00      5009234.569273486733     -2267631.028396528680      3221247.557505507022     24.879306118004      0.000000      0.000000      0.000000     30.531206167235    114.355793219066      0.007407      0.025131     -0.017104  6    
441425.00      5009233.953139379621     -2267631.057085321285      3221247.246270677075     24.247910632752      0.000000      0.000000      0.000000     30.531206266919    114.355796139086      0.007894     -0.002354     -0.040018  6    
441426.00      5009234.479713454843     -2267631.137330358382      3221247.465668851510     24.801071008667      0.000000      0.000000      0.000000     30.531205621712    114.355794638005     -0.005704      0.013063     -0.015975  6    
441427.00      5009234.650056499988     -2267631.162607830483      3221247.571672402322     24.997567933053      0.000000      0.000000      0.000000     30.531205686447    114.355794145949      0.005351      0.017401     -0.035950  6    
441428.00      5009235.200033333153     -2267631.294060762040      3221247.929604722187     25.657658947632      0.000000      0.000000      0.000000     30.531205923130    114.355793030403     -0.013693      0.008861      0.001530  6    
441429.00      5009233.712945280597     -2267631.229454675689      3221247.224380900152     24.109541199170      0.000000      0.000000      0.000000     30.531206773803    114.355798807513     -0.006512      0.007635     -0.025094  1    
441430.00      5009234.895888671279     -2267631.259765721858      3221247.860704228282     25.371814073995      0.000000      0.000000      0.000000     30.531206722270    114.355794011837      0.000208      0.029382     -0.050942  6    
441431.00      5009234.626630447805     -2267631.174664266873      3221247.741192823276     25.069586033933      0.000000      0.000000      0.000000     30.531207078562    114.355794361065      0.011462      0.017972     -0.024944  6    
441432.00      5009235.208446878940     -2267631.272623356432      3221248.119262918830     25.752993742935      0.000000      0.000000      0.000000     30.531207402087    114.355792790749      0.000863     -0.013172     -0.016642  6    
441433.00      5009236.329986591823     -2267631.595144717488      3221248.611137736589     26.997502500191      0.000000      0.000000      0.000000     30.531205932370    114.355791032809     -0.005734      0.008336     -0.044445  1    
441434.00      5009234.556688539684     -2267631.078824516851      3221247.880246534944     25.051298871636      0.000000      0.000000      0.000000     30.531208632044    114.355793751845     -0.013339     -0.051353      0.111178  6    
441435.00      5009231.063035164028     -2267629.529495847411      3221248.415704491083     22.031509556808      0.000000      0.000000      0.000000     30.531230304573    114.355794057641      0.021263      0.003825     -0.065678  1    
441436.00      5009238.075846520253     -2267632.193520399742      3221250.214932368137     29.394765190780      0.000000      0.000000      0.000000     30.531209974281    114.355789210611      0.010650     -0.000165     -0.010607  1    
441437.00      5009231.068325637840     -2267629.141433536541      3221248.167190924287     21.771565382369      0.000000      0.000000      0.000000     30.531229084984    114.355790351142      0.002677      0.176438     -0.547910  1    
441438.00      5009232.264430630952     -2267630.367835115641      3221247.561137492768     22.837908077985      0.000000      0.000000      0.000000     30.531217065396    114.355796853048      0.020280      0.037819     -0.061241  1    
441439.00      5009235.420042692684     -2267631.053403359372      3221248.463972358499     26.016274704598      0.000000      0.000000      0.000000     30.531209611304    114.355789800477     -0.001591      0.007623     -0.018319  1    
441440.00      5009235.426647953689     -2267631.059975268785      3221248.461369619239     26.022470097058      0.000000      0.000000      0.000000     30.531209551089    114.355789834478     -0.043243     -0.009238     -0.015190  1    
441441.00      5009233.805412463844     -2267630.717148675583      3221247.629982978106     24.206165570766      0.000000      0.000000      0.000000     30.531210507302    114.355793546987      0.009487     -0.013579      0.005197  5    
441442.00      5009231.536058189347     -2267629.526723244693      3221246.165655334946     21.258660459891      0.000000      0.000000      0.000000     30.531210853172    114.355791998620     -0.013789      0.025482     -0.012187  1    
441443.00      5009234.267905240878     -2267630.877218384296      3221248.184408733156     24.907593886368      0.000000      0.000000      0.000000     30.531212581785    114.355793079032      0.015460     -0.022211      0.010600  1    
441444.00      5009234.214600594714     -2267630.858700517099      3221248.162865933031     24.848244165070      0.000000      0.000000      0.000000     30.531212671922    114.355793132311      0.003527      0.049638     -0.056971  1    
441445.00      5009234.228192885406     -2267630.873797580600      3221248.167386773042     24.866569403559      0.000000      0.000000      0.000000     30.531212621776    114.355793217214      0.000536      0.033851     -0.052093  1    
441446.00      5009234.247496758588     -2267630.882904532366      3221248.157804921735     24.880084383301      0.000000      0.000000      0.000000     30.531212449535    114.355793220710      0.030802     -0.051465      0.043132  1    
441447.00      5009234.266389793716     -2267630.884423812386      3221248.175593604799     24.904486105777      0.000000      0.000000      0.000000     30.531212506005    114.355793153944      0.031600      0.009233     -0.112577  1    
441448.00      5009233.696985129267     -2267630.696346799377      3221247.635705472901     24.116601051763      0.000000      0.000000      0.000000     30.531211043707    114.355793815461      0.024314      0.019774     -0.037988  5    
441449.00      5009233.512977790087     -2267630.701738532167      3221247.348668059334     23.828309664503      0.000000      0.000000      0.000000     30.531209571496    114.355794657369      0.003589     -0.392076     -0.116761  5    
441450.00      5009232.122629728168     -2267630.541112143081      3221246.320255237631     22.157812100835      0.000000      0.000000      0.000000     30.531207688731    114.355799107272      0.447040     -0.709099      0.742026  5    
441451.00      5009231.624464169145     -2267629.940560594201      3221245.558899797499     21.166800326668      0.000000      0.000000      0.000000     30.531204987810    114.355795547155     -0.003928     -0.867357      0.009931  6    
441452.00      5009231.569363638759     -2267629.805768728256      3221244.865095719695     20.723224369809      0.000000      0.000000      0.000000     30.531200081969    114.355794504396      0.104373     -0.484691     -0.095746  6    
441453.00      5009233.011398497969     -2267631.057179337367      3221244.565471395850     22.147099527530      0.000000      0.000000      0.000000     30.531189369315    114.355800186880      0.043455     -1.059564     -0.216851  6    
441454.00      5009233.915530346334     -2267631.717652397230      3221243.899983588606     22.753109404817      0.000000      0.000000      0.000000     30.531179176274    114.355802571271      0.066044     -0.845291     -0.021685  6    
441455.00      5009234.587013285607     -2267632.161895841360      3221243.133693633601     23.048543178476      0.000000      0.000000      0.000000     30.531169579864    114.355803902809     -0.078253     -1.017505      0.172080  6    
441456.00      5009235.536708690226     -2267632.713384896517      3221242.395818052813     23.614819749258      0.000000      0.000000      0.000000     30.531158840150    114.355805056847      0.020563     -0.817183     -0.092641  6    
441457.00      5009235.832217101008     -2267632.932186530903      3221241.448678983375     23.443273963407      0.000000      0.000000      0.000000     30.531149834161    114.355805863991     -0.060062     -1.244005      0.300579  6    
441458.00      5009235.094184835441     -2267633.068145306781      3221240.349536176771     22.354068035260      0.000000      0.000000      0.000000     30.531144118253    114.355810326120     -0.041284     -1.054593     -0.060935  1    
441459.00      5009235.572435211390     -2267632.971469428390      3221239.156902734190     22.089141298085      0.000000      0.000000      0.000000     30.531133038184    114.355807353241     -0.053801     -0.859927      0.138877  6    
441460.00      5009236.257874019444     -2267633.268558526412      3221238.363012975082     22.329233439639      0.000000      0.000000      0.000000     30.531123447163    114.355807227913      0.024679     -0.994267      0.300397  6    
441461.00      5009236.854921996593     -2267633.567540082149      3221237.505861582235     22.468500884250      0.000000      0.000000      0.000000     30.531113730038    114.355807500389     -0.015179     -1.066926     -0.005801  6    
441462.00      5009237.004769895226     -2267633.495792324655      3221236.533806241117     22.066789167002      0.000000      0.000000      0.000000     30.531105687588    114.355806175374      0.043717     -1.044560      0.046625  6    
441463.00      5009238.479050975293     -2267633.770064442419      3221236.244319938123     23.174017104320      0.000000      0.000000      0.000000     30.531096765673    114.355802443598     -0.053012     -1.036695      0.032832  6    
441464.00      5009238.635767977685     -2267633.879802159965      3221235.150896925479     22.780508290976      0.000000      0.000000      0.000000     30.531087408603    114.355802811852      0.052430     -1.158816     -0.082624  6    
441465.00      5009239.141149453819     -2267634.141352200881      3221234.284295275807     22.829748813994      0.000000      0.000000      0.000000     30.531078071454    114.355803122916      0.079862     -1.226573     -0.118695  6    
441466.00      5009239.745267968625     -2267634.401941008866      3221233.481018122286     22.988295716234      0.000000      0.000000      0.000000     30.531068815949    114.355803000557     -0.013728     -0.763116     -0.066439  6    
441467.00      5009237.704128235579     -2267633.784699015319      3221231.794837340713     20.310775167309      0.000000      0.000000      0.000000     30.531065402174    114.355805912558     -0.014456     -1.039941      0.272706  6    
441468.00      5009239.916845370084     -2267634.579995787703      3221231.469585074112     22.164362171665      0.000000      0.000000      0.000000     30.531052135154    114.355803953465      0.080551     -1.194716     -0.368764  6    
441469.00      5009240.559812234715     -2267635.063463689759      3221230.584786495194     22.391152358614      0.000000      0.000000      0.000000     30.531041662897    114.355805779888      0.033708     -0.965310     -0.078125  6    
441470.00      5009240.658051583916     -2267635.055114612915      3221229.759660742246     22.046106475405      0.000000      0.000000      0.000000     30.531034857662    114.355805278474      0.030215     -0.777792      0.045799  5    
441471.00      5009241.291623650119     -2267635.307231324725      3221229.214831450023     22.356049498543      0.000000      0.000000      0.000000     30.531027503255    114.355804949122     -0.076277     -0.941756     -0.334702  5    
441472.00      5009241.633133165538     -2267635.523070969619      3221228.406956496648     22.290297525004      0.000000      0.000000      0.000000     30.531019392855    114.355805530470     -0.034604     -0.871671     -0.140662  5    
441473.00      5009241.407995617017     -2267635.470809794031      3221227.388355190866     21.577614406124      0.000000      0.000000      0.000000     30.531012517309    114.355806001843     -0.000688     -0.825923      0.583645  5    
441474.00      5009241.611352931708     -2267635.639688803814      3221226.693269896321     21.444071353413      0.000000      0.000000      0.000000     30.531005948702    114.355806731082      0.037686     -0.852882     -0.204455  5    
441475.00      5009241.791431728750     -2267635.777961555868      3221225.932048579678     21.247792355716      0.000000      0.000000      0.000000     30.530999021258    114.355807269819     -0.081533     -0.726569     -0.008017  5    
441476.00      5009241.079712746665     -2267635.675843552686      3221224.305595329031     19.826789376326      0.000000      0.000000      0.000000     30.530989548380    114.355809358879     -0.028327     -1.004131      0.390922  6    
441477.00      5009241.176263008267     -2267635.859623225406      3221223.185193889309     19.398666268215      0.000000      0.000000      0.000000     30.530980092932    114.355810688542      0.140842     -1.079268      0.098600  6    
441478.00      5009240.360433190130     -2267635.427494469099      3221221.903179691639     17.953716890886      0.000000      0.000000      0.000000     30.530974354462    114.355810092302      0.286667     -1.067960      0.084747  1    
441479.00      5009241.776481037959     -2267636.468672267161      3221221.446917450521     19.202952445485      0.000000      0.000000      0.000000     30.530962930605    114.355813890768      0.741427     -0.892976     -0.042615  5    
441480.00      5009241.673114803620     -2267637.372122830246      3221220.851603805088     19.140347517096      0.000000      0.000000      0.000000     30.530957029440    114.355822911134      1.035630     -0.440608     -0.110594  5    
441481.00      5009241.524211033247     -2267638.129798613023      3221220.563502488192     19.146291874349      0.000000      0.000000      0.000000     30.530953980774    114.355830743391      0.631232     -0.219568     -0.380993  5    
441482.00      5009240.358059161343     -2267638.605707169976      3221220.101295493077     18.165468967520      0.000000      0.000000      0.000000     30.530954358346    114.355840272293      0.827938     -0.127278      0.167270  1    
441483.00      5009240.885363233276     -2267639.426375043578      3221220.612616689410     19.130516972393      0.000000      0.000000      0.000000     30.530954579027    114.355845796677      0.830057      0.211871      0.179219  1    
441484.00      5009240.070342262276     -2267640.305742436089      3221220.504901435226     18.748627004214      0.000000      0.000000      0.000000     30.530955482630    114.355857646590      0.858365      0.305499     -0.150719  5    
441485.00      5009239.963699943386     -2267641.101504149847      3221220.706506049260     19.050035687163      0.000000      0.000000      0.000000     30.530955990403    114.355865658775      1.090980     -0.064850      0.078992  6    
441486.00      5009239.586906125769     -2267641.987208226230      3221220.750332733151     19.091255791485      0.000000      0.000000      0.000000     30.530956230076    114.355875685666      1.042581     -0.215204      0.027569  1    
441487.00      5009240.200481971726     -2267643.020207103807      3221220.681107855402     19.904506917112      0.000000      0.000000      0.000000     30.530951178732    114.355882854901      0.765781     -0.021523      0.063365  5    
441488.00      5009238.562070513144     -2267643.376531030051      3221219.873000453692     18.334906539880      0.000000      0.000000      0.000000     30.530951066214    114.355893278056      0.915882     -0.006080      0.172371  5    
441489.00      5009239.252194941975     -2267644.833771938458      3221220.480970769189     19.702944549732      0.000000      0.000000      0.000000     30.530950155156    114.355904145533      1.053119     -0.024618      0.041066  5    
441490.00      5009239.168149397708     -2267646.236624186393      3221220.618245075457     20.205059566535      0.000000      0.000000      0.000000     30.530948921516    114.355917823527      0.977311      0.027755      0.056409  5    
441491.00      5009238.536666669883     -2267647.662845144980      3221220.379284095485     20.094775750302      0.000000      0.000000      0.000000     30.530947005778    114.355934075834      1.034164      0.118655     -0.051223  5    
441492.00      5009238.099840193987     -2267648.636882916559      3221220.410454211757     20.113838367164      0.000000      0.000000      0.000000     30.530947230785    114.355945199221      1.240192      0.157455     -0.028887  5    
441493.00      5009236.545575297438     -2267648.916865211446      3221219.919890792109     18.744463278912      0.000000      0.000000      0.000000     30.530949378458    114.355954536103      0.798649     -0.025688      0.118407  5    
441494.00      5009236.167995004915     -2267649.465956978034      3221220.594151083846     18.985756554641      0.000000      0.000000      0.000000     30.530955155762    114.355961371021      0.970769      0.051413     -0.071327  5    
441495.00      5009235.267644146457     -2267650.670160689391      3221219.806575543247     18.306929559447      0.000000      0.000000      0.000000     30.530950519436    114.355976671195      1.282730     -0.057777     -0.179378  5    
441496.00      5009236.320243624970     -2267651.829563728534      3221220.884343014564     20.092259921134      0.000000      0.000000      0.000000     30.530952308216    114.355983153720      1.100324      0.033906     -0.132170  5    
441497.00      5009236.611337452196     -2267653.412531719543      3221221.235143537167     21.061200509779      0.000000      0.000000      0.000000     30.530950827193    114.355996929406      0.998382     -0.091727      0.078183  5    
441498.00      5009235.014726097696     -2267653.731592977419      3221220.546684020199     19.571947034448      0.000000      0.000000      0.000000     30.530951540208    114.356006819238      1.036555     -0.182236     -0.037349  6    
441499.00      5009232.608514941297     -2267653.943239009939      3221220.268706887029     17.617774846032      0.000000      0.000000      0.000000     30.530959025180    114.356019168497      0.848065     -0.142905      0.018744  6    
441500.00      5009234.177108808421     -2267655.609553619288      3221220.616740327794     19.617364838719      0.000000      0.000000      0.000000     30.530952032231    114.356028245582      0.934320     -0.097113     -0.026065  6    
441501.00      5009234.515057824552     -2267656.633048600983      3221221.210434170440     20.547723827884      0.000000      0.000000      0.000000     30.530953300074    114.356036509020      1.171243      0.172391      0.027494  6    
441502.00      5009234.179570949636     -2267657.577991873957      3221221.279002755880     20.654972114600      0.000000      0.000000      0.000000     30.530953447585    114.356046920737      1.159051      0.015641     -0.130752  6    
441503.00      5009228.365433393046     -2267657.681632834487      3221217.388617057819     14.153136294335      0.000000      0.000000      0.000000     30.530947295937    114.356072889616      0.580834     -0.008362     -0.009426  6    
441504.00      5009230.806167220697     -2267658.860593088903      3221219.357793992385     17.487515336834      0.000000      0.000000      0.000000     30.530950178923    114.356073592546      1.022683      0.007658     -0.000939  6    
441505.00      5009234.941711826250     -2267660.286703716498      3221222.545027660672     22.858375010081      0.000000      0.000000      0.000000     30.530954983723    114.356069358495      0.847551     -0.033920     -0.047394  6    
441506.00      5009231.230018921196     -2267660.291919357143      3221220.922476703767     19.123421387747      0.000000      0.000000      0.000000     30.530957861677    114.356085358238      0.735639     -0.125159      0.168110  6    
441507.00      5009231.966779470444     -2267661.946135532111      3221220.922339159995     20.289107589051      0.000000      0.000000      0.000000     30.530951658909    114.356097895083      1.260223     -0.163001      0.021233  5    
441508.00      5009231.263511514291     -2267663.072423520964      3221220.645183428191     19.996550704353      0.000000      0.000000      0.000000     30.530950312863    114.356111608710      1.149713      0.035131      0.013867  5    
441509.00      5009230.822167673148     -2267663.716563181020      3221221.458993375301     20.292466151528      0.000000      0.000000      0.000000     30.530957260967    114.356119619898      0.895271     -0.031645      0.620029  6    
441510.00      5009232.226338930428     -2267665.494171364699      3221221.967821536120     22.284255044535      0.000000      0.000000      0.000000     30.530951993390    114.356130459986      1.348356     -0.029323      0.000999  5    
441511.00      5009229.207616920583     -2267665.782977507915      3221220.285913607571     19.163658862002      0.000000      0.000000      0.000000     30.530950981430    114.356146173889      1.168228     -0.140659      0.205873  6    
441512.00      5009229.055967247114     -2267667.386669144966      3221220.334463857114     19.639001978561      0.000000      0.000000      0.000000     30.530948961081    114.356162048877      1.117964      0.024689     -0.169378  1    
441513.00      5009235.687279203907     -2267669.363764908630      3221225.509466559626     28.173794541508      0.000000      0.000000      0.000000     30.530957750311    114.356152320002      1.148455      0.184265      0.209498  6    
441514.00      5009232.101027475670     -2267669.986216018908      3221223.514165565372     24.567177439108      0.000000      0.000000      0.000000     30.530956042035    114.356173639926      1.475812      0.344902     -0.258202  6    
441515.00      5009230.027477485128     -2267670.877348785754      3221222.526933951769     22.755115130916      0.000000      0.000000      0.000000     30.530955343574    114.356191009826      1.182120     -0.146182      0.403527  6    
441516.00      5009229.191648147069     -2267671.869426455349      3221222.283120200038     22.327802367508      0.000000      0.000000      0.000000     30.530955063578    114.356204019097      1.276024      0.026899      0.130208  6    
441517.00      5009227.042980859056     -2267672.444899090566      3221221.455536824651     20.425766733475      0.000000      0.000000      0.000000     30.530956515625    114.356218715360      1.250421      0.116982      0.093034  6    
441518.00      5009226.655412254855     -2267673.559155279770      3221221.589527910575     20.585529502481      0.000000      0.000000      0.000000     30.530957068879    114.356230958117      1.378331      0.125648     -0.136013  6    
441519.00      5009225.944788229652     -2267674.836912454572      3221221.446504939348     20.409149384126      0.000000      0.000000      0.000000     30.530956509444    114.356246141204      1.432679      0.106066      0.070957  6    
441520.00      5009225.328360278159     -2267675.811508400831      3221221.456233944744     20.276591074653      0.000000      0.000000      0.000000     30.530957316524    114.356258041696      0.941186     -0.063938     -0.218731  6    
441521.00      5009222.843319036067     -2267676.193485271186      3221221.069320060313     18.265732467175      0.000000      0.000000      0.000000     30.530963962260    114.356272346702      1.068551     -0.156930      0.182637  6    
441522.00      5009222.109456608072     -2267677.256030592602      3221220.925615184009     17.994321929291      0.000000      0.000000      0.000000     30.530963901236    114.356285586727      1.291121     -0.127598     -0.269856  6    
441523.00      5009221.677066801116     -2267678.323181062471      3221220.955759862904     18.049427209422      0.000000      0.000000      0.000000     30.530963923761    114.356297574941      1.351199     -0.291008      0.186743  6    
441524.00      5009221.283120976761     -2267679.338092183694      3221220.696022547316     17.968881182373      0.000000      0.000000      0.000000     30.530961632248    114.356308902058      1.150380     -0.134987     -0.048321  6    
441525.00      5009220.220408887602     -2267680.279577368870      3221220.297797525767     17.267123813741      0.000000      0.000000      0.000000     30.530961195249    114.356322406081      1.124103     -0.201290     -0.187505  6    
441526.00      5009220.777387288399     -2267681.422846214846      3221219.809595635161     17.862297364511      0.000000      0.000000      0.000000     30.530952916460    114.356330865212      1.136500     -0.230244     -0.453441  6    
441527.00      5009219.957965021953     -2267682.178344908170      3221219.105825063772     17.130161598325      0.000000      0.000000      0.000000     30.530949441349    114.356341558232      1.385461      0.021170      0.124202  6    
441528.00      5009219.912010601722     -2267683.508444798179      3221219.968488073908     18.004831289873      0.000000      0.000000      0.000000     30.530953822141    114.356354381888      1.324458      0.290999      0.087812  6    
441529.00      5009219.857650455087     -2267684.754741808400      3221220.427620299160     18.638140697032      0.000000      0.000000      0.000000     30.530955261106    114.356366446152      0.989043      0.084801      0.248587  6    
441530.00      5009219.410406824201     -2267685.950251460075      3221220.413131374866     18.704514968209      0.000000      0.000000      0.000000     30.530954756271    114.356379716663      0.976463      0.459631      0.610162  6    
441531.00      5009217.970202572644     -2267686.293483186048      3221221.364703639410     18.179727080278      0.000000      0.000000      0.000000     30.530967513103    114.356389163897      1.058811      0.650591     -0.173296  6    
441532.00      5009220.440004284494     -2267687.777707253583      3221221.530802519526     20.729384758510      0.000000      0.000000      0.000000     30.530955688603    114.356392639517      0.923055      0.840232      0.563863  6    
441533.00      5009217.317454643548     -2267687.001898333896      3221222.212256865110     18.349733292125      0.000000      0.000000      0.000000     30.530975484399    114.356398693718      0.614855      1.184227      0.213764  6    
441534.00      5009216.765422858298     -2267687.110700132791      3221222.946171153802     18.328039742075      0.000000      0.000000      0.000000     30.530983285475    114.356402098808      0.113078      1.239811     -0.158514  6    
441535.00      5009214.478196503595     -2267686.841957181692      3221223.292479590513     16.613731491379      0.000000      0.000000      0.000000     30.530996032027    114.356409376741      0.153437      1.337270     -0.204191  6    
441536.00      5009216.168845334090     -2267687.862412610557      3221226.335833153687     19.848906123079      0.000000      0.000000      0.000000     30.531010691695    114.356411798253     -0.145736      1.190927      0.807571  6    
441537.00      5009218.509370879270     -2267688.641966695897      3221227.681661019102     22.646107002161      0.000000      0.000000      0.000000     30.531009904575    114.356409140226     -0.011836      1.091986     -0.498573  6    
441538.00      5009215.226762312464     -2267687.174929936416      3221228.433376757428     19.931007491425      0.000000      0.000000      0.000000     30.531032220739    114.356409320684     -0.276070      1.253837      0.597193  6    
441539.00      5009216.954080332071     -2267688.504952982999      3221229.620237669908     22.361817913130      0.000000      0.000000      0.000000     30.531031718045    114.356414523232     -0.224274      0.675310     -0.399758  6    
441540.00      5009222.147234281525     -2267689.191318118013      3221228.239074819721     25.979025064036      0.000000      0.000000      0.000000     30.530998011104    114.356398721861     -0.141293      1.118873      0.330466  6    
441541.00      5009217.862740859389     -2267688.636926403735      3221231.479259242769     24.066109709442      0.000000      0.000000      0.000000     30.531042119336    114.356411871176     -0.490092      1.190710      0.984194  6    
441542.00      5009218.947959377430     -2267687.965832042973      3221233.251398148015     25.579532901756      0.000000      0.000000      0.000000     30.531052626176    114.356400837153      0.285097      1.703756     -1.366048  6    
441543.00      5009214.346016664989     -2267686.404937588610      3221233.260517642368     21.418580858968      0.000000      0.000000      0.000000     30.531074857585    114.356405796289     -0.068433      0.736411      1.066466  6    
441544.00      5009210.458472049795     -2267684.418150224257      3221232.837444696110     17.447364544496      0.000000      0.000000      0.000000     30.531091553653    114.356403642554     -0.063258      1.541106      0.146826  6    
441545.00      5009219.833082791418     -2267688.322618241422      3221234.340122730006     26.953901497647      0.000000      0.000000      0.000000     30.531056715951    114.356400420314      0.398695      1.489358     -2.342763  6    
441546.00      5009216.994353149086     -2267686.399275632575      3221233.094452241901     23.410334264860      0.000000      0.000000      0.000000     30.531062522560    114.356394361712      0.020839      1.235135      0.130502  6    
441547.00      5009213.334194192663     -2267685.145224155858      3221235.638252326753     21.385025073774      0.000000      0.000000      0.000000     30.531099936131    114.356398186423     -0.056462      1.102236      0.352232  6    
441548.00      5009212.571133954450     -2267685.076418425888      3221237.950438741595     21.936421424150      0.000000      0.000000      0.000000     30.531121216348    114.356400812413      0.250588      1.343353     -0.337990  6    
441549.00      5009214.705172434449     -2267686.192858442664      3221240.031011486892     25.064521311782      0.000000      0.000000      0.000000     30.531126363189    114.356402239677      0.250588      1.343353     -0.337990  6    
441550.00      5009211.809603163972     -2267686.635073497891      3221240.578284332529     23.227501818910      0.000000      0.000000      0.000000     30.531141867134    114.356418880757      0.060959      1.300296     -0.038792  6    
441551.00      5009212.342319417745     -2267686.261949608568      3221242.870174692012     24.677269465290      0.000000      0.000000      0.000000     30.531158155531    114.356413049549      0.019372      1.338390     -0.096242  6    
441552.00      5009212.425638619810     -2267686.021595196333      3221242.938574375585     24.692015215755      0.000000      0.000000      0.000000     30.531158793377    114.356410409896     -0.033884      1.238466     -0.509994  6    
441553.00      5009212.059560770169     -2267685.914010260720      3221240.783483383246     23.271738973446      0.000000      0.000000      0.000000     30.531143780675    114.356410961795     -0.033884      1.238466     -0.509994  6    
441554.00      5009211.289521289989     -2267685.058443800546      3221240.619940088596     22.280490558594      0.000000      0.000000      0.000000     30.531147341396    114.356406149329     -0.317029      0.808747      2.187305  6    
441555.00      5009210.100375037640     -2267683.748479483183      3221241.042931700125     21.096920187585      0.000000      0.000000      0.000000     30.531158067554    114.356398824467     -0.317029      0.808747      2.187305  6    
441556.00      5009208.492122014053     -2267681.984117308166      3221242.052458217833     19.721028387547      0.000000      0.000000      0.000000     30.531175959153    114.356388987204     -0.317029      0.808746      2.187306  6    
441557.00      5009206.464762220159     -2267679.765357275959      3221243.648519642185     18.152816010639      0.000000      0.000000      0.000000     30.531201016199    114.356376637534     -0.317028      0.808745      2.187306  6    
441558.00      5009204.018295653164     -2267677.092199386097      3221245.831115973182     16.392284231260      0.000000      0.000000      0.000000     30.531233238699    114.356361775451     -0.317028      0.808744      2.187307  6    
441559.00      5009201.152722315863     -2267673.964643639047      3221248.600247209892     14.439434552565      0.000000      0.000000      0.000000     30.531272626661    114.356344400943     -0.317028      0.808742      2.187307  6    
441560.00      5009199.405944459140     -2267673.445313840639      3221249.528539791238     13.355854286812      0.000000      0.000000      0.000000     30.531288112538    114.356346977635     -0.270617      1.205733      0.518985  6    
441561.00      5009197.679460475221     -2267673.346621557605      3221250.349831975531     12.383265014738      0.000000      0.000000      0.000000     30.531301887424    114.356353460100     -0.270617      1.205733      0.518986  6    
441562.00      5009195.973270363174     -2267673.668566790875      3221251.064123762771     11.521666707471      0.000000      0.000000      0.000000     30.531313951315    114.356363848343     -0.270617      1.205733      0.518986  6    
441563.00      5009194.287374123000     -2267674.411149539519      3221251.671415152494     10.771059421822      0.000000      0.000000      0.000000     30.531324304211    114.356378142364     -0.270617      1.205733      0.518986  6    
441564.00      5009192.621771755628     -2267675.574369804468      3221252.171706145629     10.131443297490      0.000000      0.000000      0.000000     30.531332946109    114.356396342166     -0.270617      1.205733      0.518986  6    
441565.00      5009190.976463260129     -2267677.158227584790      3221252.564996741246      9.602818552405      0.000000      0.000000      0.000000     30.531339877006    114.356418447747     -0.270617      1.205733      0.518986  6    
441566.00      5009201.465396063402     -2267680.845919448882      3221258.088163301814     21.949175041169      0.000000      0.000000      0.000000     30.531332034373    114.356408379033      0.040846      0.959261     -0.101670  6    
441567.00      5009204.926461160183     -2267680.120271009393      3221259.168816266116     24.956244828179      0.000000      0.000000      0.000000     30.531327353652    114.356386617243     -0.142350      1.126977      0.032840  6    
441568.00      5009196.658492451534     -2267677.412531803362      3221258.208483337425     17.018727703951      0.000000      0.000000      0.000000     30.531359524255    114.356396443995     -0.066938      1.167313     -0.156695  6    
441569.00      5009194.485998003744     -2267677.685868192464      3221257.863289023750     15.235730617307      0.000000      0.000000      0.000000     30.531365394825    114.356408374701      0.059618      1.310609     -0.807444  6    
441570.00      5009191.578685562126     -2267677.980173047632      3221258.508905953262     13.386921181343      0.000000      0.000000      0.000000     30.531381991503    114.356423662249      0.156925      1.098897     -0.447420  6    
441571.00      5009195.096083238721     -2267677.577656991314      3221259.843464818783     16.681966992095      0.000000      0.000000      0.000000     30.531378437676    114.356404725724     -0.827489      1.262952      1.982325  6    
441572.00      5009206.826025101356     -2267680.862854272593      3221266.115851389710     30.239762090147      0.000000      0.000000      0.000000     30.531371996120    114.356385503237      0.243046      1.213641      0.094660  6    
441573.00      5009207.033205438405     -2267680.826123306528      3221267.150464754086     30.914880316705      0.000000      0.000000      0.000000     30.531379239167    114.356384264235      0.013979      1.000630     -0.553388  6    
441574.00      5009195.717624248005     -2267677.467464093119      3221262.947304911911     18.707322149538      0.000000      0.000000      0.000000     30.531400166858    114.356401008707      0.013979      1.000630     -0.553388  6    
441575.00      5009192.569827007130     -2267676.457453365438      3221262.547680126503     15.675480769947      0.000000      0.000000      0.000000     30.531412111276    114.356404948234     -0.300293      1.123760      0.481402  6    
441576.00      5009191.026298555546     -2267675.905898880213      3221262.937820976134     14.466558244079      0.000000      0.000000      0.000000     30.531422628376    114.356406345611     -0.300293      1.123760      0.481402  6    
441577.00      5009191.087038893253     -2267675.812800636049      3221264.117727461271     15.080554473214      0.000000      0.000000      0.000000     30.531431718149    114.356405200834     -0.300293      1.123760      0.481402  6    
441578.00      5009192.752048021182     -2267676.178158633411      3221266.087399582379     17.517469391227      0.000000      0.000000      0.000000     30.531439380588    114.356401513903     -0.300293      1.123760      0.481402  6    
441579.00      5009194.926707927138     -2267676.401352779940      3221269.395574012771     20.983774754219      0.000000      0.000000      0.000000     30.531455583737    114.356394287301     -0.198329      1.157013      0.835918  6    
441580.00      5009194.382414905354     -2267677.662627754733      3221271.471458082087     22.059290819801      0.000000      0.000000      0.000000     30.531471601076    114.356408599222     -0.094834      1.049689      0.784837  6    
441581.00      5009196.299728781916     -2267679.180290376768      3221273.579101796262     25.173611980863      0.000000      0.000000      0.000000     30.531477104559    114.356414766513      0.306774      1.036445     -0.339069  6    
441582.00      5009199.173387379386     -2267674.595350204967      3221274.454399103764     26.244489083067      0.000000      0.000000      0.000000     30.531480573781    114.356358893954     -0.606242      1.582690     -0.254281  6    
441583.00      5009195.175155667588     -2267676.230198350269      3221276.033722378314     24.490186552517      0.000000      0.000000      0.000000     30.531506445670    114.356391594913      0.559441      0.566812     -0.840157  6    
441584.00      5009191.881715061143     -2267677.555060648825      3221276.289267433342     22.506315470673      0.000000      0.000000      0.000000     30.531519676003    114.356418324557     -0.188643      1.242999      0.290303  6    
441585.00      5009196.015420444310     -2267679.963463546708      3221278.336538819596     27.645560621284      0.000000      0.000000      0.000000     30.531513774621    114.356423422707      0.014924      1.317017      0.091727  6    
441586.00      5009195.469972710125     -2267680.811511635780      3221279.106865120120     27.910142558627      0.000000      0.000000      0.000000     30.531520434056    114.356433816952     -0.010163      1.621711     -0.018444  6    
441587.00      5009193.207079792395     -2267678.218001575675      3221280.821505917236     26.084243359044      0.000000      0.000000      0.000000     30.531548103928    114.356418922065      0.020335      1.312814     -0.340569  6    
441588.00      5009193.261862101033     -2267678.526849990711      3221280.945600395091     26.299984321930      0.000000      0.000000      0.000000     30.531548255726    114.356421618447     -0.057515      1.230957     -0.146292  6    
441589.00      5009193.762565987185     -2267679.074678966310      3221281.947490658611     27.396458988078      0.000000      0.000000      0.000000     30.531552914466    114.356424667106     -0.082855      1.250846      0.205116  6    
441590.00      5009194.738920575939     -2267678.402410057373      3221284.339865823276     29.139139055274      0.000000      0.000000      0.000000     30.531568696825    114.356414089708     -0.346223      1.082663      0.013239  6    
441591.00      5009194.802211195230     -2267678.493894336279      3221286.100322306622     30.115635390393      0.000000      0.000000      0.000000     30.531581937707    114.356414686157      0.159682      1.543312      0.700268  6    
441592.00      5009192.733298126608     -2267678.909735878464      3221286.216541817412     28.698946663179      0.000000      0.000000      0.000000     30.531590691594    114.356427524501      0.318752      1.440180      0.996586  6    
441593.00      5009190.221142604947     -2267677.007424293552      3221286.719060582109     26.307218305767      0.000000      0.000000      0.000000     30.531608678128    114.356420262113      0.041747      1.358068      0.550200  6    
441594.00      5009188.459738893434     -2267676.353340126108      3221287.282995643560     24.979204174131      0.000000      0.000000      0.000000     30.531621648851    114.356421622504      0.012163      1.135309     -0.149157  6    
441595.00      5009188.513657687232     -2267676.644239017740      3221288.559684448875     25.773425293155      0.000000      0.000000      0.000000     30.531630793332    114.356424152210     -0.065122      1.282683      0.081130  6    
441596.00      5009185.012903168797     -2267674.865533721633      3221289.985317350365     23.118821911514      0.000000      0.000000      0.000000     30.531659845460    114.356422311557     -0.099577      1.280337      0.332073  6    
441597.00      5009184.719438670203     -2267674.878904408310      3221291.069483000785     23.444065805525      0.000000      0.000000      0.000000     30.531669468774    114.356423699609      0.015869      1.509417     -0.333124  6    
441598.00      5009187.365183819085     -2267675.701425018720      3221293.624443258159     27.110287202522      0.000000      0.000000      0.000000     30.531676720435    114.356420137785     -0.048882      1.603656     -0.192919  6    
441599.00      5009186.553814536892     -2267674.603785920423      3221295.074201946612     26.820201288909      0.000000      0.000000      0.000000     30.531693445897    114.356413204983      0.165868      1.221054     -0.129638  6    
441600.00      5009188.932791440748     -2267674.558766808826      3221296.513636173215     29.402213779278      0.000000      0.000000      0.000000     30.531694783549    114.356402554273     -0.101465      1.313593      0.428936  6    
441601.00      5009186.418448824435     -2267673.523091017269      3221297.638860590290     27.632971831597      0.000000      0.000000      0.000000     30.531715979594    114.356403527982     -0.010390      1.399825     -0.342333  6    
441602.00      5009185.777481878176     -2267673.714473258238      3221298.515795903280     27.643495210446      0.000000      0.000000      0.000000     30.531725107071    114.356408099194      0.291867      1.323896     -0.381049  6    
441603.00      5009186.121225001290     -2267674.646981388796      3221299.622880063020     28.806896134280      0.000000      0.000000      0.000000     30.531730511351    114.356415474025     -0.137778      1.298531      0.220806  6    
441604.00      5009186.968753835186     -2267675.097224753350      3221300.713237816002     30.185798599385      0.000000      0.000000      0.000000     30.531734593988    114.356416105901      0.012407      1.469631     -0.218097  6    
441605.00      5009185.707305092365     -2267673.261171950027      3221301.959026665892     29.176617281511      0.000000      0.000000      0.000000     30.531753009063    114.356404097714     -0.082782      1.459003      0.553704  6    
441606.00      5009185.201281840913     -2267673.680640827399      3221302.899480672553     29.406321356073      0.000000      0.000000      0.000000     30.531761635670    114.356410254182     -0.106526      0.997507     -0.354726  6    
441607.00      5009185.068748781458     -2267673.763497524429      3221303.916889475659     29.848617653362      0.000000      0.000000      0.000000     30.531769937162    114.356411610261     -0.265833      1.241759     -0.265601  6    
441608.00      5009185.309705913067     -2267673.509742041118      3221305.011253075674     30.503506129608      0.000000      0.000000      0.000000     30.531777913538    114.356408165951     -0.265833      1.241759     -0.265601  6    
441609.00      5009184.001355269924     -2267672.856251135468      3221306.053941310849     29.774425594136      0.000000      0.000000      0.000000     30.531792711557    114.356407585029      0.317888      1.151946     -0.721870  6    
441610.00      5009181.753322198987     -2267672.323718711734      3221306.360541774426     27.977013635449      0.000000      0.000000      0.000000     30.531805484696    114.356412190505      0.086982      1.420861      0.465985  6    
441611.00      5009177.396113416180     -2267670.391109770164      3221306.940954356920     24.166315768845      0.000000      0.000000      0.000000     30.531831836099    114.356412569389      0.003702      0.807162     -1.018465  6    
441612.00      5009178.542902112007     -2267669.768589102663      3221307.973378058057     25.369535039179      0.000000      0.000000      0.000000     30.531836246670    114.356401731783     -0.166658      1.202947      0.114016  6    
441613.00      5009177.655947625637     -2267669.267996300943      3221308.864027940668     24.948195226490      0.000000      0.000000      0.000000     30.531847815329    114.356400791378      0.079253      0.955813      0.055315  6    
441614.00      5009176.128970449790     -2267668.806397475768      3221309.464826112613     23.891241558827      0.000000      0.000000      0.000000     30.531859730112    114.356402971555     -0.318286      1.915798     -0.554714  6    
441615.00      5009177.540938513353     -2267669.673139032908      3221310.828870649450     26.000041990541      0.000000      0.000000      0.000000     30.531862795726    114.356405131524     -0.061249      1.215405     -0.205936  6    
441616.00      5009175.892878008075     -2267668.397107586265      3221311.009551985189     24.345339449123      0.000000      0.000000      0.000000     30.531873491020    114.356400100858     -0.083145      1.376628     -0.139366  6    
441617.00      5009175.696818541735     -2267668.693002987187      3221312.000041242223     24.799791263416      0.000000      0.000000      0.000000     30.531881445943    114.356403752255      0.164035      0.875146     -0.690065  6    
441618.00      5009173.155975562520     -2267667.813798857387      3221312.048236113042     22.518195458688      0.000000      0.000000      0.000000     30.531894088943    114.356406325193     -0.051477      1.424055     -0.066112  6    
441619.00      5009173.837785469368     -2267667.726581993047      3221313.141059109475     23.577392987907      0.000000      0.000000      0.000000     30.531899898231    114.356402567266     -0.040597      0.808657      0.080992  6    
441620.00      5009172.102974223904     -2267667.146950583905      3221314.076550150756     22.485457813367      0.000000      0.000000      0.000000     30.531915504124    114.356404520137     -0.091257      1.318006      0.089798  6    
441621.00      5009171.810370673425     -2267666.958083106205      3221315.318650017958     22.819774633273      0.000000      0.000000      0.000000     30.531926733109    114.356403984700      0.082066      0.958902     -0.744505  6    
441622.00      5009170.543004071340     -2267666.353902672417      3221314.993923588656     21.445702393539      0.000000      0.000000      0.000000     30.531930642691    114.356403695743      0.062349      0.741359      0.067802  6    
441623.00      5009169.387228071690     -2267666.866339958739      3221315.471125624143     20.963243119419      0.000000      0.000000      0.000000     30.531938206805    114.356413526996     -0.001235      0.056092     -0.124169  6    
441624.00      5009171.480379933491     -2267668.152850230690      3221316.119798147120     23.392250079662      0.000000      0.000000      0.000000     30.531932077310    114.356416744404      0.021390      0.022138     -0.074414  6    
441625.00      5009168.441594326869     -2267666.757459861226      3221315.654138665181     20.275515862741      0.000000      0.000000      0.000000     30.531943782144    114.356416557185     -0.115278      0.645476     -0.149867  6    
441626.00      5009167.520030841231     -2267666.190398318693      3221316.347773999907     19.703322579153      0.000000      0.000000      0.000000     30.531954090201    114.356415134539      0.049846      1.209179     -0.903950  6    
441627.00      5009164.976647847332     -2267665.422122654971      3221317.301005649380     17.918916427530      0.000000      0.000000      0.000000     30.531973565928    114.356418771418      0.454422      0.548281      0.524495  6    
441628.00      5009164.269974617288     -2267665.091617222875      3221318.552099749446     17.882576037198      0.000000      0.000000      0.000000     30.531986861054    114.356418670869     -0.178457      1.327278     -0.530628  6    
441629.00      5009165.340728022158     -2267664.285672497004      3221317.283179763705     17.791848462075      0.000000      0.000000      0.000000     30.531974055266    114.356406418790     -0.131499      1.471236     -0.356962  6    
441630.00      5009162.310348900035     -2267663.364813189954      3221321.699603570160     17.330472572707      0.000000      0.000000      0.000000     30.532022759818    114.356410700044     -0.019004      1.263288     -0.546465  6    
441631.00      5009162.538788365200     -2267664.569239865988      3221322.157855249941     18.170373253524      0.000000      0.000000      0.000000     30.532023090380    114.356421151670     -0.060151      0.755594      0.179337  6    
441632.00      5009162.504795426503     -2267664.086322217248      3221322.884321005084     18.341212352738      0.000000      0.000000      0.000000     30.532029789241    114.356416713535      0.080838      1.095545     -0.243657  6    
441633.00      5009162.140491314232     -2267663.682961670682      3221324.586327658501     18.776717225090      0.000000      0.000000      0.000000     30.532045296177    114.356414450094      0.115555      1.048501      0.136960  6    
441634.00      5009162.510717310011     -2267664.272258273792      3221325.789838305674     19.887970245443      0.000000      0.000000      0.000000     30.532051987661    114.356418453131      0.067458      1.139359      0.148058  6    
441635.00      5009161.762666007504     -2267664.036946740001      3221326.089480050839     19.369621557184      0.000000      0.000000      0.000000     30.532057883272    114.356419434052     -0.083315      0.804431     -0.279565  6    
441636.00      5009161.288352525793     -2267663.455394416582      3221326.458599672653     18.978371948004      0.000000      0.000000      0.000000     30.532063830292    114.356415951835     -0.150539      1.017967      0.585525  6    
441637.00      5009161.729942493141     -2267663.253516581375      3221325.559501571581     18.796407254413      0.000000      0.000000      0.000000     30.532055382766    114.356412137771      0.024365      1.146438      0.052563  6    
441638.00      5009158.489477774128     -2267661.418424777221      3221327.413165475708     16.543491343968      0.000000      0.000000      0.000000     30.532086780657    114.356408643266      0.000367      1.371425     -0.385820  6    
441639.00      5009157.716283597052     -2267660.758505906444      3221328.237476461567     16.121124221943      0.000000      0.000000      0.000000     30.532097660125    114.356405701540     -0.139721      0.020869      0.026573  6    
441640.00      5009156.538361051120     -2267659.873741069809      3221327.651756924577     14.584976991639      0.000000      0.000000      0.000000     30.532099698822    114.356402364685      0.002369     -0.010997     -0.019226  1    
441641.00      5009157.057706347667     -2267659.761616143864      3221328.399654545356     15.332616219297      0.000000      0.000000      0.000000     30.532103553472    114.356399068474     -0.019729     -0.029408      0.010406  1    
441642.00      5009156.981307307258     -2267659.695398169104      3221328.493969941977     15.297058901750      0.000000      0.000000      0.000000     30.532104730340    114.356398768200     -0.002854     -0.003990      0.048770  1    
441643.00      5009158.995672493242     -2267660.694992215838      3221329.313324711286     17.649030650966      0.000000      0.000000      0.000000     30.532100798036    114.356399600574     -0.012137     -0.002034     -0.050122  1    
441644.00      5009159.014143838547     -2267660.718463400379      3221329.337628594600     17.684209316038      0.000000      0.000000      0.000000     30.532100865398    114.356399744002      0.013047      0.005816     -0.065132  1    
441645.00      5009158.934087381698     -2267660.641241704114      3221329.413831587415     17.632671763189      0.000000      0.000000      0.000000     30.532101937604    114.356399354989     -0.006019      0.108626      0.021112  1    
441646.00      5009163.146162693389     -2267661.854861506261      3221330.327233164571     21.832955360413      0.000000      0.000000      0.000000     30.532089156919    114.356392774626     -0.007003     -0.014794     -0.022325  1    
441647.00      5009163.639910296537     -2267661.243283645250      3221329.473207255825     21.569278222509      0.000000      0.000000      0.000000     30.532081616125    114.356384847241      0.007932     -0.008436     -0.060025  1    
441648.00      5009157.170673968270     -2267658.995490680914      3221330.233727021609     16.080858298577      0.000000      0.000000      0.000000     30.532118779646    114.356391310360     -0.016575      0.007449     -0.046134  1    
441649.00      5009159.038201113231     -2267659.491837257985      3221328.451873253100     16.817372138612      0.000000      0.000000      0.000000     30.532096201213    114.356387996551     -0.000038      0.004960     -0.000685  1    
441650.00      5009157.303856611252     -2267660.420684641227      3221328.616951087024     15.870277156122      0.000000      0.000000      0.000000     30.532102968632    114.356404267048      0.000943      0.012913      0.043644  1    
441651.00      5009162.042592141777     -2267662.196973972488      3221329.392384056002     20.613607316278      0.000000      0.000000      0.000000     30.532085854018    114.356400764694     -0.015803      0.001635      0.010751  1    
441652.00      5009162.060199210420     -2267662.198264787439      3221329.379190850072     20.621179397218      0.000000      0.000000      0.000000     30.532085675570    114.356400701283     -0.007755      0.016966      0.041170  1    
441653.00      5009162.044520627707     -2267662.198167182971      3221329.378238531295     20.608358207159      0.000000      0.000000      0.000000     30.532085733808    114.356400767733     -0.018134     -0.001995     -0.004119  1    
441654.00      5009162.074111262336     -2267662.209300383925      3221329.381992429029     20.637439367361      0.000000      0.000000      0.000000     30.532085618404    114.356400746255      0.008621     -0.002401     -0.004444  1    
441655.00      5009161.955663885921     -2267662.145554130897      3221329.575499589089     20.620156893507      0.000000      0.000000      0.000000     30.532087736809    114.356400650143     -0.128013      0.590719     -0.232380  1    
441656.00      5009161.159275707789     -2267661.086024618242      3221329.538692171220     19.600170708261      0.000000      0.000000      0.000000     30.532092777815    114.356394014686     -1.031048      0.818250     -0.376257  4    
441657.00      5009160.027877345681     -2267659.180242968723      3221328.780600797385     17.650267883204      0.000000      0.000000      0.000000     30.532095212620    114.356380785630     -1.103524     -0.505872     -0.000867  6    
441658.00      5009160.510201542638     -2267658.686272306368      3221327.841933449730     17.376404789276      0.000000      0.000000      0.000000     30.532086839623    114.356374023748     -0.744317     -0.728694     -0.255736  6    
441659.00      5009158.398193617351     -2267657.021611792035      3221326.415459398180     14.403134901077      0.000000      0.000000      0.000000     30.532087719388    114.356367297654     -0.637379     -0.940730      0.050478  6    
441660.00      5009158.752977371216     -2267656.431872473564      3221326.943754604552     14.740420977585      0.000000      0.000000      0.000000     30.532091457437    114.356360174752     -0.401702     -0.825785     -0.069929  6    
441661.00      5009161.069781631231     -2267656.709115736187      3221327.095588046592     16.733997964300      0.000000      0.000000      0.000000     30.532082441377    114.356352850339     -0.370548     -1.162046      0.301314  6    
441662.00      5009162.981754007749     -2267657.460952559952      3221326.884929486550     18.394345612265      0.000000      0.000000      0.000000     30.532071402031    114.356351770854      0.049999     -0.880391      0.030759  6    
441663.00      5009163.022357537411     -2267657.914546549320      3221326.063181178179     18.169870712794      0.000000      0.000000      0.000000     30.532063990692    114.356355902222      0.262567     -0.742026      0.046939  6    
441664.00      5009164.152841161937     -2267658.592714053579      3221325.846798065118     19.187919677235      0.000000      0.000000      0.000000     30.532056308517    114.356357481773      0.524644     -0.699149     -0.150347  6    
441665.00      5009163.851642371155     -2267658.951577589847      3221324.638380391058     18.465151544660      0.000000      0.000000      0.000000     30.532047498856    114.356362182745      0.022047     -0.822365     -0.052870  6    
441666.00      5009162.336593821645     -2267659.048866568599      3221323.130905305967     16.545049613342      0.000000      0.000000      0.000000     30.532041927349    114.356369617042     -0.277107     -0.836302     -0.102553  6    
441667.00      5009162.490080531687     -2267659.329626465216      3221321.729577537160     16.053319352679      0.000000      0.000000      0.000000     30.532029868326    114.356371622634     -0.251706     -1.142396      0.005683  6    
441668.00      5009163.274933823384     -2267659.540244854055      3221321.134779646061     16.441829474643      0.000000      0.000000      0.000000     30.532021572518    114.356370249161     -0.270846     -1.227056      0.372789  6    
441669.00      5009163.526495971717     -2267659.980191669427      3221321.126744787209     16.791425881907      0.000000      0.000000      0.000000     30.532019628479    114.356373344407      0.146459     -1.008467      0.078297  6    
441670.00      5009165.170634008013     -2267660.073534896597      3221320.539442788344     17.816351756454      0.000000      0.000000      0.000000     30.532008025364    114.356367164988     -0.236780     -1.267450      0.383936  6    
441671.00      5009164.302620819770     -2267660.279489667621      3221319.181071477011     16.518317407928      0.000000      0.000000      0.000000     30.532000705829    114.356372850257      0.107077     -1.243476     -0.092830  6    
441672.00      5009164.257324530743     -2267660.617114521563      3221318.617965358309     16.316639161669      0.000000      0.000000      0.000000     30.531995881781    114.356376249902      0.016233     -0.965133     -0.036138  6    
441673.00      5009165.449566494673     -2267661.427475261036      3221317.719375965185     17.083534819074      0.000000      0.000000      0.000000     30.531982391538    114.356378818924     -0.022128     -1.338051      0.189083  6    
441674.00      5009167.609213715419     -2267661.793104165234      3221317.452932876535     18.772699479945      0.000000      0.000000      0.000000     30.531970614730    114.356373008902      0.009428     -0.869342     -0.076096  6    
441675.00      5009167.868868740276     -2267662.115905308165      3221315.197880046442     17.945505353622      0.000000      0.000000      0.000000     30.531951399984    114.356374957332      0.348261     -1.362623     -0.011195  6    
441676.00      5009167.803786892444     -2267662.314856310841      3221313.066382407676     16.882269151509      0.000000      0.000000      0.000000     30.531934734908    114.356377125606     -0.108534     -1.322942      0.403022  6    
441677.00      5009169.111337332986     -2267662.746375788469      3221311.332960027270     17.180961518548      0.000000      0.000000      0.000000     30.531914992980    114.356375602858     -0.334039     -1.893547     -0.026241  6    
441678.00      5009173.101427084766     -2267663.695657079574      3221311.183469797950     20.573192496784      0.000000      0.000000      0.000000     30.531895380486    114.356367467187     -0.147013     -1.564941      0.203738  6    
441679.00      5009174.054616910405     -2267663.965045808814      3221309.731132219080     20.679027462378      0.000000      0.000000      0.000000     30.531879608189    114.356365928201     -0.086295     -1.899975      0.305807  6    
441680.00      5009176.446339653805     -2267664.779975620564      3221309.780533877201     22.870360001922      0.000000      0.000000      0.000000     30.531868467456    114.356363385970      0.265741     -1.626373      0.197890  6    
441681.00      5009173.337907182053     -2267664.562077766750      3221306.315412893891     18.593473666348      0.000000      0.000000      0.000000     30.531854933245    114.356374675644      0.190158     -1.529994     -0.066726  6    
441682.00      5009170.195176706649     -2267664.323104363866      3221303.001741161570     14.359126897529      0.000000      0.000000      0.000000     30.531842758719    114.356385912657      0.251892     -0.820640      1.195573  6    
441683.00      5009172.707059013657     -2267664.931747560389      3221303.381032084581     16.739057966508      0.000000      0.000000      0.000000     30.531834069315    114.356380895818      0.131438     -1.277905      0.191085  6    
441684.00      5009174.131340944208     -2267665.765442032367      3221303.220002622344     18.071017931215      0.000000      0.000000      0.000000     30.531825296839    114.356382689171      0.087750     -0.232323     -0.208430  6    
441685.00      5009172.456578921527     -2267665.532959893346      3221301.897826430853     16.002584424801      0.000000      0.000000      0.000000     30.531822454910    114.356387679377     -0.224632     -1.008044     -0.297184  6    
441686.00      5009174.156080252491     -2267665.870863664430      3221302.585428000428     17.805504738353      0.000000      0.000000      0.000000     30.531820063967    114.356383583596      0.191959     -1.393306      0.174530  6    
441687.00      5009174.400453110225     -2267666.634075404610      3221302.322435559705     18.134771037847      0.000000      0.000000      0.000000     30.531815558122    114.356389778396     -0.004889      0.058144      0.024807  6    
441688.00      5009178.083707844839     -2267666.671615680680      3221303.656139150728     21.715846695937      0.000000      0.000000      0.000000     30.531810473400    114.356374306403     -0.001180     -0.046005     -0.069949  6    
441689.00      5009179.141562505625     -2267666.379348256160      3221303.587935311254     22.407459484413      0.000000      0.000000      0.000000     30.531806079723    114.356366985987      0.012548     -0.014233      0.025687  6    
441690.00      5009177.288435135037     -2267665.949816957582      3221302.562518219929     20.279826216400      0.000000      0.000000      0.000000     30.531806660471    114.356370872153     -0.147447     -0.292716     -0.212947  6    
441691.00      5009178.647128941491     -2267666.044264866039      3221303.085323186126     21.645117959008      0.000000      0.000000      0.000000     30.531804871959    114.356365929900      0.023756     -0.574433     -0.147075  6    
441692.00      5009178.606933210045     -2267665.627131763846      3221302.381191028282     21.107688433491      0.000000      0.000000      0.000000     30.531800357281    114.356362142905     -0.102096     -0.767485     -0.153256  6    
441693.00      5009178.468159115873     -2267665.887488080189      3221300.984930883162     20.381957379170      0.000000      0.000000      0.000000     30.531789596247    114.356365210762     -0.050635     -0.963694      0.383561  6    
441694.00      5009179.444734353572     -2267667.505278774537      3221301.076560686342     21.769497744739      0.000000      0.000000      0.000000     30.531783174006    114.356376371291      0.083102     -1.176237      0.207810  6    
441695.00      5009178.544785462320     -2267665.917917966843      3221299.432206122205     19.664085153490      0.000000      0.000000      0.000000     30.531777154867    114.356365170332     -0.252053     -0.974490     -0.145238  6    
441696.00      5009178.005696296692     -2267666.376289295498      3221297.884007344022     18.617386423051      0.000000      0.000000      0.000000     30.531766510262    114.356371838196      0.113975     -1.198821      0.288570  6    
441697.00      5009183.476689791307     -2267667.146270945203      3221298.454321795609     23.473647409119      0.000000      0.000000      0.000000     30.531746647118    114.356355636503     -0.010402     -1.013482     -0.131053  6    
441698.00      5009184.560871083289     -2267667.287468411960      3221297.167543806136     23.720843732357      0.000000      0.000000      0.000000     30.531731856582    114.356352317721     -0.041578     -1.074048      0.014352  6    
441699.00      5009185.661970585585     -2267667.851423978340      3221297.197751430795     24.800540797412      0.000000      0.000000      0.000000     30.531726428877    114.356352939359      0.205907     -1.273127      0.528263  6    
441700.00      5009183.184594800696     -2267666.921109335497      3221294.586114730686     21.199351436459      0.000000      0.000000      0.000000     30.531718237736    114.356354754348     -0.038256     -0.978699     -0.067374  6    
441701.00      5009181.201328869909     -2267666.796677838080      3221292.601190407295     18.590536103584      0.000000      0.000000      0.000000     30.531711330182    114.356362095990     -0.018794     -1.077289     -0.188443  6    
441702.00      5009181.485991221853     -2267667.240074578673      3221291.344548506662     18.333021250553      0.000000      0.000000      0.000000     30.531699540324    114.356365081731     -0.206292     -1.106518     -0.213774  6    
441703.00      5009183.578393061645     -2267667.829309574328      3221291.618797332514     20.323536864482      0.000000      0.000000      0.000000     30.531691822677    114.356361683340      0.095924     -1.345031      0.294698  6    
441704.00      5009186.283581103198     -2267668.940816426650      3221291.903012572788     22.985487118363      0.000000      0.000000      0.000000     30.531680637343    114.356360609359     -0.100224     -1.192266     -0.167616  6    
441705.00      5009186.538118043914     -2267669.547968795989      3221290.949615496211     22.916557539254      0.000000      0.000000      0.000000     30.531671019861    114.356365279042     -0.122987     -1.133577      0.197167  6    
441706.00      5009186.618210583925     -2267670.373507694807      3221289.719661192037     22.647826236673      0.000000      0.000000      0.000000     30.531659569165    114.356372771456      0.072009     -1.319962      0.033573  6    
441707.00      5009193.060362188146     -2267673.192522193305      3221291.160590802319     29.436308108270      0.000000      0.000000      0.000000     30.531638543928    114.356371847224     -0.040088     -1.096956      0.384642  6    
441708.00      5009196.736690339632     -2267674.789862741716      3221291.554525551852     33.088622153737      0.000000      0.000000      0.000000     30.531623238883    114.356371211768     -0.054698     -1.144288     -0.095447  6    
441709.00      5009198.372682404704     -2267675.379839899484      3221291.303775068372     34.454556765966      0.000000      0.000000      0.000000     30.531613346170    114.356369781788     -0.177426     -1.249397     -0.185098  6    
441710.00      5009197.004474761896     -2267673.045354990289      3221289.152051484678     31.458558678627      0.000000      0.000000      0.000000     30.531606751660    114.356353500926     -0.045968     -1.282491      0.302155  6    
441711.00      5009197.681208328344     -2267674.173750291578      3221287.944006552454     31.776719180867      0.000000      0.000000      0.000000     30.531592408147    114.356361304267      0.083691     -1.228332     -0.018178  6    
441712.00      5009199.548176058568     -2267674.902743277606      3221286.165008836892     32.596911012195      0.000000      0.000000      0.000000     30.531569414692    114.356360201339      0.093095     -1.287451     -0.125477  6    
441713.00      5009197.034302596003     -2267673.109966451302      3221283.523501021788     28.645537804812      0.000000      0.000000      0.000000     30.531562773652    114.356353986082     -0.025610     -1.232353      0.203222  6    
441714.00      5009196.484311435372     -2267673.132299561985      3221281.538073655218     27.213277281262      0.000000      0.000000      0.000000     30.531549601496    114.356356561594      0.161899     -0.997567      0.088596  6    
441715.00      5009197.256860230118     -2267673.014100443572      3221279.397116388194     26.689865869470      0.000000      0.000000      0.000000     30.531529965508    114.356352119645     -0.030492     -1.112223     -0.074537  6    
441716.00      5009196.854630202055     -2267672.640229491517      3221278.281479973812     25.674673593603      0.000000      0.000000      0.000000     30.531523683168    114.356350299130      0.107356     -1.316182      0.628414  6    
441717.00      5009197.140819357708     -2267672.766799969599      3221277.029339266941     25.308101573959      0.000000      0.000000      0.000000     30.531512520660    114.356350270767      0.128153     -1.128374     -0.106913  6    
441718.00      5009197.143435664475     -2267673.214061822742      3221276.604164254386     25.253041221760      0.000000      0.000000      0.000000     30.531508361062    114.356354505243      0.216536     -0.954411      0.485575  6    
441719.00      5009198.148389209993     -2267673.662545214873      3221276.396950474475     26.095663948916      0.000000      0.000000      0.000000     30.531501708320    114.356354443911     -0.047965     -0.862476     -0.691951  6    
441720.00      5009199.409173652530     -2267673.915706386790      3221276.002694276627     26.974630200304      0.000000      0.000000      0.000000     30.531492903486    114.356351429048      0.100053     -1.131160      0.571267  6    
441721.00      5009198.076158525422     -2267673.738183361478      3221274.714584911242     25.211192550138      0.000000      0.000000      0.000000     30.531488795638    114.356355472322      0.004909     -1.467767     -0.199634  6    
441722.00      5009197.018329624087     -2267672.554078812711      3221272.949740048032     23.063935276121      0.000000      0.000000      0.000000     30.531481737238    114.356348777852     -0.067228     -1.086950      0.605528  6    
441723.00      5009196.469484971836     -2267673.699496194720      3221271.666701287497     22.388351195492      0.000000      0.000000      0.000000     30.531471895102    114.356362009532      0.372746     -1.140065     -0.376463  6    
441724.00      5009197.001939797774     -2267673.609046102967      3221270.307038873900     22.083307641558      0.000000      0.000000      0.000000     30.531459279270    114.356358862766     -0.099171     -1.181658     -0.081981  6    
441725.00      5009198.914083755575     -2267673.555324057583      3221270.879850064404     23.855655991472      0.000000      0.000000      0.000000     30.531455848976    114.356350135629     -0.006321     -1.216581      0.705713  6    
441726.00      5009200.557233205065     -2267676.334780762438      3221270.455819430761     25.916951030493      0.000000      0.000000      0.000000     30.531440442365    114.356369458939      0.098973     -1.165548      0.338265  6    
441727.00      5009199.544855617918     -2267675.971434173640      3221268.612272868864     24.056936160661      0.000000      0.000000      0.000000     30.531431031645    114.356370360356     -0.174489     -1.162148      0.205136  6    
441728.00      5009199.429157473147     -2267678.653058490716      3221266.699726773426     23.947149913758      0.000000      0.000000      0.000000     30.531411587147    114.356396313365     -0.259441     -1.324318     -0.260049  6    
441729.00      5009205.780118117109     -2267680.252619761508      3221267.711094975006     30.012676393613      0.000000      0.000000      0.000000     30.531389909893    114.356384205117     -0.282131     -1.216565      0.658604  6    
441730.00      5009209.017359128222     -2267679.337140642107      3221265.552338385489     31.131027716212      0.000000      0.000000      0.000000     30.531361353402    114.356361603204     -0.237376     -1.423136     -0.579773  6    
441731.00      5009202.053534321487     -2267676.878879227675      3221260.867207063828     22.413246675394      0.000000      0.000000      0.000000     30.531358668204    114.356368193751      0.133222     -1.203902     -0.202578  6    
441732.00      5009203.342060027644     -2267678.493925291114      3221259.661532339174     23.385558390990      0.000000      0.000000      0.000000     30.531340869473    114.356377987609     -0.035941     -1.112157     -0.065848  6    
441733.00      5009208.251623508520     -2267679.164479520638      3221258.557866915595     26.915570399724      0.000000      0.000000      0.000000     30.531310532133    114.356363254825     -0.223114     -1.210451     -0.191627  6    
441734.00      5009207.136345379055     -2267679.426946006715      3221258.840141598601     26.277057514526      0.000000      0.000000      0.000000     30.531316885031    114.356370539076     -0.077632     -1.265756     -0.468817  6    
441735.00      5009207.740547476336     -2267679.375866656192      3221258.005499335937     26.309017748572      0.000000      0.000000      0.000000     30.531307974478    114.356367457727     -0.399604     -0.908545     -0.152053  6    
441736.00      5009201.786273685284     -2267678.820338400546      3221254.682352901902     19.751231579110      0.000000      0.000000      0.000000     30.531308061069    114.356387771917      0.126680     -1.363478      0.167256  6    
441737.00      5009206.506914330646     -2267680.009947185405      3221254.761550264899     23.918288329616      0.000000      0.000000      0.000000     30.531286721842    114.356378778204      0.047936     -1.479230      0.127835  6    
441738.00      5009205.379424636252     -2267681.575126842130      3221251.848989161663     22.109953069128      0.000000      0.000000      0.000000     30.531265841239    114.356398481166      0.137509     -1.356601      0.321260  6    
441739.00      5009207.253251355141     -2267678.820511538535      3221251.665266169701     22.508468204178      0.000000      0.000000      0.000000     30.531261797174    114.356364280007      0.291510     -1.237299     -0.310352  6    
441740.00      5009215.564698743634     -2267680.714377089869      3221254.139300317038     30.959968570620      0.000000      0.000000      0.000000     30.531242744122    114.356346540655      0.071041     -1.273082      0.233480  6    
441741.00      5009214.982338679023     -2267680.567721744068      3221253.234901762102     29.991457989439      0.000000      0.000000      0.000000     30.531238425532    114.356347651107      0.039800      0.051659     -0.123515  6    
441742.00      5009216.110788465478     -2267682.833096095361      3221254.923372046091     32.539428942837      0.000000      0.000000      0.000000     30.531242552408    114.356364306193     -0.017596     -0.659367      0.165024  6    
441743.00      5009216.733198451810     -2267684.503541644197      3221255.845130164642     34.089482640848      0.000000      0.000000      0.000000     30.531243959010    114.356377488443     -1.174569     -0.401414      2.086698  6    
441744.00      5009216.849568638951     -2267685.579058390576      3221256.000176116824     34.641618861817      0.000000      0.000000      0.000000     30.531242645343    114.356387197866     -1.174570     -0.401414      2.086698  6    
441745.00      5009216.459899025969     -2267686.059646334499      3221255.388509903103     34.195837480947      0.000000      0.000000      0.000000     30.531238611408    114.356393434466     -1.174570     -0.401414      2.086698  6    
441746.00      5009215.564189612865     -2267685.945305476431      3221254.010131523944     32.752138465643      0.000000      0.000000      0.000000     30.531231857202    114.356396198244     -1.174570     -0.401413      2.086698  6    
441747.00      5009208.745427787304     -2267681.279237316456      3221249.794799284544     23.602567422204      0.000000      0.000000      0.000000     30.531236388751    114.356381207469     -1.392337      0.165793     -0.187494  6    
441748.00      5009199.253821117803     -2267674.435520954430      3221243.984658201225     10.771897732280      0.000000      0.000000      0.000000     30.531243802462    114.356357031092     -1.392337      0.165792     -0.187493  6    
441749.00      5009199.418284913525     -2267673.284558080137      3221243.387996167876     10.188984308392      0.000000      0.000000      0.000000     30.531240655175    114.356345398599      0.000000      0.000000      0.000000  6    
441750.00      5009205.129180736840     -2267675.202881463803      3221245.735383887310     16.544208524749      0.000000      0.000000      0.000000     30.531231427944    114.356339066895      0.000000      0.000000      0.000000  6    
441751.00      5009203.883689178154     -2267681.571855224669      3221244.157912736759     17.027973331511      0.000000      0.000000      0.000000     30.531212334764    114.356404877823     -1.206844      0.134697     -0.136611  6    
441752.00      5009210.596661804244     -2267683.421973516233      3221240.296460353769     20.991154026240      0.000000      0.000000      0.000000     30.531150813045    114.356393592336     -1.010991     -0.004251     -0.216209  6    
441753.00      5009215.923404611647     -2267684.103569112252      3221237.710450394079     24.099415839650      0.000000      0.000000      0.000000     30.531107196182    114.356377171608     -1.145008     -0.006341     -0.416234  6    
441754.00      5009219.863917602226     -2267683.616642013192      3221236.399882858153     26.352754606865      0.000000      0.000000      0.000000     30.531081484128    114.356355615638     -1.145008     -0.006342     -0.416234  6    
441755.00      5009222.418200772256     -2267681.961192218121      3221236.364757745527     27.751168130897      0.000000      0.000000      0.000000     30.531073676853    114.356328924415     -1.145008     -0.006342     -0.416233  6    
441756.00      5009223.586254123598     -2267679.137219727971      3221237.605075056665     28.294656196609      0.000000      0.000000      0.000000     30.531083774337    114.356297097918     -1.145008     -0.006342     -0.416233  6    
441757.00      5009223.368077656254     -2267675.144724541809      3221240.120834791567     27.983220558614      0.000000      0.000000      0.000000     30.531111776577    114.356260136117     -1.145009     -0.006343     -0.416232  6    
441758.00      5009221.763671370223     -2267669.983706660569      3221243.912036949769     26.816864949651      0.000000      0.000000      0.000000     30.531157683582    114.356218038971     -1.145009     -0.006343     -0.416232  6    
441759.00      5009218.773035265505     -2267663.654166083783      3221248.978681531269     24.795595076866      0.000000      0.000000      0.000000     30.531221495376    114.356170806430     -1.145009     -0.006343     -0.416231  6    
441760.00      5009224.344092875719     -2267664.523807757534      3221250.198575098068     30.095794342458      0.000000      0.000000      0.000000     30.531206073552    114.356155121071     -1.270045      0.112905      0.159621  6    
441761.00      5009215.745460655540     -2267656.953385457397      3221248.278268544003     19.683762397617      0.000000      0.000000      0.000000     30.531241355223    114.356120208466     -1.222238     -0.282230      0.520404  6    
441762.00      5009224.245355477557     -2267664.629499605857      3221250.361671287566     30.138714742847      0.000000      0.000000      0.000000     30.531207553188    114.356156548674     -1.580555      0.601856     -0.956078  6    
441763.00      5009218.358654960059     -2267655.952408566140      3221250.181483324151     22.345588630065      0.000000      0.000000      0.000000     30.531247125242    114.356099476792     -1.299486      0.238084     -0.470359  6    
441764.00      5009212.500861186534     -2267656.915013871156      3221246.196288250387     16.066458638757      0.000000      0.000000      0.000000     30.531238796231    114.356133787285     -1.353677     -0.144235      0.285196  6    
441765.00      5009212.382946440019     -2267653.070047155488      3221247.445113215595     15.242507264018      0.000000      0.000000      0.000000     30.531256257554    114.356097794887     -0.696111     -0.316809      0.585299  6    
441766.00      5009221.812926286831     -2267662.186751478817      3221250.083310578950     27.220865393057      0.000000      0.000000      0.000000     30.531220160936    114.356143813366     -1.148480     -0.106638     -0.128953  6    
441767.00      5009221.601551163010     -2267657.171664322261      3221250.968462681398     25.723167723976      0.000000      0.000000      0.000000     30.531237398074    114.356097115085     -1.446434      0.201849     -0.075553  6    
441768.00      5009223.299332065508     -2267656.200264501385      3221252.382124013733     27.428486491553      0.000000      0.000000      0.000000     30.531243129972    114.356080598013     -0.985384     -0.048001      0.185628  6    
441769.00      5009223.753766098060     -2267655.599873641971      3221251.184111151844     26.963202021085      0.000000      0.000000      0.000000     30.531233059464    114.356072945852     -1.254525      0.151473     -0.158470  6    
441770.00      5009217.890956612304     -2267653.996970247477      3221250.546025583521     21.469155225903      0.000000      0.000000      0.000000     30.531255605382    114.356082924260     -1.087930     -0.091346      0.387505  6    
441771.00      5009233.367843940854     -2267666.252557409927      3221252.346075961366     38.881706118584      0.000000      0.000000      0.000000     30.531181822058    114.356132753696     -1.782326      0.309576     -0.749574  6    
441772.00      5009229.639733080752     -2267658.523921294138      3221251.082990962081     32.569205473177      0.000000      0.000000      0.000000     30.531202176906    114.356075409143     -1.220816     -0.008646     -0.011124  6    
441773.00      5009226.139846625738     -2267657.033339642920      3221248.520490218420     27.991606750526      0.000000      0.000000      0.000000     30.531199694519    114.356076299586     -1.258853     -0.250942      0.651030  6    
441774.00      5009235.923612392507     -2267663.338536395226      3221252.551933727227     39.956634033471      0.000000      0.000000      0.000000     30.531178259294    114.356094108996     -1.628101     -0.090352     -0.155893  6    
441775.00      5009223.544692592695     -2267646.634918344207      3221249.242769203149     22.628337618895      0.000000      0.000000      0.000000     30.531235790647    114.355988742750     -0.308992     -0.647285      1.707750  6    
441776.00      5009231.053570502438     -2267655.447972241789      3221251.079651375301     32.584276673384      0.000000      0.000000      0.000000     30.531202061756    114.356040134486      0.000000      0.000000      0.000000  6    
441777.00      5009224.386503720656     -2267645.516253150068      3221250.827757177874     23.696708684787      0.000000      0.000000      0.000000     30.531246705243    114.355974506094     -0.696679     -0.243491      0.698502  6    
441778.00      5009231.536124989390     -2267650.912057015114      3221249.998895298690     30.802624907345      0.000000      0.000000      0.000000     30.531200222178    114.355995002825     -1.743393      0.183088     -0.192230  6    
441779.00      5009239.547246582806     -2267657.440145937726      3221248.507709613070     38.650312072597      0.000000      0.000000      0.000000     30.531142857126    114.356022545784     -2.100267      0.148979     -0.663357  6    
441780.00      5009226.419121270999     -2267641.937890149187      3221250.183703832328     23.693379538134      0.000000      0.000000      0.000000     30.531239978312    114.355931803035     -1.384664     -0.521406      0.218054  6    
441781.00      5009221.229622530751     -2267634.193434431683      3221250.487538435962     17.024545961991      0.000000      0.000000      0.000000     30.531278638040    114.355880587887     -1.264237     -0.166868      0.143979  6    
441782.00      5009223.978750361130     -2267634.206778785679      3221249.419213424437     18.643789462745      0.000000      0.000000      0.000000     30.531258836022    114.355868900802     -1.264237     -0.166868      0.143979  6    
441783.00      5009227.505124621093     -2267636.660463595763      3221249.035801452585     22.087743198499      0.000000      0.000000      0.000000     30.531236499180    114.355877039131     -1.434467      0.075044     -0.321421  6    
441784.00      5009227.795394551009     -2267634.547331945971      3221248.038370122202     21.058177609928      0.000000      0.000000      0.000000     30.531231531138    114.355855732421     -1.229966      0.546229     -0.357302  6    
441785.00      5009227.682651748881     -2267632.841083366424      3221247.122041371651     19.898106501438      0.000000      0.000000      0.000000     30.531228106698    114.355840019982     -1.779514     -0.142667     -0.000289  6    
441786.00      5009228.359971413389     -2267632.368469913956      3221247.023326280527     20.211563344114      0.000000      0.000000      0.000000     30.531225405360    114.355832622976     -0.651944      0.075839     -0.122176  6    
441787.00      5009227.615878798999     -2267630.668045231607      3221246.567334366031     18.792000070214      0.000000      0.000000      0.000000     30.531228182138    114.355819678894     -1.329920      0.285481      0.093449  6    
441788.00      5009228.980624843389     -2267628.940977804828      3221247.349365375005     19.646691019647      0.000000      0.000000      0.000000     30.531231824795    114.355797419663     -1.633992      0.153935     -0.245950  6    
441789.00      5009230.961113227531     -2267628.571140028536      3221247.699478223920     21.247253283858      0.000000      0.000000      0.000000     30.531226976327    114.355785398228     -1.626127      0.015127      0.085735  6    
441790.00      5009231.619741117582     -2267627.158124411944      3221247.965046015102     21.397049579769      0.000000      0.000000      0.000000     30.531228960492    114.355769154582     -1.597346     -0.104365      0.187520  1    
441791.00      5009232.987348658964     -2267625.731213397346      3221247.606753330678     21.781316437759      0.000000      0.000000      0.000000     30.531223164106    114.355749732367     -1.381810     -0.087914      0.248193  6    
441792.00      5009234.570293914527     -2267624.980485282373      3221248.295172621030     23.106491313316      0.000000      0.000000      0.000000     30.531223323493    114.355735803610     -1.536818     -0.006782      0.058625  6    
441793.00      5009235.770679868758     -2267625.644576556049      3221248.206553628668     24.239308287390      0.000000      0.000000      0.000000     30.531216368933    114.355736949284     -1.383118      0.115227     -0.201322  6    
441794.00      5009235.036459164694     -2267623.449627471622      3221247.919086873997     22.737439224496      0.000000      0.000000      0.000000     30.531221348394    114.355719268386     -1.298797     -0.037122     -0.033454  6    
441795.00      5009235.365003022365     -2267622.405860668980      3221247.926230896264     22.628105937503      0.000000      0.000000      0.000000     30.531222004855    114.355707948370     -1.341876      0.163294     -0.414776  6    
441796.00      5009234.993240641430     -2267620.450649204198      3221247.890723321587     21.623813998885      0.000000      0.000000      0.000000     30.531226975796    114.355690985650     -1.314825      0.027156     -0.120759  6    
441797.00      5009236.115254770033     -2267619.874053649139      3221247.602879325859     22.153206123970      0.000000      0.000000      0.000000     30.531221145102    114.355680690626     -1.121360     -0.216853      0.188398  6    
441798.00      5009237.053854860365     -2267619.290605728049      3221248.092118767090     22.931004753336      0.000000      0.000000      0.000000     30.531222130656    114.355671118731     -1.116129     -0.092565      0.372930  6    
441799.00      5009236.800718422979     -2267617.931707562879      3221248.841272909194     22.630236417055      0.000000      0.000000      0.000000     30.531231576005    114.355659306877     -1.145614     -0.109870     -0.275474  6    
441800.00      5009237.784967735410     -2267618.109738463536      3221249.489669454284     23.795202589594      0.000000      0.000000      0.000000     30.531232168567    114.355656767325     -1.794124      0.445779     -1.249175  6    
441801.00      5009240.006602797657     -2267619.824698429555      3221250.037308402359     26.425903139636      0.000000      0.000000      0.000000     30.531223908349    114.355663500072     -1.794124      0.445779     -1.249175  6    
441802.00      5009240.386613594368     -2267619.030312250834      3221250.227941064164     26.538755576126      0.000000      0.000000      0.000000     30.531225304318    114.355654326195     -0.975399     -0.041430      0.222252  6    
441803.00      5009239.951336797327     -2267617.075338331051      3221250.146983670071     25.461621059105      0.000000      0.000000      0.000000     30.531230186817    114.355637638665     -0.975399     -0.041431      0.222252  6    
441804.00      5009239.956290776841     -2267615.380166752264      3221249.929961881600     24.753099227324      0.000000      0.000000      0.000000     30.531231683426    114.355621525586     -1.136108      0.036595      0.013206  6    
441805.00      5009239.982969409786     -2267613.471334153321      3221249.531700478401     23.893657044508      0.000000      0.000000      0.000000     30.531232084951    114.355603290923     -1.136108      0.036595      0.013206  6    
441806.00      5009240.031372697093     -2267611.348840535153      3221248.952199460007     22.883294675499      0.000000      0.000000      0.000000     30.531231391390    114.355582934673     -1.136108      0.036595      0.013206  6    
441807.00      5009240.101500635967     -2267609.012685896829      3221248.191458826885     21.722012311220      0.000000      0.000000      0.000000     30.531229602742    114.355560456834     -1.136108      0.036595      0.013207  6    
441808.00      5009240.638795412146     -2267610.167867858894      3221249.888091173023     23.415871512145      0.000000      0.000000      0.000000     30.531238358933    114.355569113791     -0.933199     -0.168667      0.066386  6    
441809.00      5009242.481594166718     -2267611.297982616816      3221249.976640447043     25.308330071159      0.000000      0.000000      0.000000     30.531229218453    114.355571922751     -0.382726     -0.602807      1.197469  6    
441810.00      5009246.872153636068     -2267614.045280961320      3221249.245879190043     29.358245198615      0.000000      0.000000      0.000000     30.531200020480    114.355579134897     -0.715024      0.050076      0.191272  6    
441811.00      5009246.640656978823     -2267611.866009765305      3221249.122866666876     28.339978393167      0.000000      0.000000      0.000000     30.531204149389    114.355559442484     -1.316993      0.082014      0.096138  6    
441812.00      5009246.755181251094     -2267610.087807465345      3221248.518875308335     27.491360016167      0.000000      0.000000      0.000000     30.531202338890    114.355542070373     -1.141610     -0.102540      0.027616  6    
441813.00      5009247.894324328750     -2267609.650021789595      3221248.547163024545     28.244100912474      0.000000      0.000000      0.000000     30.531198630587    114.355533019459     -0.954680     -0.050279      0.057746  6    
441814.00      5009247.163410840556     -2267608.900456809439      3221250.189659565687     28.238696765155      0.000000      0.000000      0.000000     30.531215859836    114.355529044936     -1.151057     -0.030852     -0.025357  6    
441815.00      5009244.793199378997     -2267603.486231608316      3221249.249360062182     23.977885341272      0.000000      0.000000      0.000000     30.531228680142    114.355487834462     -1.336804     -0.146509     -0.048917  6    
441816.00      5009246.181037615985     -2267602.727737062145      3221249.001148521435     24.671391196549      0.000000      0.000000      0.000000     30.531222391412    114.355474670452     -1.145185     -0.135156     -0.213625  6    
441817.00      5009247.135413493030     -2267602.759221734479      3221249.614721963182     25.743170090951      0.000000      0.000000      0.000000     30.531223115054    114.355470868182     -1.119232     -0.107504      0.055605  6    
441818.00      5009247.199243807234     -2267601.419361404143      3221250.130523142405     25.579345135950      0.000000      0.000000      0.000000     30.531229388153    114.355457874956     -1.140896      0.143323      0.290268  6    
441819.00      5009249.298050181009     -2267602.437759074382      3221250.274155789986     27.660990349948      0.000000      0.000000      0.000000     30.531219818060    114.355458523343     -1.323214     -0.283194     -0.110611  6    
441820.00      5009249.677186745219     -2267601.694251011591      3221250.759443633258     27.940919464454      0.000000      0.000000      0.000000     30.531223410869    114.355449836198     -1.135916      0.176837     -0.091881  6    
441821.00      5009249.910341694951     -2267600.343903445639      3221250.716260355897     27.622269513085      0.000000      0.000000      0.000000     30.531224653847    114.355436015801     -1.124498     -0.153006      0.044903  6    
441822.00      5009246.346894806251     -2267593.537343246397      3221249.858770008199     21.972622282803      0.000000      0.000000      0.000000     30.531245729894    114.355386715727     -1.130433     -0.035608     -0.023456  6    
441823.00      5009246.618928004056     -2267592.355248608626      3221250.017658098601     21.846901532263      0.000000      0.000000      0.000000     30.531248062627    114.355374325425     -1.348790      0.060606      0.129650  6    
441824.00      5009247.027374683879     -2267591.278629912529      3221249.716098537669     21.631779862568      0.000000      0.000000      0.000000     30.531246049078    114.355362350184     -0.787988     -0.082861     -0.183753  6    
441825.00      5009247.678956942633     -2267590.367918665521      3221249.457498617470     21.688203043304      0.000000      0.000000      0.000000     30.531243040804    114.355350905062     -0.979936     -0.076994      0.112564  6    
441826.00      5009248.286735642701     -2267589.729867758695      3221248.977358882315     21.694563484751      0.000000      0.000000      0.000000     30.531237978856    114.355342236469     -0.419607     -0.027567      0.101514  6    
441827.00      5009248.387859856710     -2267589.320346872322      3221249.146445788443     21.714344074018      0.000000      0.000000      0.000000     30.531239644333    114.355337914441     -0.556781      0.149277      0.013149  5    
441828.00      5009248.551920390688     -2267588.898051073775      3221249.066817754880     21.652623549104      0.000000      0.000000      0.000000     30.531239138804    114.355333200695     -0.171804     -0.032474      0.089908  5    
441829.00      5009248.296203987673     -2267588.856126707979      3221249.092191275209     21.449961463921      0.000000      0.000000      0.000000     30.531240482673    114.355333901578      0.033965     -0.011865     -0.030182  5    
441830.00      5009247.926765044220     -2267588.587022512220      3221248.928281429689     20.981206107885      0.000000      0.000000      0.000000     30.531241259936    114.355332934585     -0.249132      0.028389     -0.002172  5    
441831.00      5009247.414102496579     -2267587.673745048232      3221248.639053334948     20.107579845935      0.000000      0.000000      0.000000     30.531242878738    114.355326468074     -0.346423     -0.008109     -0.038060  5    
441832.00      5009247.410672801547     -2267587.204011204187      3221249.174002707470     20.209789928049      0.000000      0.000000      0.000000     30.531247937074    114.355322023745     -0.732881      0.032381      0.188653  1    
441833.00      5009247.149964339100     -2267586.098733490333      3221248.471991440747     19.255972423591      0.000000      0.000000      0.000000     30.531245659748    114.355312651928     -0.943967      0.074306     -0.036268  1    
441834.00      5009247.445126321167     -2267585.255459514447      3221248.289830014110     19.095500782132      0.000000      0.000000      0.000000     30.531244605822    114.355303378571     -0.810272      0.081958     -0.085526  5    
441835.00      5009248.212378898636     -2267584.336464695632      3221248.286994400434     19.369678966701      0.000000      0.000000      0.000000     30.531243117511    114.355291357757     -1.181491      0.159658     -0.078067  1    
441836.00      5009248.475080364384     -2267583.505208854564      3221248.433910807595     19.355179199018      0.000000      0.000000      0.000000     30.531244733185    114.355282337973     -1.165008      0.137493     -0.041084  6    
441837.00      5009248.740363310091     -2267582.334292798303      3221248.100269223098     18.977925124578      0.000000      0.000000      0.000000     30.531243246204    114.355270082785     -0.864322      0.088860     -0.045503  6    
441838.00      5009250.243631676771     -2267581.676616659854      3221248.110777187627     19.929256508127      0.000000      0.000000      0.000000     30.531238295205    114.355257379822     -1.232356     -0.051819     -0.145240  1    
441839.00      5009250.227754717693     -2267580.523444666062      3221248.459869392682     19.684514762834      0.000000      0.000000      0.000000     30.531243252978    114.355246501266     -0.655438      0.073167     -0.263826  5    
441840.00      5009251.708937492222     -2267580.316042843275      3221248.576846580952     20.832547716796      0.000000      0.000000      0.000000     30.531238370502    114.355238167560     -0.979833      0.054743     -0.313132  1    
441841.00      5009251.403280272149     -2267579.907344169915      3221247.894780398346     20.101028124802      0.000000      0.000000      0.000000     30.531235119430    114.355235601342     -0.890193      0.098650     -0.221714  1    
441842.00      5009253.117816044949     -2267578.883928266820      3221249.179769472685     21.735671444796      0.000000      0.000000      0.000000     30.531239879844    114.355218518661     -0.921008      0.165628     -0.071741  1    
441843.00      5009252.628029609099     -2267577.590264684055      3221248.748694485985     20.672818794847      0.000000      0.000000      0.000000     30.531241019875    114.355208342917     -0.922620     -0.014837     -0.160267  6    
441844.00      5009252.937614639290     -2267576.905722308438      3221248.624950360507     20.609726592898      0.000000      0.000000      0.000000     30.531240059651    114.355200514383     -0.808723     -0.000052     -0.288367  1    
441845.00      5009253.175005219877     -2267575.706544199027      3221248.461153710261     20.286830403842      0.000000      0.000000      0.000000     30.531240062136    114.355188110767     -1.018653      0.011683     -0.065722  5    
441846.00      5009253.314843872562     -2267574.751193520613      3221248.332689884584     19.991946119815      0.000000      0.000000      0.000000     30.531240285610    114.355178440941     -0.682938      0.069999     -0.184059  5    
441847.00      5009254.160124191083     -2267574.247195871547      3221248.581727807876     20.602721499279      0.000000      0.000000      0.000000     30.531239644284    114.355170024309     -1.271999     -0.060010      0.305166  5    
441848.00      5009255.091781250201     -2267573.907904630527      3221248.837679399643     21.343294911087      0.000000      0.000000      0.000000     30.531238384839    114.355162800024     -0.597752     -0.128344      0.488350  5    
441849.00      5009255.584908643737     -2267573.047729828395      3221249.011823379900     21.513170904480      0.000000      0.000000      0.000000     30.531239304775    114.355152515545     -1.620037     -0.278982     -0.019461  5    
441850.00      5009256.003983338363     -2267571.318440402858      3221248.017251494806     20.722499185242      0.000000      0.000000      0.000000     30.531233095773    114.355134298983     -0.856394     -0.948862      0.565250  1    
441851.00      5009257.625329875387     -2267571.780398951378      3221247.696278296877     21.995803792030      0.000000      0.000000      0.000000     30.531222960565    114.355131717079     -0.572968     -1.318975     -0.900700  5    
441852.00      5009258.298306037672     -2267571.169799690600      3221246.551757264417     21.725567886606      0.000000      0.000000      0.000000     30.531212412577    114.355123028929     -0.581174     -0.994997      0.101229  5    
441853.00      5009258.944110986777     -2267571.137911905535      3221245.456117328722     21.664409487508      0.000000      0.000000      0.000000     30.531201264200    114.355119951108     -0.402192     -1.048148     -0.293198  5    
441854.00      5009259.522118059918     -2267571.050003637560      3221244.430662519298     21.565805754624      0.000000      0.000000      0.000000     30.531191050022    114.355116632836     -0.117536     -0.758874     -0.147801  5    
441855.00      5009260.782608924434     -2267571.184293105267      3221244.017651918344     22.392800044268      0.000000      0.000000      0.000000     30.531182325341    114.355112491104     -0.005382     -1.153509      0.059696  6    
441856.00      5009262.169088799506     -2267571.781894301530      3221243.079986857250     23.216704566032      0.000000      0.000000      0.000000     30.531168122829    114.355112206087      0.003331     -1.149323      0.318859  6    
441857.00      5009262.816573774442     -2267571.960982377641      3221242.208718422800     23.345789334737      0.000000      0.000000      0.000000     30.531158312035    114.355111123792     -0.003676     -1.051912      0.058593  6    
441858.00      5009262.654836237431     -2267571.993907974102      3221240.905618450604     22.568586110137      0.000000      0.000000      0.000000     30.531148800419    114.355112131356      0.104668     -1.101254      0.112998  6    
441859.00      5009263.277676106431     -2267572.165978861507      3221240.028622350190     22.672929966822      0.000000      0.000000      0.000000     30.531139061265    114.355111088352      0.059913     -0.965726      0.009089  6    
441860.00      5009264.131957577541     -2267572.347717073280      3221239.438145200722     23.107873415574      0.000000      0.000000      0.000000     30.531130563820    114.355109142581      0.060493     -0.741103     -0.035475  6    
441861.00      5009265.333322836086     -2267572.681375223212      3221239.089500252157     23.991989701986      0.000000      0.000000      0.000000     30.531122209318    114.355107147483      0.251631     -0.914739     -0.272219  6    
441862.00      5009266.332391878590     -2267573.043106459081      3221238.641018866561     24.676618909463      0.000000      0.000000      0.000000     30.531113870571    114.355106288170      0.015268     -0.943997     -0.591574  6    
441863.00      5009264.216326500289     -2267572.285852761008      3221236.985203256831     21.905992599204      0.000000      0.000000      0.000000     30.531111270119    114.355108192774      0.210536     -1.050814     -0.242003  6    
441864.00      5009266.590768525377     -2267573.384452691767      3221236.656823688187     23.992634702474      0.000000      0.000000      0.000000     30.531096730498    114.355108418205      0.189931     -0.968787      0.326328  6    
441865.00      5009269.314894014969     -2267574.100651988760      3221237.361744455062     26.742761939764      0.000000      0.000000      0.000000     30.531089482088    114.355103510967     -0.066779     -1.194383      0.309838  6    
441866.00      5009267.851238037460     -2267572.782821375877      3221234.367541620508     23.605047753081      0.000000      0.000000      0.000000     30.531074818697    114.355097290662      0.081980     -1.254804      0.054620  6    
441867.00      5009269.205950785428     -2267572.526361636817      3221233.367082260549     24.068753179163      0.000000      0.000000      0.000000     30.531061874853    114.355089034774     -0.328527     -1.498649      0.091289  6    
441868.00      5009265.044779839925     -2267572.568635358475      3221230.982581269462     19.607161164284      0.000000      0.000000      0.000000     30.531060639262    114.355107317180     -0.235082     -0.874276      0.174676  6    
441869.00      5009267.326973265037     -2267572.501499140635      3221230.784479422495     21.273512787186      0.000000      0.000000      0.000000     30.531049699858    114.355096872977     -0.081907     -1.028013     -0.011569  6    
441870.00      5009265.612748154439     -2267572.919126098044      3221228.724376072176     19.030164961703      0.000000      0.000000      0.000000     30.531040060534    114.355108203664      0.027738     -1.191070      0.136575  6    
441871.00      5009268.312976851128     -2267573.984576647170      3221228.864679937251     21.598772115074      0.000000      0.000000      0.000000     30.531027865058    114.355106714466     -0.081997     -1.159314      0.100861  6    
441872.00      5009269.507942045107     -2267574.101589690428      3221228.294582487550     22.288413533941      0.000000      0.000000      0.000000     30.531018226080    114.355102690315     -0.035143     -1.067049     -0.160440  6    
441873.00      5009270.007438169792     -2267574.119365293067      3221227.415764804464     22.240238741972      0.000000      0.000000      0.000000     30.531009279248    114.355100712653     -0.157351     -1.149285      0.182162  6    
441874.00      5009271.987762329169     -2267574.913105743472      3221226.663550058380     23.694018753245      0.000000      0.000000      0.000000     30.530993667973    114.355099737712     -0.217196     -1.176456      0.052625  6    
441875.00      5009270.283777046949     -2267574.760937736835      3221224.568943606690     21.238779957406      0.000000      0.000000      0.000000     30.530984794555    114.355105615470      0.083377     -1.286536      0.041839  6    
441876.00      5009269.041055606678     -2267574.070540045388      3221222.862277554814     19.151383396238      0.000000      0.000000      0.000000     30.530978026821    114.355104401842      0.138003     -1.255109      0.108413  6    
441877.00      5009270.004938714206     -2267575.243966058828      3221221.937247745693     19.854641967453      0.000000      0.000000      0.000000     30.530964598500    114.355111398939      0.017691     -1.398266     -0.199525  6    
441878.00      5009271.108053532429     -2267576.318253335543      3221221.387785266154     20.822730178013      0.000000      0.000000      0.000000     30.530953694317    114.355116856636     -0.200525     -1.318961     -0.281350  6    
441879.00      5009271.733120463789     -2267577.121709778905      3221220.525734586176     21.160695207305      0.000000      0.000000      0.000000     30.530942868854    114.355121797641      0.546498     -0.953106     -0.227416  6    
441880.00      5009274.143854574300     -2267577.337909565307      3221219.761529346462     22.740977773443      0.000000      0.000000      0.000000     30.530926459056    114.355113490724      0.300068     -1.499560      0.295068  6    
441881.00      5009273.310904966667     -2267575.690360442735      3221218.181843917351     20.699642300606      0.000000      0.000000      0.000000     30.530920776029    114.355101430270     -0.120827     -1.069595      0.168876  6    
441882.00      5009273.806520028040     -2267576.340505855624      3221217.151498135645     20.796074135229      0.000000      0.000000      0.000000     30.530909473088    114.355105472207     -0.027447     -1.139121      0.419372  5    
441883.00      5009274.455543551594     -2267576.752700266428      3221216.271530064754     21.004754539579      0.000000      0.000000      0.000000     30.530899147778    114.355106596120     -0.376041     -0.860431     -0.192901  5    
441884.00      5009274.945800852962     -2267577.068504060619      3221215.366519798525     21.041890262626      0.000000      0.000000      0.000000     30.530889472820    114.355107487262     -0.345383     -0.819161     -0.273840  5    
441885.00      5009275.456317791715     -2267577.441842184868      3221214.459343643859     21.114260705188      0.000000      0.000000      0.000000     30.530879587738    114.355108837504      0.107668     -1.008395      0.114864  5    
441886.00      5009275.659559376538     -2267577.468071316369      3221213.358617433812     20.723889787681      0.000000      0.000000      0.000000     30.530870137500    114.355108213135     -0.209692     -1.085197      0.187527  5    
441887.00      5009276.112310333177     -2267577.507494214457      3221212.335377573501     20.573359195143      0.000000      0.000000      0.000000     30.530860222789    114.355106641836      0.107879     -1.297384      0.117171  5    
441888.00      5009276.935667574406     -2267578.070139262360      3221211.492360501550     20.991053995676      0.000000      0.000000      0.000000     30.530849172511    114.355108444802      0.081728     -1.301555      0.101258  6    
441889.00      5009276.912247003987     -2267577.706213493831      3221210.370684265625     20.273589956574      0.000000      0.000000      0.000000     30.530841242974    114.355105090795      0.001834     -1.004669      0.113524  5    
441890.00      5009277.383885864168     -2267577.867632461246      3221209.343137702905     20.179028331302      0.000000      0.000000      0.000000     30.530830985417    114.355104596409     -0.047870     -1.076504     -0.229192  5    
441891.00      5009277.983729403466     -2267578.112527204212      3221208.391343170311     20.253203338943      0.000000      0.000000      0.000000     30.530820623490    114.355104343525     -0.003317     -1.407796      0.137812  5    
441892.00      5009278.057651409879     -2267577.979193731211      3221207.330810199026     19.725095395930      0.000000      0.000000      0.000000     30.530812326904    114.355102760174      0.002279     -0.999946      0.074614  5    
441893.00      5009278.783693194389     -2267578.333110163920      3221206.549696021713     20.023730786517      0.000000      0.000000      0.000000     30.530802558268    114.355102999913      0.002037     -0.904372     -0.214984  5    
441894.00      5009279.478583693504     -2267578.694218772464      3221205.663595366757     20.247143394314      0.000000      0.000000      0.000000     30.530792090377    114.355103441786     -0.016927     -1.097005      0.147746  5    
441895.00      5009280.039001221769     -2267578.931296011899      3221204.739871941973     20.301864780486      0.000000      0.000000      0.000000     30.530782125909    114.355103284111      0.023084     -1.039388      0.126534  5    
441896.00      5009280.549218839966     -2267579.218186240643      3221203.841559663415     20.347797626629      0.000000      0.000000      0.000000     30.530772474306    114.355103815012      0.165724     -1.092070     -0.048052  5    
441897.00      5009281.209197407588     -2267579.608084423468      3221202.954275419936     20.553440622985      0.000000      0.000000      0.000000     30.530762088556    114.355104680197     -0.022957     -1.191383      0.392347  5    
441898.00      5009282.037333635613     -2267580.146076296922      3221202.127948817797     20.974609178491      0.000000      0.000000      0.000000     30.530751194601    114.355106228600     -0.022473     -0.799048     -0.243087  5    
441899.00      5009282.564322859049     -2267580.280138681643      3221201.266147540882     20.997964104638      0.000000      0.000000      0.000000     30.530742045461    114.355105236679     -0.196291     -1.149911     -0.475941  5    
441900.00      5009282.701253358275     -2267580.304446252063      3221200.068989415653     20.505891228095      0.000000      0.000000      0.000000     30.530732126418    114.355104879017      0.003476     -1.049550      0.024230  5    
441901.00      5009282.951166401617     -2267580.622696113773      3221199.111029827967     20.328402013518      0.000000      0.000000      0.000000     30.530723038757    114.355106826166      0.125957     -1.148180      0.229395  5    
441902.00      5009283.228565713391     -2267580.802210584749      3221198.048003607895     20.069826649502      0.000000      0.000000      0.000000     30.530713282190    114.355107338228      0.049059     -1.101419     -0.443423  5    
441903.00      5009283.966295667924     -2267581.306856181938      3221197.168748895638     20.381321622990      0.000000      0.000000      0.000000     30.530702417418    114.355108958569      0.197071     -1.179461     -0.059561  5    
441904.00      5009284.682297639549     -2267582.140355956741      3221196.412178246770     20.854904511943      0.000000      0.000000      0.000000     30.530691975130    114.355113793997     -0.024890     -1.159207     -0.301229  5    
441905.00      5009285.407992941327     -2267582.358508893289      3221195.631970899180     21.105505618267      0.000000      0.000000      0.000000     30.530682471545    114.355112746459     -0.293454     -1.305211     -0.064823  6    
441906.00      5009285.694707775488     -2267582.324588149320      3221194.537246574182     20.762322740629      0.000000      0.000000      0.000000     30.530672833133    114.355111192411     -0.170961     -1.356539     -0.057376  6    
441907.00      5009286.206797320396     -2267582.723853862844      3221193.469508819748     20.763576059602      0.000000      0.000000      0.000000     30.530661644985    114.355112782014     -0.007615     -1.033838      0.225369  6    
441908.00      5009286.764639043249     -2267582.948791765142      3221192.383835491259     20.729696203955      0.000000      0.000000      0.000000     30.530650455918    114.355112520172     -0.085013     -1.203366     -0.576248  6    
441909.00      5009288.119332327507     -2267584.001073468011      3221191.709702215157     21.824056006037      0.000000      0.000000      0.000000     30.530637574509    114.355116687895     -0.007148     -1.169714     -0.317205  6    
441910.00      5009288.594334935769     -2267584.595375124831      3221190.761720507871     21.926323724911      0.000000      0.000000      0.000000     30.530627103087    114.355120288283     -0.017843     -1.110800      0.137482  6    
441911.00      5009289.263097535819     -2267584.834326969460      3221189.747046964709     22.020530335605      0.000000      0.000000      0.000000     30.530615976146    114.355119682830     -0.124764     -0.926750     -0.398353  6    
441912.00      5009288.603002279066     -2267583.972493758425      3221188.321568211541     20.472273219377      0.000000      0.000000      0.000000     30.530609284818    114.355114338209      0.028404     -1.031388     -0.163626  6    
441913.00      5009288.568673835136     -2267583.811659642961      3221187.225768133532     19.831539868377      0.000000      0.000000      0.000000     30.530601218057    114.355112958972      0.241455     -1.129738      0.150583  6    
441914.00      5009289.433451287448     -2267584.702838169411      3221186.327137714252     20.370191735215      0.000000      0.000000      0.000000     30.530588941966    114.355117702615     -0.201013     -1.323940     -0.229567  6    
441915.00      5009289.211898203008     -2267584.098276180215      3221185.090170340147     19.353210826404      0.000000      0.000000      0.000000     30.530581398452    114.355112915727      0.221240     -1.091827      0.349605  6    
441916.00      5009289.647706716321     -2267584.174511040561      3221183.940850473475     19.138418782502      0.000000      0.000000      0.000000     30.530570505296    114.355111766681     -0.001925     -1.109554     -0.005754  6    
441917.00      5009289.715125838295     -2267584.306582679506      3221182.697571893223     18.606653833762      0.000000      0.000000      0.000000     30.530560314430    114.355112730691      0.081583     -1.212016      0.051359  5    
441918.00      5009289.889258436859     -2267583.824322297703      3221181.385043797083     17.905228193849      0.000000      0.000000      0.000000     30.530550300937    114.355107404467      0.159264     -1.284465      0.287149  5    
441919.00      5009290.539006908424     -2267584.206003271043      3221180.499956190586     18.101045064628      0.000000      0.000000      0.000000     30.530539990491    114.355108235607     -0.032767     -1.005938      0.073854  5    
441920.00      5009291.159315796569     -2267584.526543239597      3221179.687658553943     18.289019621909      0.000000      0.000000      0.000000     30.530530484030    114.355108612858      0.134706     -1.170411      0.017945  5    
441921.00      5009291.903073485009     -2267585.016444474459      3221178.750614807941     18.570654317737      0.000000      0.000000      0.000000     30.530519172962    114.355110067331      0.001853     -0.864197      0.030599  5    
441922.00      5009292.433848622255     -2267585.179666058626      3221177.910391489044     18.618303532712      0.000000      0.000000      0.000000     30.530510120567    114.355109335943     -0.042403     -1.149506     -0.191801  5    
441923.00      5009293.334882072173     -2267585.794529435225      3221177.161259565502     19.163200837560      0.000000      0.000000      0.000000     30.530499376832    114.355111300812     -0.116022     -0.889886     -0.199138  5    
441924.00      5009294.010799480602     -2267585.996760103852      3221176.277034064755     19.316247832961      0.000000      0.000000      0.000000     30.530489302949    114.355110316032     -0.013402     -0.993338     -0.486732  5    
441925.00      5009294.221185021102     -2267585.922097699251      3221175.191731117666     18.903486565687      0.000000      0.000000      0.000000     30.530480133347    114.355108703234     -0.158864     -0.878255     -0.398763  5    
441926.00      5009294.694970175624     -2267586.026960297488      3221174.227917722892     18.822902779095      0.000000      0.000000      0.000000     30.530470468881    114.355107662755     -0.028301     -1.033713      0.186798  5    
441927.00      5009295.232257041149     -2267586.166135104373      3221173.383046320640     18.864759608172      0.000000      0.000000      0.000000     30.530461398630    114.355106675117     -0.049018     -1.168857      0.051017  5    
441928.00      5009295.718526394106     -2267586.321110801771      3221172.416741346475     18.810507874005      0.000000      0.000000      0.000000     30.530451567993    114.355106056700     -0.085539     -1.053683      0.242303  5    
441929.00      5009296.362474314868     -2267586.539110212121      3221171.598235995509     18.977456104942      0.000000      0.000000      0.000000     30.530442108392    114.355105358985      0.002110     -1.001911      0.580420  5    
441930.00      5009296.814735535532     -2267586.810551536269      3221170.637633267324     18.940785649233      0.000000      0.000000      0.000000     30.530432243942    114.355105992278     -0.001147     -1.188550      0.032849  5    
441931.00      5009297.832931432873     -2267587.043778253719      3221169.771654764190     19.382701194845      0.000000      0.000000      0.000000     30.530420824434    114.355103830927     -0.044901     -1.132429     -0.008410  5    
441932.00      5009298.100254789926     -2267587.309511412401      3221168.806507545523     19.196573310532      0.000000      0.000000      0.000000     30.530411707477    114.355105204732      0.072332     -1.063163      0.139673  1    
441933.00      5009299.434229798615     -2267587.328837666195      3221168.129294314887     19.906193592586      0.000000      0.000000      0.000000     30.530400840612    114.355099655955      0.130751     -0.881298     -0.092120  1    
441934.00      5009299.712536050938     -2267587.724807015620      3221167.209967385046     19.798222953454      0.000000      0.000000      0.000000     30.530391787713    114.355102218856     -0.016005     -1.224188     -0.222160  5    
441935.00      5009300.680206997320     -2267588.395041001961      3221166.497193586547     20.433551797643      0.000000      0.000000      0.000000     30.530380943673    114.355104422991      0.055292     -0.921122     -0.070276  1    
441936.00      5009300.868637390435     -2267587.712900823914      3221164.970958753489     19.563786635175      0.000000      0.000000      0.000000     30.530369587752    114.355097137944      0.027594     -0.978921     -0.043824  1    
441937.00      5009301.337405405007     -2267588.016719552688      3221164.086610266007     19.590308283456      0.000000      0.000000      0.000000     30.530360185684    114.355098007653     -0.029966     -1.135459     -0.069677  1    
441938.00      5009301.561533284374     -2267588.149657474365      3221163.383080769330     19.456015056930      0.000000      0.000000      0.000000     30.530353532668    114.355098306490      0.082804     -1.145122     -0.140462  1    
441939.00      5009301.650944790803     -2267588.945909250062      3221162.418001342565     19.318763615564      0.000000      0.000000      0.000000     30.530344156414    114.355105480845      0.042816     -0.981225      0.097759  1    
441940.00      5009303.517872677185     -2267590.142359879799      3221162.860045991372     21.433307706378      0.000000      0.000000      0.000000     30.530337536669    114.355108815982      0.056385     -0.776774     -0.035406  1    
441941.00      5009303.108203927055     -2267589.435449951794      3221161.045899301767     19.939155570231      0.000000      0.000000      0.000000     30.530326487301    114.355103865902     -0.069620     -1.295733     -0.115345  5    
441942.00      5009303.446762675419     -2267589.575881468132      3221160.029750286136     19.738510253839      0.000000      0.000000      0.000000     30.530316913485    114.355103744151     -0.028932     -1.200553     -0.050158  5    
441943.00      5009303.987340326421     -2267589.802847711369      3221159.047792479396     19.744498020038      0.000000      0.000000      0.000000     30.530306598484    114.355103575750     -0.041878     -1.078681      0.051067  5    
441944.00      5009304.654105275869     -2267590.155232545454      3221158.066637017298     19.894464300014      0.000000      0.000000      0.000000     30.530295525957    114.355104055668      0.069106     -1.170563      0.103466  5    
441945.00      5009305.063997454941     -2267590.390096909832      3221157.009553827345     19.762545176782      0.000000      0.000000      0.000000     30.530285157870    114.355104523810      0.003865     -1.226012      0.142432  5    
441946.00      5009305.214708978310     -2267590.359003623016      3221155.827291186899     19.269182592630      0.000000      0.000000      0.000000     30.530275401684    114.355103581029     -0.047131     -1.035211     -0.233059  5    
441947.00      5009305.698653628118     -2267590.654291242361      3221154.834529448301     19.249511540867      0.000000      0.000000      0.000000     30.530265110046    114.355104304538      0.049034     -1.107626     -0.000965  5    
441948.00      5009306.129709421657     -2267590.948250910733      3221153.846200530417     19.190118623897      0.000000      0.000000      0.000000     30.530255076140    114.355105242711      0.022831     -1.316826      0.236253  1    
441949.00      5009306.722163360566     -2267591.204682799987      3221152.848086378537     19.239074658602      0.000000      0.000000      0.000000     30.530244363375    114.355105131100      0.029237     -1.213752     -0.168632  5    
441950.00      5009307.217288529500     -2267591.340842656791      3221151.877577980049     19.182957243174      0.000000      0.000000      0.000000     30.530234498664    114.355104296017      0.017373     -1.057286     -0.036110  5    
441951.00      5009307.715413808823     -2267591.716742441058      3221150.993164472748     19.258089602925      0.000000      0.000000      0.000000     30.530224837331    114.355105723816      0.100034     -0.980405     -0.148243  5    
441952.00      5009308.759266128764     -2267592.463566326536      3221150.956555720419     20.323894939385      0.000000      0.000000      0.000000     30.530218784155    114.355108327630      0.032783     -1.341226      0.037349  6    
441953.00      5009308.948269145563     -2267592.724375082646      3221150.058308769017     20.108547766693      0.000000      0.000000      0.000000     30.530210523236    114.355109991236      0.103154     -1.182694      0.568604  6    
441954.00      5009308.805502585135     -2267592.588668538257      3221148.444296412170     19.128406387754      0.000000      0.000000      0.000000     30.530198835270    114.355109316501      0.057377     -0.902000     -0.282670  6    
441955.00      5009309.798196265474     -2267592.927037348971      3221147.269805624150     19.430941799656      0.000000      0.000000      0.000000     30.530184926508    114.355108262819      0.093427     -0.904798      0.463875  6    
441956.00      5009310.350055865943     -2267592.994794688188      3221146.656990859658     19.576753157191      0.000000      0.000000      0.000000     30.530177733390    114.355106534621     -0.052161     -1.076608      0.378551  6    
441957.00      5009310.339328063652     -2267592.831307348330      3221145.980459494982     19.166588826105      0.000000      0.000000      0.000000     30.530172830668    114.355105028789     -0.041448     -1.175802     -0.391068  6    
441958.00      5009312.114974539727     -2267594.397301920690      3221146.625586211681     21.443938580342      0.000000      0.000000      0.000000     30.530167471599    114.355112264121      0.067516     -1.175954      0.001300  6    
441959.00      5009309.764287308790     -2267593.490204091184      3221146.233126640320     19.077755197883      0.000000      0.000000      0.000000     30.530175949187    114.355113754483     -0.150284     -1.349625      0.288876  6    
441960.00      5009310.251485315152     -2267593.796680117957      3221144.399526707828     18.637474413030      0.000000      0.000000      0.000000     30.530159089770    114.355114570219     -0.223241     -1.286393     -0.285305  6    
441961.00      5009311.695784447715     -2267594.966894914396      3221142.480926193297     19.211873885244      0.000000      0.000000      0.000000     30.530135942404    114.355119472376     -0.085361     -1.036854      0.170607  6    
441962.00      5009310.941120224074     -2267593.668180608656      3221140.560834286734     17.182966876775      0.000000      0.000000      0.000000     30.530126628288    114.355110386986     -0.077669     -0.830007     -0.265458  6    
441963.00      5009313.226761906408     -2267595.495912034530      3221141.091280039400     19.895230689086      0.000000      0.000000      0.000000     30.530117754670    114.355117915394     -0.004622     -0.861454     -0.132383  6    
441964.00      5009313.082841699943     -2267594.450954699889      3221139.202787525486     18.451770464890      0.000000      0.000000      0.000000     30.530105657051    114.355108614409      0.073632     -1.202539     -0.034835  6    
441965.00      5009313.897872752510     -2267594.580724670552      3221138.903968684841     18.985630548559      0.000000      0.000000      0.000000     30.530099687817    114.355106344004     -0.079607     -1.040905      0.296846  6    
441966.00      5009315.778487383388     -2267595.801213175058      3221138.226428191178     20.550717624836      0.000000      0.000000      0.000000     30.530084266758    114.355109848503     -0.053936     -0.890205     -0.074651  6    
441967.00      5009316.525463064201     -2267595.956937807612      3221137.386134564411     20.765329862945      0.000000      0.000000      0.000000     30.530074325478    114.355108116918     -0.053729     -0.840381     -0.260974  6    
441968.00      5009317.405161179602     -2267595.792265424971      3221136.430850492790     20.911865766160      0.000000      0.000000      0.000000     30.530063542159    114.355102773595      0.025257     -1.144529      0.252750  6    
441969.00      5009317.670306483284     -2267595.551625484135      3221135.140351433773     20.378886648454      0.000000      0.000000      0.000000     30.530052863269    114.355099349930      0.044437     -0.982165     -0.559765  6    
441970.00      5009316.892020927742     -2267595.695299571846      3221133.510478033684     18.991235957481      0.000000      0.000000      0.000000     30.530043177029    114.355104058143     -0.066659     -1.163757     -0.034785  6    
441971.00      5009316.528157971799     -2267595.557175727095      3221132.105516283773     17.942939239554      0.000000      0.000000      0.000000     30.530034040811    114.355104310535      0.095170     -1.160463      0.548064  6    
441972.00      5009317.660164059140     -2267596.097570775077      3221131.230538089760     18.578711352311      0.000000      0.000000      0.000000     30.530021495872    114.355104575982      0.094168     -1.296482      0.017537  6    
441973.00      5009318.339347075671     -2267596.379082530737      3221130.122105734423     18.648597554304      0.000000      0.000000      0.000000     30.530009516532    114.355104329763      0.086576     -1.270803      0.150651  6    
441974.00      5009319.569345235825     -2267596.742144540884      3221129.148298875429     19.248069594614      0.000000      0.000000      0.000000     30.529996129765    114.355102490769      0.140048     -1.354748      0.085589  6    
441975.00      5009319.223307851702     -2267596.605956253596      3221127.647994562052     18.166016127914      0.000000      0.000000      0.000000     30.529986174688    114.355102684936     -0.225567     -1.260672     -0.056225  6    
441976.00      5009319.281906336546     -2267596.868538445793      3221126.470933959819     17.707338810898      0.000000      0.000000      0.000000     30.529976288467    114.355104925733     -0.277490     -1.130509      0.007923  6    
441977.00      5009319.991107863374     -2267596.791294838302      3221125.678367468994     17.833801716566      0.000000      0.000000      0.000000     30.529967315925    114.355101144984     -0.015369     -1.308643     -0.371208  6    
441978.00      5009320.700209820643     -2267596.990914111026      3221124.604158247821     17.915462076664      0.000000      0.000000      0.000000     30.529955632342    114.355099992825     -0.038029     -1.180841      0.026604  6    
441979.00      5009321.522228891961     -2267597.200086266268      3221123.705722971819     18.178414247930      0.000000      0.000000      0.000000     30.529944825060    114.355098446133     -0.145662     -1.111334      0.443356  6    
441980.00      5009322.095344213769     -2267597.541847989894      3221122.796437270008     18.287636089139      0.000000      0.000000      0.000000     30.529934721950    114.355099227629      0.001540     -1.306728      0.276397  6    
441981.00      5009322.814976876602     -2267597.906150912866      3221121.852671849541     18.502323316410      0.000000      0.000000      0.000000     30.529923696727    114.355099593502      0.064758     -1.200892      0.111245  6    
441982.00      5009323.568587709218     -2267598.338903542608      3221121.249460464343     18.940985761583      0.000000      0.000000      0.000000     30.529915046327    114.355100463137     -0.227042     -0.928632      0.542156  6    
441983.00      5009323.924258811399     -2267598.561885950621      3221120.129714405164     18.730473831296      0.000000      0.000000      0.000000     30.529904440150    114.355101051479     -0.068123     -1.260228     -0.122579  6    
441984.00      5009323.168498029932     -2267598.578434712719      3221118.746178614907     17.440480560996      0.000000      0.000000      0.000000     30.529896814043    114.355104456140      0.037465     -1.220365      0.091640  6    
441985.00      5009323.608708179556     -2267599.117120182607      3221117.583624800667     17.386705365963      0.000000      0.000000      0.000000     30.529884925793    114.355107678067     -0.017497     -1.154128      0.347229  6    
441986.00      5009325.868817413226     -2267599.911149092019      3221117.802470513154     19.553458281793      0.000000      0.000000      0.000000     30.529875691148    114.355105503611      0.108833     -1.255115     -0.672233  6    
441987.00      5009325.661298673600     -2267599.689153497107      3221116.192407803610     18.493867737241      0.000000      0.000000      0.000000     30.529864467173    114.355104288013      0.036208     -0.970774     -0.171715  6    
441988.00      5009328.192972365767     -2267600.167136935517      3221115.842935556080     20.472756653093      0.000000      0.000000      0.000000     30.529850280465    114.355097946521     -0.179841     -0.924112      0.299057  6    
441989.00      5009328.565930967219     -2267600.463531679939      3221114.708260296378     20.294305309653      0.000000      0.000000      0.000000     30.529839347405    114.355099157454     -0.084026     -1.102384      0.257072  6    
441990.00      5009330.401668475941     -2267602.229291738011      3221114.291381671559     22.150288155302      0.000000      0.000000      0.000000     30.529825108649    114.355108030845     -0.080935     -1.167580      0.170462  6    
441991.00      5009330.359232200310     -2267601.753697205335      3221113.509741068352     21.550984754227      0.000000      0.000000      0.000000     30.529820111371    114.355103698556      0.126499     -0.905881     -0.202265  6    
441992.00      5009330.269479518756     -2267601.648505275138      3221112.158902434167     20.756980797276      0.000000      0.000000      0.000000     30.529810189171    114.355103085682      0.262561     -1.416141      0.051767  6    
441993.00      5009331.498302001506     -2267602.557173768058      3221111.152347125113     21.532709441148      0.000000      0.000000      0.000000     30.529795521889    114.355106430983     -0.068765     -1.073481      0.145168  6    
441994.00      5009332.592154246755     -2267603.281871642917      3221110.146398511715     22.137484367006      0.000000      0.000000      0.000000     30.529781770379    114.355108609897      0.193945     -1.332091     -0.652690  6    
441995.00      5009334.013919665478     -2267604.294682695530      3221109.047116682865     23.054507743567      0.000000      0.000000      0.000000     30.529765380437    114.355112114690      0.195380     -1.122890     -0.051520  6    
441996.00      5009334.424039785750     -2267604.354504017159      3221108.234312877525     22.984689927660      0.000000      0.000000      0.000000     30.529757240142    114.355110920232      0.132073     -1.130684      0.204438  6    
441997.00      5009336.116799640469     -2267604.459446898662      3221107.345819971059     23.898951658048      0.000000      0.000000      0.000000     30.529743072286    114.355104642494      0.240458     -1.152052      0.244866  6    
441998.00      5009335.087597049773     -2267603.751787931193      3221105.687145099510     21.997369065881      0.000000      0.000000      0.000000     30.529735818334    114.355102347521      0.175528     -1.361177      0.139523  6    
441999.00      5009335.635593544692     -2267604.292986252345      3221104.848154180683     22.193436426111      0.000000      0.000000      0.000000     30.529725989397    114.355105130127     -0.029273     -1.313700      0.171556  6    
442000.00      5009334.980474029668     -2267604.257275195327      3221103.669109939598     21.067735035904      0.000000      0.000000      0.000000     30.529719630739    114.355107606234     -0.143105     -1.051043     -0.017808  6    
442001.00      5009335.561397211626     -2267604.301753886975      3221102.548870572820     20.970326209441      0.000000      0.000000      0.000000     30.529708417748    114.355105532182     -0.215853     -1.110890     -0.319497  6    
442002.00      5009335.348512191325     -2267604.372053198051      3221101.136506762821     20.110785181634      0.000000      0.000000      0.000000     30.529698199885    114.355107114290     -0.084832     -1.302884      0.349875  6    
442003.00      5009335.315098777413     -2267603.941517049447      3221099.816492850427     19.261083502322      0.000000      0.000000      0.000000     30.529688896768    114.355103170954     -0.478007     -1.037173      0.870090  6    
442004.00      5009336.390981270932     -2267603.855844003148      3221098.979849906638     19.649905422702      0.000000      0.000000      0.000000     30.529678067040    114.355097734544      0.157461     -1.284925      0.044957  6    
442005.00      5009335.427241591737     -2267603.264862150420      3221098.119925421663     18.246892022900      0.000000      0.000000      0.000000     30.529676525398    114.355096265841     -0.007613     -1.197252     -0.057515  6    
442006.00      5009336.204197959974     -2267603.579438626766      3221097.259672830813     18.531326708384      0.000000      0.000000      0.000000     30.529666003730    114.355095913355      0.086239     -1.196877     -0.131771  6    
442007.00      5009336.625482275151     -2267603.727850101888      3221095.561663513072     18.052069636993      0.000000      0.000000      0.000000     30.529650771609    114.355095511878     -0.159953     -1.086363     -0.056939  6    
442008.00      5009337.442626161501     -2267604.036924415268      3221095.233672588598     18.636466403492      0.000000      0.000000      0.000000     30.529644228114    114.355094934474      0.086973     -1.116442     -0.905816  6    
442009.00      5009338.308297629468     -2267604.013488729950      3221094.799876480829     19.087082046084      0.000000      0.000000      0.000000     30.529637288291    114.355090992154     -0.230918     -1.037968      0.533096  6    
442010.00      5009339.955817780457     -2267604.234208995942      3221094.545766492840     20.329229761846      0.000000      0.000000      0.000000     30.529628019501    114.355086007854      0.129822     -0.915984     -0.517608  1    
442011.00      5009341.205010610633     -2267604.894272664562      3221093.571361670736     21.048970995471      0.000000      0.000000      0.000000     30.529613986778    114.355086905712     -0.153064     -1.040372      0.287096  6    
442012.00      5009342.281737772748     -2267606.309479816351      3221093.198029983323     22.206953747198      0.000000      0.000000      0.000000     30.529603917231    114.355095712948     -0.136742     -0.983447      0.263356  6    
442013.00      5009342.433326792903     -2267606.455180589110      3221092.133395806886     21.836846630089      0.000000      0.000000      0.000000     30.529594737199    114.355096444639      0.203786     -1.059008      0.075422  6    
442014.00      5009344.789080731571     -2267607.535202649888      3221091.081154278014     23.534557776526      0.000000      0.000000      0.000000     30.529574686973    114.355096574024      0.087242     -1.069275     -0.161718  6    
442015.00      5009344.814150350168     -2267606.932274266146      3221090.422555314377     23.005501106381      0.000000      0.000000      0.000000     30.529570604493    114.355090742938      0.083890     -0.939684      0.298724  6    
442016.00      5009342.741681126878     -2267606.503576198127      3221089.002208360936     20.505416410975      0.000000      0.000000      0.000000     30.529569030063    114.355095579019      0.142064     -0.979680     -0.128665  6    
442017.00      5009345.214907665737     -2267607.538426737301      3221088.022813844029     22.316269887611      0.000000      0.000000      0.000000     30.529549140828    114.355094774821      0.218702     -1.071935      0.002351  6    
442018.00      5009344.278494356200     -2267606.789343285840      3221086.921552320942     20.755944375880      0.000000      0.000000      0.000000     30.529545908715    114.355091687901      0.749973     -1.051629     -2.202890  6    
442019.00      5009341.468294942752     -2267605.526825088076      3221084.543058294337     16.894042769447      0.000000      0.000000      0.000000     30.529541544870    114.355091778934      0.518407     -1.284173      1.275833  6    
442020.00      5009342.534690816887     -2267605.900156885386      3221083.689443989657     17.429850026034      0.000000      0.000000      0.000000     30.529529755536    114.355090740449      0.124794     -1.071935      0.463076  6    
442021.00      5009344.367369573563     -2267607.270718307234      3221083.214169810992     19.113394731656      0.000000      0.000000      0.000000     30.529515822690    114.355095875500      0.126132     -0.991573     -0.064139  6    
442022.00      5009345.415777946822     -2267608.059105189983      3221082.391751856077     19.798370581120      0.000000      0.000000      0.000000     30.529503566538    114.355098854261      0.057770     -1.102698      0.277930  6    
442023.00      5009347.033097259700     -2267609.626690192614      3221081.842390249949     21.345272549428      0.000000      0.000000      0.000000     30.529489584747    114.355106784985     -0.091957     -0.947375     -0.413652  6    
442024.00      5009346.023206643760     -2267608.659565930720      3221080.547197841574     19.551322997548      0.000000      0.000000      0.000000     30.529485564559    114.355101944032     -0.110252     -0.951527     -0.332943  6    
442025.00      5009345.319569491781     -2267608.136675769463      3221079.100364950020     18.078464650549      0.000000      0.000000      0.000000     30.529478248319    114.355100004022     -0.132553     -1.225635     -0.029737  6    
442026.00      5009345.239654017612     -2267607.774857878685      3221077.926589075942     17.290972543880      0.000000      0.000000      0.000000     30.529470145667    114.355096912831      0.125443     -1.433855      0.064091  6    
442027.00      5009346.966301405802     -2267608.118447195739      3221077.381251599174     18.490922772326      0.000000      0.000000      0.000000     30.529458051661    114.355092754868     -0.031760     -1.239951      0.376506  6    
442028.00      5009347.638814877719     -2267608.413909146562      3221076.496753331739     18.674298042431      0.000000      0.000000      0.000000     30.529447813719    114.355092669735      0.057013     -1.011103     -0.127078  6    
442029.00      5009348.228411197662     -2267608.657699887175      3221075.554491863586     18.744910113513      0.000000      0.000000      0.000000     30.529437570734    114.355092450408      0.018604     -1.162798     -0.136074  6    
442030.00      5009348.643703203648     -2267609.042245752644      3221074.662477618549     18.754267254844      0.000000      0.000000      0.000000     30.529428179790    114.355094316210      0.268783     -1.300164      0.069007  6    
442031.00      5009348.904252126813     -2267609.415282897651      3221073.468031791039     18.484478157014      0.000000      0.000000      0.000000     30.529417106723    114.355096737705      0.043421     -1.151162      0.245396  6    
442032.00      5009349.101939860731     -2267610.037673983723      3221072.026260731742     18.128300519660      0.000000      0.000000      0.000000     30.529403903218    114.355101796334      0.236048     -1.110527      0.101414  6    
442033.00      5009350.273571766913     -2267610.874213945121      3221071.482926403638     19.068848096766      0.000000      0.000000      0.000000     30.529393210121    114.355104702688     -0.220691     -0.842582      0.045684  6    
442034.00      5009351.279491430148     -2267611.466323832981      3221070.755264671985     19.698898112401      0.000000      0.000000      0.000000     30.529382238464    114.355106000842     -0.123861     -1.185796      0.062556  6    
442035.00      5009352.230173430406     -2267611.627550230827      3221070.124139771331     20.181582760066      0.000000      0.000000      0.000000     30.529373061662    114.355103446157     -0.180527     -1.255312      0.127138  6    
442036.00      5009352.606097510085     -2267611.767971408088      3221069.175730566029     20.044682960957      0.000000      0.000000      0.000000     30.529363858181    114.355103163748     -0.042210     -1.109343      0.419550  6    
442037.00      5009353.292829563841     -2267612.008160177618      3221068.030590865761     20.087182875723      0.000000      0.000000      0.000000     30.529351640215    114.355102492831     -0.117529     -1.127696      0.259505  6    
442038.00      5009352.659837774001     -2267611.896981863305      3221066.040598232299     18.540097274818      0.000000      0.000000      0.000000     30.529339030849    114.355104157466     -0.025146     -1.160766     -0.038936  6    
442039.00      5009354.517571244389     -2267612.205536834896      3221064.714916687924     19.434072018601      0.000000      0.000000      0.000000     30.529320392790    114.355099103656      0.236497     -1.351714     -1.309318  6    
442040.00      5009354.277948335744     -2267612.419613065198      3221063.932817846071     18.924791036174      0.000000      0.000000      0.000000     30.529314911810    114.355102165466     -0.171483     -1.243614      0.136369  6    
442041.00      5009353.633671851829     -2267612.084050852805      3221063.464757915586     18.062255186960      0.000000      0.000000      0.000000     30.529314598596    114.355101748609     -0.115308     -1.103555     -0.230794  6    
442042.00      5009354.429168558680     -2267612.790381425992      3221062.407096857205     18.400125933811      0.000000      0.000000      0.000000     30.529301725469    114.355105035213     -0.063419     -1.286116      0.518043  6    
442043.00      5009356.456544023007     -2267613.360280551948      3221061.715522130020     19.842170068063      0.000000      0.000000      0.000000     30.529286812295    114.355101733273     -0.239828     -1.263438      1.339433  6    
442044.00      5009358.666697449982     -2267614.522784578148      3221062.419035729486     22.346823625267      0.000000      0.000000      0.000000     30.529280855868    114.355103271274      0.236794     -1.399150     -0.324039  6    
442045.00      5009359.797627860680     -2267614.920754125342      3221060.894692706876     22.601314097643      0.000000      0.000000      0.000000     30.529263539220    114.355102189358      0.106606     -1.162230      0.034246  6    
442046.00      5009361.090018004179     -2267614.882839465514      3221060.125281656627     23.211158665828      0.000000      0.000000      0.000000     30.529252237882    114.355096275978      0.091156     -0.819608      0.018847  6    
442047.00      5009360.856550463475     -2267615.346206048969      3221058.716859420761     22.477103196084      0.000000      0.000000      0.000000     30.529241393760    114.355101677741      0.000912     -0.825132     -0.089103  6    
442048.00      5009361.882271462120     -2267616.053855827078      3221058.281540380791     23.312240637839      0.000000      0.000000      0.000000     30.529232392576    114.355103987577     -0.092686     -0.986575     -0.449317  6    
442049.00      5009362.525044316426     -2267615.890318001620      3221057.211624575779     23.215048129670      0.000000      0.000000      0.000000     30.529221705473    114.355099673153      0.011792     -1.082282      0.139311  6    
442050.00      5009364.111278975382     -2267616.846147520002      3221056.517202319577     24.446569132619      0.000000      0.000000      0.000000     30.529207882404    114.355101930294     -0.177553     -1.467833     -0.115413  6    
442051.00      5009365.629489934072     -2267616.743954848498      3221055.763744775206     25.218890929595      0.000000      0.000000      0.000000     30.529195883846    114.355094436394     -0.057997     -0.712357     -0.287577  6    
442052.00      5009366.501301115379     -2267616.760367197916      3221054.604361750185     25.319903765805      0.000000      0.000000      0.000000     30.529183205496    114.355090845973      0.060220     -0.902950     -0.452411  6    
442053.00      5009369.022504876368     -2267617.484667278826      3221054.731829223689     27.620366833173      0.000000      0.000000      0.000000     30.529172302987    114.355086887703     -0.195000     -0.941226     -0.510814  6    
442054.00      5009367.456428369507     -2267617.201657461468      3221053.358549466822     25.593317796476      0.000000      0.000000      0.000000     30.529168704975    114.355090930720     -0.018529     -0.702481      0.229868  6    
442055.00      5009365.673335609958     -2267616.948903619312      3221051.486340846866     23.153276171535      0.000000      0.000000      0.000000     30.529162079118    114.355096193476      0.004285     -0.556822      0.656592  6    
442056.00      5009366.502357974648     -2267616.929436796810      3221051.224647133611     23.663973020390      0.000000      0.000000      0.000000     30.529156622014    114.355092446336      0.006517     -0.584308     -0.116936  6    
442057.00      5009365.393567956984     -2267617.234920737334      3221050.283035604749     22.424086553045      0.000000      0.000000      0.000000     30.529153357088    114.355100110687      0.061443     -0.488432      0.062108  6    
442058.00      5009365.405316580087     -2267617.942063436843      3221049.535959340166     22.305000730790      0.000000      0.000000      0.000000     30.529146167214    114.355106772798      0.138128     -0.394635      0.286536  6    
442059.00      5009365.046290436760     -2267617.556429254822      3221049.028845691588     21.628680181690      0.000000      0.000000      0.000000     30.529144454435    114.355104654896     -0.015054     -0.496016     -0.121470  6    
442060.00      5009364.801397850737     -2267617.385196513031      3221048.669292145409     21.193038999103      0.000000      0.000000      0.000000     30.529143006602    114.355104081774      0.052432     -0.388907      0.143181  6    
442061.00      5009364.223679680377     -2267616.886272803415      3221047.857426338829     20.150057752617      0.000000      0.000000      0.000000     30.529140052925    114.355101828194     -0.048461     -0.417969     -0.338156  6    
442062.00      5009364.591566372663     -2267617.150916941930      3221047.367198923603     20.283727230504      0.000000      0.000000      0.000000     30.529134208227    114.355102759518     -0.046317     -0.939101     -0.081028  6    
442063.00      5009364.961251976900     -2267617.105601530522      3221046.761920978315     20.250261204317      0.000000      0.000000      0.000000     30.529128047803    114.355100740800      0.057267     -1.389297     -0.035907  6    
442064.00      5009365.671071252786     -2267617.224682263099      3221046.326239909977     20.628251519054      0.000000      0.000000      0.000000     30.529121474647    114.355098821052      0.144240     -0.784084     -0.833331  6    
442065.00      5009365.441492639482     -2267617.814545157366      3221045.423535174690     20.199077122845      0.000000      0.000000      0.000000     30.529114304556    114.355105406873      0.560316     -0.844098     -0.041387  6    
442066.00      5009365.301106682047     -2267618.443139313255      3221045.701076870319     20.453188859858      0.000000      0.000000      0.000000     30.529115859212    114.355111977087      0.856575     -0.900146      0.250963  6    
442067.00      5009365.264649549499     -2267619.019327160902      3221044.139294556342     19.835906764492      0.000000      0.000000      0.000000     30.529102787928    114.355117603243      0.718181     -0.803124     -0.264518  6    
442068.00      5009365.871199618094     -2267619.790975168813      3221043.852984417230     20.440543331206      0.000000      0.000000      0.000000     30.529096573335    114.355122321779      0.801818     -0.607985      0.744555  6    
442069.00      5009365.605677551590     -2267620.749945979565      3221043.298370060045     20.291100823320      0.000000      0.000000      0.000000     30.529091560397    114.355132565827      1.069204     -0.600569     -0.119665  6    
442070.00      5009365.778815256432     -2267622.375177704263      3221042.003266982269     20.346401908435      0.000000      0.000000      0.000000     30.529077703962    114.355147249448      1.122560     -0.181522      0.190713  6    
442071.00      5009363.315578544512     -2267622.025667708833      3221042.482459496707     18.532727145590      0.000000      0.000000      0.000000     30.529092369887    114.355154516376      0.691249     -0.381771      0.833232  6    
442072.00      5009362.320368898101     -2267622.307191606611      3221041.671445844695     17.439799409360      0.000000      0.000000      0.000000     30.529089690816    114.355161465234      1.142893     -0.129396     -0.170769  6    
442073.00      5009363.980210835114     -2267624.550942295231      3221044.337793953717     20.893773159944      0.000000      0.000000      0.000000     30.529099239283    114.355175631721      0.914817     -0.350168     -0.447864  6    
442074.00      5009363.012663332745     -2267625.496062711347      3221044.204026781954     20.402301878668      0.000000      0.000000      0.000000     30.529100452861    114.355188760940      0.800713      0.118485      0.274304  6    
442075.00      5009363.926979158074     -2267626.188261269126      3221042.639094902202     20.570716247894      0.000000      0.000000      0.000000     30.529083169083    114.355191402797      1.090110      0.130551     -0.279006  6    
442076.00      5009363.532566409558     -2267627.891815778799      3221042.863076960668     20.980133688077      0.000000      0.000000      0.000000     30.529083336718    114.355209268691      0.955813      0.163135     -0.103182  6    
442077.00      5009363.710243220441     -2267629.304755012505      3221042.321296832524     21.346256895922      0.000000      0.000000      0.000000     30.529075715631    114.355221917596      1.315065      0.002719      0.156914  6    
442078.00      5009361.421099432744     -2267628.979773766361      3221041.252781790681     18.891711534001      0.000000      0.000000      0.000000     30.529077583136    114.355228669306      0.909783      0.407493      0.660460  6    
442079.00      5009361.350194483064     -2267630.436309908982      3221042.175723417662     19.822298916057      0.000000      0.000000      0.000000     30.529082297883    114.355242800231      0.512632      0.280941      0.268183  6    
442080.00      5009360.638919036835     -2267632.073450371623      3221044.709932940546     21.133018739522      0.000000      0.000000      0.000000     30.529101863638    114.355261397269      1.075029     -0.245168     -0.167649  6    
442081.00      5009360.884743774310     -2267633.035712886602      3221042.429284326732     20.509225181304      0.000000      0.000000      0.000000     30.529081299058    114.355269475263      0.959031      0.072137      0.033663  6    
442082.00      5009361.111256662756     -2267634.018730758689      3221043.313357634936     21.485252268612      0.000000      0.000000      0.000000     30.529085365059    114.355277833260      0.949722     -0.066382     -0.041210  6    
442083.00      5009357.459557401948     -2267635.052873240784      3221041.920306545217     18.279427927919      0.000000      0.000000      0.000000     30.529087830470    114.355303341553      1.100755      0.086746     -0.196266  6    
442084.00      5009361.066267604940     -2267637.572867482901      3221043.986125257798     23.054213601165      0.000000      0.000000      0.000000     30.529084064165    114.355311764371      1.127447     -0.185569      0.284143  6    
442085.00      5009358.333255439997     -2267637.934670003131      3221042.087198510766     20.073492900468      0.000000      0.000000      0.000000     30.529080034628    114.355326942781      1.045968      0.122988      0.002269  6    
442086.00      5009356.924811946228     -2267639.084399011917      3221042.022177141160     19.343650430441      0.000000      0.000000      0.000000     30.529083236123    114.355343908838      1.768106      0.641376      0.799233  6    
442087.00      5009356.840937122703     -2267641.022054508328      3221043.791061148979     20.864686457440      0.000000      0.000000      0.000000     30.529093668648    114.355362662529      1.768106      0.641376      0.799234  6    
442088.00      5009358.081630969420     -2267643.747636493761      3221047.393850534223     24.636601563543      0.000000      0.000000      0.000000     30.529111332185    114.355383203837      1.768106      0.641375      0.799235  6    
442089.00      5009355.238845383748     -2267643.730714424979      3221047.301171826199     22.352739820257      0.000000      0.000000      0.000000     30.529122510667    114.355395258928      1.164939     -0.314670     -0.237395  6    
442090.00      5009356.980740970932     -2267643.424482119270      3221042.330815012101     21.086025886238      0.000000      0.000000      0.000000     30.529077199603    114.355384866912      0.835586      0.095562     -0.421574  6    
442091.00      5009356.292071493343     -2267645.159037741832      3221043.977494709659     21.998249219730      0.000000      0.000000      0.000000     30.529089590985    114.355404291521      0.959098     -0.375050      0.436504  6    
442092.00      5009357.205913441256     -2267647.745015354361      3221048.475717353635     25.918948002160      0.000000      0.000000      0.000000     30.529115839998    114.355424912125      0.956387     -0.085474     -0.029898  6    
442093.00      5009356.387434165925     -2267649.813420333900      3221049.274100458715     26.416987399571      0.000000      0.000000      0.000000     30.529121551304    114.355448063607      0.844426      0.522679      0.538053  6    
442094.00      5009353.308584277518     -2267647.835119682364      3221047.133438344114     22.210824221373      0.000000      0.000000      0.000000     30.529121509090    114.355442514670      1.148271     -0.529808     -0.044521  6    
442095.00      5009354.853921968490     -2267649.837496633641      3221047.707025006879     24.426135913469      0.000000      0.000000      0.000000     30.529115731305    114.355454881816      1.317701      0.163514     -0.032631  6    
442096.00      5009354.437763518654     -2267651.090583366808      3221047.167516835034     24.270643141121      0.000000      0.000000      0.000000     30.529110908746    114.355468565055      0.119999     -0.024748     -0.258405  6    
442097.00      5009353.158875940368     -2267653.579246890731      3221046.636317774653     23.881286801770      0.000000      0.000000      0.000000     30.529107417237    114.355497684282      0.879030     -0.074941     -0.118256  6    
442098.00      5009349.988844602369     -2267651.628249946050      3221045.595119445119     20.171772294678      0.000000      0.000000      0.000000     30.529116246627    114.355492786375      1.061276      0.264036      0.226528  6    
442099.00      5009349.075723795220     -2267651.413867902942      3221045.808636665344     19.487542167306      0.000000      0.000000      0.000000     30.529122122337    114.355494675133      1.081625     -0.147029     -0.276849  6    
442100.00      5009349.449275222607     -2267653.213185111992      3221046.874781629071     20.961414881982      0.000000      0.000000      0.000000     30.529125446688    114.355510150015      1.004560     -0.069894     -0.094827  6    
442101.00      5009348.761383836158     -2267653.806867121719      3221047.659869980998     21.031316088513      0.000000      0.000000      0.000000     30.529133296261    114.355518741512      1.066281      0.320001     -0.061666  6    
442102.00      5009347.744801079854     -2267654.231521670707      3221047.926008327864     20.519631773233      0.000000      0.000000      0.000000     30.529138805160    114.355527140938      0.830538     -0.064467     -0.520735  6    
442103.00      5009350.422621591017     -2267657.152436099481      3221049.837294543162     24.629427530803      0.000000      0.000000      0.000000     30.529136957977    114.355543360877      1.447316     -0.261212     -0.277731  6    
442104.00      5009350.977672336623     -2267657.084831258748      3221049.548412697855     24.894222438335      0.000000      0.000000      0.000000     30.529132524241    114.355540334016      0.651480      0.054123      0.761423  6    
442105.00      5009350.730203940533     -2267658.035864327569      3221049.205177833326     24.863508774899      0.000000      0.000000      0.000000     30.529129093284    114.355550425121      0.871073      0.216701      0.053480  6    
442106.00      5009349.680216403678     -2267660.005535306409      3221048.807589949109     24.537287090905      0.000000      0.000000      0.000000     30.529126665100    114.355573634194      0.871073      0.216701      0.053481  6    
442107.00      5009353.560738326982     -2267663.769270547666      3221049.220942574553     29.129337556660      0.000000      0.000000      0.000000     30.529106566295    114.355592686417      2.889829     -1.409856     -7.827206  6    
442108.00      5009349.296027001925     -2267662.258245762438      3221049.839043242857     25.559988706373      0.000000      0.000000      0.000000     30.529132026164    114.355596669003      1.282199     -0.049633     -1.483416  6    
442109.00      5009348.963114142418     -2267663.455486811232      3221050.847483911552     26.236305912957      0.000000      0.000000      0.000000     30.529138988833    114.355609464405      0.895756     -0.009039      0.776744  6    
442110.00      5009349.693649027497     -2267664.349690164905      3221050.314967421349     26.856705881655      0.000000      0.000000      0.000000     30.529130112127    114.355614813440      2.101837     -1.309033     -4.971224  6    
442111.00      5009344.988051608205     -2267662.521042952314      3221048.959938798565     21.826257715933      0.000000      0.000000      0.000000     30.529142681829    114.355617675555      1.010754     -0.049885     -0.181469  6    
442112.00      5009347.233882026747     -2267664.199328424875      3221046.247075946070     22.806692399085      0.000000      0.000000      0.000000     30.529109057421    114.355623956076      1.179226      0.017421     -0.082823  6    
442113.00      5009350.464942697436     -2267666.345142346807      3221047.065345117822     26.520060356706      0.000000      0.000000      0.000000     30.529097873038    114.355630440944      1.132602      0.169882      0.417226  6    
442114.00      5009354.681233620271     -2267668.958484718576      3221051.414746313356     32.966360135935      0.000000      0.000000      0.000000     30.529109128656    114.355637130154      1.132602      0.169882      0.417226  6    
442115.00      5009346.736079389229     -2267668.462931266520      3221044.015030821785     22.796790711582      0.000000      0.000000      0.000000     30.529085736222    114.355666567519      0.704934     -0.017918     -0.379784  6    
442116.00      5009347.238378690556     -2267668.444951191545      3221041.899931521155     22.110145226121      0.000000      0.000000      0.000000     30.529067239614    114.355664238392      1.314822      0.528091      0.587055  6    
442117.00      5009344.277146814391     -2267668.320129341446      3221043.368392275646     20.488032912835      0.000000      0.000000      0.000000     30.529091246087    114.355675778355      0.894126      0.035678     -0.320375  6    
442118.00      5009346.547774450853     -2267669.484363276977      3221037.968819955830     19.940542261116      0.000000      0.000000      0.000000     30.529037614392    114.355677072647      1.031312     -0.235752     -0.459882  6    
442119.00      5009345.315235492773     -2267671.004986721091      3221043.006369131152     22.072475084104      0.000000      0.000000      0.000000     30.529079026560    114.355696803581      1.614485      0.045807      0.318055  6    
442120.00      5009335.046902509406     -2267670.195006187074      3221046.385068524163     15.443366227672      0.000000      0.000000      0.000000     30.529149671753    114.355733239429      1.221235     -0.053556     -0.129826  6    
442121.00      5009332.424906261265     -2267671.159526393283      3221048.255548710469     14.678644425236      0.000000      0.000000      0.000000     30.529173327321    114.355753662306      1.162260     -0.008892     -0.526524  6    
442122.00      5009337.449246747419     -2267673.898547340184      3221048.617809689138     19.778301810846      0.000000      0.000000      0.000000     30.529149993191    114.355758072110      1.162260     -0.008892     -0.526524  6    
442123.00      5009338.262094977312     -2267674.878384154290      3221046.919481256977     19.901509509422      0.000000      0.000000      0.000000     30.529131552956    114.355763880286      1.290520     -0.067386      0.415000  6    
442124.00      5009334.829691441730     -2267675.038066553418      3221046.767087131739     17.187376525253      0.000000      0.000000      0.000000     30.529144394951    114.355780145675      2.089353     -0.110868     -1.558581  6    
442125.00      5009336.898175885901     -2267676.985696613323      3221043.579876190983     17.883369267918      0.000000      0.000000      0.000000     30.529107316252    114.355789744962     -2.539056      3.383605     19.846774  6    
442126.00      5009326.916371264495     -2267672.184470206965      3221040.689603699371      6.876804967411      0.000000      0.000000      0.000000     30.529135598961    114.355787062726      2.144308     -0.786440     -2.828952  6    
442127.00      5009343.131184199825     -2267680.747057831381      3221049.938781389501     27.340802901424      0.000000      0.000000      0.000000     30.529123597571    114.355798665447      1.269659      0.064882     -0.311974  6    
442128.00      5009335.774952933192     -2267679.480587570462      3221043.744660311379     17.971933102235      0.000000      0.000000      0.000000     30.529108570750    114.355818254422      1.362424      0.093176      0.323688  6    
442129.00      5009334.072182025760     -2267679.965613538865      3221041.622578446753     15.730080170557      0.000000      0.000000      0.000000     30.529098273936    114.355830175636      1.158899      0.175407     -0.729672  6    
442130.00      5009333.757820886560     -2267681.517100221477      3221043.279282409698     16.876100427471      0.000000      0.000000      0.000000     30.529109526618    114.355846254006      1.253149      0.500572      0.787982  6    
442131.00      5009332.874402893707     -2267682.336232526693      3221042.474461197853     16.065024838783      0.000000      0.000000      0.000000     30.529105413081    114.355857825832      0.880988      0.231802     -0.274384  6    
442132.00      5009331.379513265565     -2267684.440018789843      3221043.249447219074     16.032975750044      0.000000      0.000000      0.000000     30.529113699193    114.355884219854      0.077956      0.508458     -1.920441  6    
442133.00      5009334.026516126469     -2267685.882652852684      3221041.432956365403     17.699843161739      0.000000      0.000000      0.000000     30.529085810060    114.355886539414      1.512883     -0.024222     -0.069746  6    
442134.00      5009333.742646094412     -2267686.731078023091      3221042.661302808672     18.402445629239      0.000000      0.000000      0.000000     30.529094935760    114.355895812934      1.174320     -0.115448     -0.263773  6    
442135.00      5009331.423034748062     -2267688.292221307755      3221044.381166355684     18.010440920480      0.000000      0.000000      0.000000     30.529115031374    114.355920599891      1.109004     -0.082505      0.057482  6    
442136.00      5009331.922082517296     -2267690.232207443099      3221044.487073067576     19.144993458875      0.000000      0.000000      0.000000     30.529110105166    114.355936870711      1.253292      0.117973      0.704154  6    
442137.00      5009332.978337296285     -2267692.385005695745      3221046.087127460167     21.551381488331      0.000000      0.000000      0.000000     30.529114060077    114.355952767216      1.186271     -0.257277      0.505017  6    
442138.00      5009333.785625358112     -2267692.608162943739      3221045.497831463814     21.964793080464      0.000000      0.000000      0.000000     30.529105689851    114.355951416464      1.007033     -0.440858     -0.091204  6    
442139.00      5009332.206672829576     -2267694.453209714964      3221045.980333122425     21.626294595189      0.000000      0.000000      0.000000     30.529112543231    114.355975715623      0.782254      0.014239     -0.440147  6    
442140.00      5009330.791472366080     -2267695.190905388445      3221046.187195496634     20.882908329368      0.000000      0.000000      0.000000     30.529118663931    114.355988799589      1.014801      0.014971     -0.286041  6    
442141.00      5009326.384486795403     -2267695.613323559985      3221048.071227733977     18.531806036830      0.000000      0.000000      0.000000     30.529150900155    114.356011747095      0.957917      0.221017      1.135218  6    
442142.00      5009326.618275774643     -2267695.578860246576      3221045.434006576426     17.363373496570      0.000000      0.000000      0.000000     30.529129498759    114.356010415313      1.343201     -0.048982      0.753160  6    
442143.00      5009331.421697612852     -2267698.274970362894      3221045.165588462725     21.954064286314      0.000000      0.000000      0.000000     30.529102267690    114.356015366847      1.363662      0.485904      1.232630  6    
442144.00      5009330.126592953689     -2267699.691820465028      3221044.319045707583     21.011073368602      0.000000      0.000000      0.000000     30.529098418973    114.356034381608      1.183424      0.033854      0.332611  6    
442145.00      5009333.001466203481     -2267703.301624631044      3221047.472210130654     26.151071916334      0.000000      0.000000      0.000000     30.529104096539    114.356056293701      0.265772     -0.174035     -1.983307  6    
442146.00      5009333.626232237555     -2267704.836517705116      3221049.645938507747     28.290780735202      0.000000      0.000000      0.000000     30.529115477530    114.356068178893      1.162117     -0.067264     -0.217770  6    
442147.00      5009333.923311946914     -2267705.365196905565      3221048.796916610096     28.280424316414      0.000000      0.000000      0.000000     30.529106641710    114.356071920755      1.246223      0.086876     -0.246554  6    
442148.00      5009333.892705331556     -2267704.887662231922      3221044.925144437701     26.120003563352      0.000000      0.000000      0.000000     30.529077589073    114.356067519292      1.246222      0.086876     -0.246554  6    
442149.00      5009334.262141554616     -2267706.217144301161      3221044.929367305245     26.884327187203      0.000000      0.000000      0.000000     30.529073567481    114.356078551824      0.754465      0.140166      0.047246  6    
442150.00      5009327.736079819500     -2267705.399942599237      3221044.466347240377     21.237763968296      0.000000      0.000000      0.000000     30.529098755627    114.356098838416      1.191760     -0.083006      0.588588  6    
442151.00      5009326.988403266296     -2267706.499301402364      3221043.740269137546     20.672756176442      0.000000      0.000000      0.000000     30.529094157729    114.356112486989      0.939142     -0.150582     -0.044347  6    
442152.00      5009330.818112816662     -2267708.259891695809      3221046.266933698207     25.586872621439      0.000000      0.000000      0.000000     30.529094476204    114.356112742269      1.050687     -0.401715     -0.201337  6    
442153.00      5009324.992740874179     -2267708.711300520226      3221044.858722548001     20.460670028813      0.000000      0.000000      0.000000     30.529106998317    114.356142060153      0.644619     -0.479947     -0.685430  6    
442154.00      5009336.395294898190     -2267712.161026305053      3221046.572398098651     31.504328609444      0.000000      0.000000      0.000000     30.529066197157    114.356125807335      1.907197     -0.307868      1.101644  6    
442155.00      5009325.514968873002     -2267710.401303675957      3221043.659380835481     20.861579932272      0.000000      0.000000      0.000000     30.529092306223    114.356155858345      0.824022     -0.371190     -0.473362  6    
442156.00      5009326.571645587683     -2267710.563571198843      3221042.212495774496     21.013424444944      0.000000      0.000000      0.000000     30.529076346772    114.356152857890      1.142901     -0.133132     -0.014835  6    
442157.00      5009326.775863505900     -2267711.228558945935      3221042.556213145144     21.584503693506      0.000000      0.000000      0.000000     30.529076908310    114.356158292701      0.877794      0.091913     -0.065773  6    
442158.00      5009326.127622626722     -2267712.396266916767      3221044.690532948356     22.574817926623      0.000000      0.000000      0.000000     30.529093990832    114.356172162778      0.877794      0.091913     -0.065773  6    
442159.00      5009324.626922952011     -2267714.066695111804      3221048.615455182735     23.984369290993      0.000000      0.000000      0.000000     30.529127594322    114.356194468125      0.877794      0.091913     -0.065773  6    
442160.00      5009322.490050630644     -2267713.172932738438      3221043.451894316822     19.367085027508      0.000000      0.000000      0.000000     30.529098083400    114.356195166740      1.098985     -0.325570     -0.771136  6    
442161.00      5009322.893558853306     -2267714.299368106760      3221042.441709495615     19.570722970180      0.000000      0.000000      0.000000     30.529086421535    114.356204125435      1.377261     -0.087421     -0.079265  6    
442162.00      5009325.837447619066     -2267717.446001216769      3221045.584900719114     24.595282229595      0.000000      0.000000      0.000000     30.529092608752    114.356221344190      1.377261     -0.087422     -0.079265  6    
442163.00      5009323.159422023222     -2267718.944861924276      3221047.127070278395     23.809649107978      0.000000      0.000000      0.000000     30.529112937450    114.356247080186      1.648020      0.306814      0.376473  6    
442164.00      5009323.925899861380     -2267721.346583327278      3221048.463889032602     25.943363360129      0.000000      0.000000      0.000000     30.529115586255    114.356266584712      0.981472     -0.315966     -0.697382  6    
442165.00      5009327.729014459997     -2267722.549222584348      3221051.397397247609     30.845072452910      0.000000      0.000000      0.000000     30.529120231157    114.356261657831      0.856256     -1.415542     -2.071536  6    
442166.00      5009326.262968352064     -2267723.812593548559      3221049.461979852524     29.160305195488      0.000000      0.000000      0.000000     30.529108925692    114.356279950277      0.737636     -0.118996     -0.669360  6    
442167.00      5009320.489602714777     -2267720.589603443164      3221042.177449257113     19.784605611116      0.000000      0.000000      0.000000     30.529082516465    114.356274165704      1.320953     -0.045856      0.208068  6    
442168.00      5009319.709418065846     -2267722.675390395336      3221041.470652027056     19.554302897304      0.000000      0.000000      0.000000     30.529076340011    114.356297317620      0.964036     -0.096204     -0.244441  6    
442169.00      5009319.746576028876     -2267723.493597415276      3221042.611160897650     20.453469945118      0.000000      0.000000      0.000000     30.529083500251    114.356304924748      1.066104     -0.066704      0.172872  6    
442170.00      5009320.092195030302     -2267725.357868499588      3221044.056455770507     22.121114759706      0.000000      0.000000      0.000000     30.529089764279    114.356321136067      0.654607     -0.308840      0.109001  6    
442171.00      5009325.136409412138     -2267726.901478555985      3221042.709147248883     25.943299879320      0.000000      0.000000      0.000000     30.529055323248    114.356314112485      0.813249     -0.101413      0.162074  6    
442172.00      5009319.618734576739     -2267727.190118959174      3221043.429551281035     22.082020029426      0.000000      0.000000      0.000000     30.529083407329    114.356340563218      0.597245     -0.072534      0.277704  6    
442173.00      5009314.284456198104     -2267727.281965039670      3221047.266217299737     19.877733415924      0.000000      0.000000      0.000000     30.529135310439    114.356364357831     -0.205491     -0.002858     -0.188292  6    
442174.00      5009314.117898908444     -2267726.222525883466      3221045.197414785624     18.319778275676      0.000000      0.000000      0.000000     30.529121933574    114.356355016876     -0.022654     -0.044686     -0.014400  6    
442175.00      5009316.560464232229     -2267727.382895896677      3221044.937298859935     20.516553024761      0.000000      0.000000      0.000000     30.529107523895    114.356355535316      0.081179     -0.104353      0.098307  6    
442176.00      5009317.203309698030     -2267727.192180833779      3221045.390904810280     21.183670298196      0.000000      0.000000      0.000000     30.529108725305    114.356350962487      0.200825      0.053429      0.108849  6    
442177.00      5009317.706509051844     -2267728.233813525178      3221044.631161293946     21.562631349079      0.000000      0.000000      0.000000     30.529098753421    114.356358687772      0.701190      0.051713      0.134637  6    
442178.00      5009316.396976110525     -2267728.561942728702      3221044.905010101385     20.790703831241      0.000000      0.000000      0.000000     30.529105727423    114.356367429929      0.724844      0.536255     -0.215623  6    
442179.00      5009314.445009751245     -2267727.929457840044      3221044.907996512949     19.035815225914      0.000000      0.000000      0.000000     30.529115093834    114.356369814195      0.427412      0.172090     -0.134693  6    
442180.00      5009314.723573829979     -2267727.488023126032      3221043.476007922087     18.370175889693      0.000000      0.000000      0.000000     30.529103638978    114.356364426828      0.605143      0.083110     -0.063935  6    
442181.00      5009316.604649459943     -2267728.475472977385      3221044.737069900613     20.837639659643      0.000000      0.000000      0.000000     30.529103719085    114.356365716691      0.597397      0.353022     -0.179232  6    
442182.00      5009313.538742383942     -2267729.680507329293      3221044.770820991136     18.877019665204      0.000000      0.000000      0.000000     30.529114502051    114.356390330446      0.564027      0.291626     -0.012986  6    
442183.00      5009313.198394156992     -2267729.465220409911      3221043.221641970798     17.746521759778      0.000000      0.000000      0.000000     30.529104292798    114.356389749408      0.817128      0.487239      0.071880  6    
442184.00      5009313.382250309922     -2267729.892033491284      3221043.048212987371     17.954317985103      0.000000      0.000000      0.000000     30.529101371284    114.356393010839      0.693673      0.754939     -0.526595  6    
442185.00      5009311.326717250980     -2267729.479041764047      3221044.589816928841     16.977713449858      0.000000      0.000000      0.000000     30.529122709957    114.356397923702      0.649013      0.679717      0.049712  6    
442186.00      5009310.964031992480     -2267730.159334948286      3221045.330758557655     17.311159347184      0.000000      0.000000      0.000000     30.529128695303    114.356405939921      0.711897      1.019436     -0.047640  6    
442187.00      5009310.561997404322     -2267730.676575944759      3221046.394043132663     17.719547794200      0.000000      0.000000      0.000000     30.529137657555    114.356412577466      0.488346      0.943566      0.281685  6    
442188.00      5009310.192536170594     -2267731.293713108636      3221047.703392160125     18.313979033381      0.000000      0.000000      0.000000     30.529148206928    114.356420023297      0.557222      1.200535      0.235260  6    
442189.00      5009313.273102641106     -2267732.974142744206      3221051.603918583132     23.309651675634      0.000000      0.000000      0.000000     30.529162478546    114.356422736689     -0.011024      1.510977      0.238212  6    
442190.00      5009308.336016823538     -2267730.287957928609      3221050.513724830933     17.927456178702      0.000000      0.000000      0.000000     30.529179692754    114.356418454165      0.069700      1.140971     -0.072700  6    
442191.00      5009308.750959670171     -2267730.776744090021      3221050.365982093383     18.351650650613      0.000000      0.000000      0.000000     30.529175889086    114.356421310832      0.003412      1.301252     -0.028856  6    
442192.00      5009307.503130346537     -2267730.191312128212      3221051.354876647703     17.666838309728      0.000000      0.000000      0.000000     30.529189887633    114.356421115899      0.208542      1.179412     -0.743618  6    
442193.00      5009307.801584804431     -2267730.302895980887      3221052.796870737802     18.673176707700      0.000000      0.000000      0.000000     30.529199634911    114.356420892565     -0.120744      1.227183      0.275352  6    
442194.00      5009307.088089532219     -2267729.835234994069      3221053.192231376655     18.147995242849      0.000000      0.000000      0.000000     30.529206568833    114.356419519390     -0.078672      1.145654     -0.552658  6    
442195.00      5009306.539872053079     -2267729.291164015885      3221054.278084230609     18.076119191945      0.000000      0.000000      0.000000     30.529218322200    114.356416710651     -0.305285      1.119743      0.251441  6    
442196.00      5009306.951338295825     -2267729.182835682295      3221055.227277531289     18.842685922980      0.000000      0.000000      0.000000     30.529224184353    114.356413914164      0.083625      1.204948     -0.028166  6    
442197.00      5009306.516105635092     -2267728.863203254994      3221055.969112529419     18.764446009882      0.000000      0.000000      0.000000     30.529232369028    114.356412750374      0.250871      1.525802      0.117850  6    
442198.00      5009305.234174071811     -2267728.332266733982      3221056.503589224536     17.841399553232      0.000000      0.000000      0.000000     30.529242876230    114.356413219283      0.250871      1.525802      0.117850  6    
442199.00      5009303.298405124806     -2267727.174778208137      3221056.039284043945     15.675348159857      0.000000      0.000000      0.000000     30.529249536424    114.356410550379      0.111546      0.991108     -0.044521  6    
442200.00      5009303.474239183590     -2267727.360823438503      3221057.823964603245     16.785995603539      0.000000      0.000000      0.000000     30.529262317432    114.356411560802      0.155441      1.349944     -0.262594  6    
442201.00      5009302.953666974790     -2267727.211349889636      3221058.903742732946     16.872904733755      0.000000      0.000000      0.000000     30.529273162530    114.356412378970      0.075559      1.149486     -0.092662  6    
442202.00      5009302.710713511333     -2267727.260454884265      3221059.690932025202     17.099577032030      0.000000      0.000000      0.000000     30.529280200169    114.356413889137      0.044246      1.208234     -0.200675  6    
442203.00      5009303.764700618573     -2267727.552419730928      3221061.502647962421     18.950677065179      0.000000      0.000000      0.000000     30.529289325417    114.356412131334      0.110411      1.228856      1.165235  6    
442204.00      5009302.828973550349     -2267727.069312824868      3221062.478922332637     18.540715212002      0.000000      0.000000      0.000000     30.529301729753    114.356411566528     -0.126782      1.030838      0.205896  6    
442205.00      5009303.716983360238     -2267727.027793918271      3221064.925840545446     20.465775528923      0.000000      0.000000      0.000000     30.529317113384    114.356407356386     -0.078156      1.204278      0.519237  6    
442206.00      5009301.332291644998     -2267726.742655356415      3221064.794492696412     18.426480771042      0.000000      0.000000      0.000000     30.529326586041    114.356414897395     -0.109948      1.161563      0.207185  6    
442207.00      5009302.951068532653     -2267727.209008519538      3221066.514773641713     20.736277534626      0.000000      0.000000      0.000000     30.529332313711    114.356412367911     -0.075411      0.669662      0.105668  6    
442208.00      5009301.115589179099     -2267727.300424853340      3221066.833700289018     19.490450003184      0.000000      0.000000      0.000000     30.529342280749    114.356421123245     -0.158397      0.947600     -0.007545  6    
442209.00      5009301.771790888160     -2267727.562474112492      3221068.004093039781     20.693000551313      0.000000      0.000000      0.000000     30.529348140050    114.356420790862     -0.075096      1.129510      0.155624  6    
442210.00      5009299.376128503121     -2267726.558587579522      3221068.444239403121     18.680078241043      0.000000      0.000000      0.000000     30.529363457110    114.356421556315     -0.068440      1.187462      0.134706  6    
442211.00      5009297.540964603424     -2267726.115884308238      3221068.389725619927     17.055058769882      0.000000      0.000000      0.000000     30.529371530631    114.356425240176      0.025800      1.110489     -0.341292  6    
442212.00      5009298.794197920710     -2267726.023803221062      3221069.974686804693     18.810895048082      0.000000      0.000000      0.000000     30.529378788049    114.356418980600     -0.070012      1.344438     -0.178057  6    
442213.00      5009302.978179946542     -2267727.329911068082      3221073.608364855871     24.403902391903      0.000000      0.000000      0.000000     30.529387087529    114.356413399071     -0.081785      1.052421      0.350940  6    
442214.00      5009303.048828892410     -2267726.345952601172      3221075.104721711949     24.869921072386      0.000000      0.000000      0.000000     30.529400278335    114.356403755263     -0.078896      1.319218      0.165889  6    
442215.00      5009300.076626740396     -2267725.982728132978      3221074.744749814272     22.225729908794      0.000000      0.000000      0.000000     30.529410574658    114.356413079738      0.067612      1.150817     -0.106954  6    
442216.00      5009298.233174365014     -2267725.737029163167      3221074.980963060167     20.811874326319      0.000000      0.000000      0.000000     30.529420569381    114.356418669276      0.035959      1.175369      0.119312  6    
442217.00      5009299.439176367596     -2267725.744241674896      3221077.029620619025     22.801470492035      0.000000      0.000000      0.000000     30.529431439105    114.356413555211     -0.022937      0.899343      0.247135  6    
442218.00      5009302.107896247879     -2267726.148230622523      3221080.011723159347     26.553990688175      0.000000      0.000000      0.000000     30.529442705847    114.356405921838      0.035285      0.949659     -0.227253  6    
442219.00      5009301.697718115523     -2267726.083446145523      3221080.911877396982     26.666369533166      0.000000      0.000000      0.000000     30.529451534440    114.356407069521     -0.026755      1.157365      0.233530  6    
442220.00      5009302.522322429344     -2267725.460871234071      3221082.449049011804     27.873132300563      0.000000      0.000000      0.000000     30.529461212215    114.356397616184      0.018521      1.176686      0.177343  6    
442221.00      5009297.247257206589     -2267725.086137926206      3221080.488723655231     22.604837574065      0.000000      0.000000      0.000000     30.529468708800    114.356416727460      0.093033      0.931703     -0.597681  6    
442222.00      5009295.214200212620     -2267724.389487897046      3221080.407499918249     20.720752451569      0.000000      0.000000      0.000000     30.529477880767    114.356418851135     -0.145473      1.065492      0.019575  6    
442223.00      5009294.701186991297     -2267724.090281888377      3221081.611060050782     20.823286008090      0.000000      0.000000      0.000000     30.529489939009    114.356418215487     -0.023087      1.116846     -0.204083  6    
442224.00      5009298.112236144952     -2267724.609634839930      3221084.306199749932     25.053525933065      0.000000      0.000000      0.000000     30.529495659385    114.356408487199     -0.174384      1.030538     -0.279314  6    
442225.00      5009293.515327157453     -2267723.595813394524      3221083.419470627792     20.635722967796      0.000000      0.000000      0.000000     30.529509874439    114.356418617723      0.108497      1.279665     -0.049687  6    
442226.00      5009293.104372344911     -2267723.233712591231      3221084.724692801945     20.847642784007      0.000000      0.000000      0.000000     30.529522415400    114.356416946471      0.061719      1.212812     -0.688510  6    
442227.00      5009291.752266944386     -2267723.070205375087      3221085.076344306115     19.907189409249      0.000000      0.000000      0.000000     30.529531100723    114.356421204764      0.176073      1.266386      0.098214  6    
442228.00      5009290.485206140205     -2267722.328663904220      3221086.142841734458     19.191260573454      0.000000      0.000000      0.000000     30.529546077541    114.356419610604      0.105630      1.137399     -0.107752  6    
442229.00      5009290.163710709661     -2267722.396254919469      3221086.736482507084     19.264552079141      0.000000      0.000000      0.000000     30.529551904269    114.356421633771     -0.065746      1.050879     -0.026986  6    
442230.00      5009291.222386561334     -2267722.092615903355      3221088.173948175274     20.717642443255      0.000000      0.000000      0.000000     30.529559227561    114.356414202040     -0.133646      1.122892      0.244315  6    
442231.00      5009290.199417987838     -2267721.222249185201      3221088.878129043151     19.963440203108      0.000000      0.000000      0.000000     30.529570613801    114.356410336068      0.130287      1.108545      0.288567  6    
442232.00      5009291.997273152694     -2267721.276390565559      3221090.822144431062     22.380983212963      0.000000      0.000000      0.000000     30.529578111176    114.356403124106     -0.007051      0.934169      0.019942  6    
442233.00      5009290.325828449801     -2267720.994276681449      3221091.090175179765     21.105332591571      0.000000      0.000000      0.000000     30.529587703950    114.356407628815     -0.065213      1.054094     -0.155437  6    
442234.00      5009290.399696764536     -2267721.267848351039      3221093.010136387311     22.235788557678      0.000000      0.000000      0.000000     30.529601796218    114.356409908263     -0.166507      1.025098      0.082784  6    
442235.00      5009288.584281038493     -2267721.002656430006      3221093.484925054945     20.958204870112      0.000000      0.000000      0.000000     30.529613564454    114.356415192292     -0.085642      1.353908      0.181382  6    
442236.00      5009287.952595815994     -2267721.313349649310      3221094.098920116201     20.884788963944      0.000000      0.000000      0.000000     30.529620384760    114.356420856086     -0.161599      1.003156     -0.126430  6    
442237.00      5009287.268762832507     -2267720.635304881260      3221094.729837623425     20.427812089212      0.000000      0.000000      0.000000     30.529629422676    114.356417358367     -0.031306      1.113482      0.539944  6    
442238.00      5009287.817976295017     -2267720.515707027633      3221095.726410187781     21.322538672015      0.000000      0.000000      0.000000     30.529635099196    114.356413862953      0.073789      0.984724     -0.116016  6    
442239.00      5009284.949260331690     -2267719.635519041680      3221096.087259508669     18.942079132423      0.000000      0.000000      0.000000     30.529651541148    114.356417835466      0.139592      1.400888      0.162455  6    
442240.00      5009284.310086691752     -2267719.696268980391      3221096.817761489656     18.833182026632      0.000000      0.000000      0.000000     30.529659770269    114.356421158852     -0.009476      1.321742     -1.149493  6    
442241.00      5009284.223790029995     -2267719.893257421907      3221097.895266301930     19.382798116654      0.000000      0.000000      0.000000     30.529668130170    114.356423399611     -0.048045      1.088319      0.063825  6    
442242.00      5009284.004345277324     -2267719.390668524429      3221099.075132348109     19.631414568052      0.000000      0.000000      0.000000     30.529679163204    114.356419571795      0.045342      0.914623     -0.033510  6    
442243.00      5009283.277976914309     -2267718.872640032321      3221099.960748476908     19.327287886292      0.000000      0.000000      0.000000     30.529690055234    114.356417775819      0.041280      1.158896      0.090856  6    
442244.00      5009284.137477452867     -2267719.201453293674      3221101.548728339374     20.925216457807      0.000000      0.000000      0.000000     30.529698184206    114.356417203558     -0.176358      1.206556      0.009216  6    
442245.00      5009285.268049944192     -2267719.254846821539      3221104.339994379319     23.249268033542      0.000000      0.000000      0.000000     30.529715051304    114.356412851996     -0.264000      1.154489      1.180889  6    
442246.00      5009283.939004001208     -2267719.044020392001      3221104.593730809633     22.260363714769      0.000000      0.000000      0.000000     30.529722969042    114.356416562022      0.172982      0.852265     -0.340511  6    
442247.00      5009282.938181109726     -2267718.750527672470      3221105.399174371734     21.779909882694      0.000000      0.000000      0.000000     30.529733959502    114.356418076868      0.030160      1.077232     -0.163750  6    
442248.00      5009282.542357822880     -2267718.708622859325      3221106.298855973408     21.911445613950      0.000000      0.000000      0.000000     30.529742681265    114.356419380055      0.073573      1.247243     -0.480656  6    
442249.00      5009281.610318318009     -2267718.424943763297      3221107.183050896972     21.528457392007      0.000000      0.000000      0.000000     30.529753977934    114.356420692475      0.092653      0.971596     -1.115558  6    
442250.00      5009281.232767911628     -2267718.168253830168      3221107.975166393444     21.543390519917      0.000000      0.000000      0.000000     30.529762193548    114.356419878286      0.060722      1.099152      0.253070  6    
442251.00      5009280.015339888632     -2267717.706304891966      3221108.970086292364     20.929376549087      0.000000      0.000000      0.000000     30.529775878710    114.356420724874      0.223970      1.048693     -0.469419  6    
442252.00      5009280.021549561992     -2267717.821748387069      3221110.177528010681     21.588622757234      0.000000      0.000000      0.000000     30.529785016117    114.356421794040     -0.315047      0.949928      0.274058  6    
442253.00      5009279.308451082557     -2267717.340807346161      3221111.457985046320     21.508659843355      0.000000      0.000000      0.000000     30.529798850474    114.356420293091      0.089286      1.012953     -1.110285  6    
442254.00      5009280.528229569085     -2267717.422984261531      3221112.589086270425     23.069598248228      0.000000      0.000000      0.000000     30.529802391754    114.356415831406     -0.214289      1.345707      0.020303  6    
442255.00      5009279.213076431304     -2267716.736320585478      3221113.453310374636     22.232681622729      0.000000      0.000000      0.000000     30.529815894036    114.356414964837     -0.121456      1.126160     -0.260552  6    
442256.00      5009278.165882915258     -2267716.170509329066      3221114.421267088037     21.701659648679      0.000000      0.000000      0.000000     30.529828855361    114.356414093960     -0.187913      0.777485     -0.327722  6    
442257.00      5009277.333588162437     -2267715.789258048870      3221114.875570961740     21.143902835436      0.000000      0.000000      0.000000     30.529836579921    114.356414051540      0.105006      1.032973      0.739224  6    
442258.00      5009279.561908353120     -2267715.725124015473      3221117.488037561066     24.196784957312      0.000000      0.000000      0.000000     30.529847697469    114.356403866990      0.081320      1.091194      0.063136  6    
442259.00      5009276.190568648279     -2267715.288524402771      3221118.192814903334     21.754212689586      0.000000      0.000000      0.000000     30.529868071574    114.356414210207      0.028613      1.174236      0.284305  6    
442260.00      5009276.215325141326     -2267715.079569319263      3221119.190204664133     22.206072187051      0.000000      0.000000      0.000000     30.529876112535    114.356412120307      0.092221      1.112610      0.732541  6    
442261.00      5009274.620847337879     -2267714.455745509826      3221119.547680151183     20.914872110821      0.000000      0.000000      0.000000     30.529886724784    114.356413050588      0.060667      1.211983     -0.169154  6    
442262.00      5009273.303158164956     -2267713.864973741118      3221119.622696814127     19.709124143235      0.000000      0.000000      0.000000     30.529893924542    114.356413105173     -0.030095      1.082163      0.338789  6    
442263.00      5009271.654263898730     -2267713.368845864199      3221120.177848668769     18.521003279835      0.000000      0.000000      0.000000     30.529906058529    114.356415481458     -0.023640      1.254716     -0.631780  6    
442264.00      5009268.557694623247     -2267712.296697928570      3221119.717934737913     15.476626485586      0.000000      0.000000      0.000000     30.529917437387    114.356418610951     -0.065848      1.049492      0.497844  6    
442265.00      5009265.781933031976     -2267711.018177654129      3221119.410423591733     12.688095752150      0.000000      0.000000      0.000000     30.529929051207    114.356418402837     -0.193850      1.166268      0.208083  6    
442266.00      5009267.658488694578     -2267712.122195202857      3221121.805572989397     15.769525330514      0.000000      0.000000      0.000000     30.529937741116    114.356420818641     -0.093092      1.297547      0.177486  6    
442267.00      5009268.342283775099     -2267712.286957450677      3221123.319191769231     17.133530180901      0.000000      0.000000      0.000000     30.529946335738    114.356419444176     -0.026201      1.152541     -0.059992  6    
442268.00      5009269.658885600045     -2267712.683272427879      3221125.539681056514     19.435437040403      0.000000      0.000000      0.000000     30.529957343398    114.356417548372      0.042185      1.044912     -0.212246  6    
442269.00      5009269.319432761520     -2267712.641589213163      3221126.638793154620     19.712597649544      0.000000      0.000000      0.000000     30.529967378947    114.356418611425      0.105740      1.248649     -0.101661  6    
442270.00      5009268.875507152639     -2267712.343827704433      3221127.556408617180     19.724612041377      0.000000      0.000000      0.000000     30.529976924349    114.356417692595     -0.122103      1.157734      0.125115  6    
442271.00      5009270.336305663921     -2267712.449638110586      3221129.351671698038     21.820462626405      0.000000      0.000000      0.000000     30.529984575163    114.356412419506     -0.049801      1.331032      0.068778  6    
442272.00      5009271.035054344684     -2267712.535673273727      3221130.930003076792     23.201108967885      0.000000      0.000000      0.000000     30.529993758917    114.356410233463      0.006054      1.298581     -0.065453  6    
442273.00      5009270.232399173081     -2267712.094873678405      3221131.777272859123     22.845081634820      0.000000      0.000000      0.000000     30.530004525521    114.356409498407     -0.000538      1.215586     -0.343144  6    
442274.00      5009269.592431208119     -2267711.605915873777      3221132.573943963740     22.573904019780      0.000000      0.000000      0.000000     30.530014310882    114.356407607089     -0.041411      1.190644     -0.243205  6    
442275.00      5009266.204999292269     -2267710.770599955227      3221133.316352151800     19.996188508347      0.000000      0.000000      0.000000     30.530035798084    114.356414234646      0.006216      1.162953     -0.224164  6    
442276.00      5009265.403792170808     -2267710.362355633639      3221134.383003708906     19.764306918718      0.000000      0.000000      0.000000     30.530048201661    114.356413802400      0.078420      0.992542      0.838878  6    
442277.00      5009264.612715272233     -2267710.040727267042      3221135.123283770867     19.405350342393      0.000000      0.000000      0.000000     30.530057863460    114.356414148828     -0.025602      0.915029     -0.571542  6    
442278.00      5009264.193803081289     -2267709.755029628985      3221136.055470216088     19.448681865819      0.000000      0.000000      0.000000     30.530067394862    114.356413237022     -0.146246      1.124711      0.165397  6    
442279.00      5009263.652567943558     -2267709.448783766478      3221137.035144247115     19.412850613706      0.000000      0.000000      0.000000     30.530077844681    114.356412655821      0.008009      1.035667      0.101999  6    
442280.00      5009262.990725343116     -2267709.258417276200      3221137.897614577785     19.264005097561      0.000000      0.000000      0.000000     30.530087668339    114.356413692900      0.065957      1.253467     -0.153040  6    
442281.00      5009261.912336422130     -2267708.938027563505      3221138.678014514036     18.700416306965      0.000000      0.000000      0.000000     30.530098838868    114.356415285755      0.094306      1.530979     -0.196913  6    
442282.00      5009261.119639596902     -2267708.685694276821      3221139.691228942480     18.503453841433      0.000000      0.000000      0.000000     30.530110497101    114.356416296933      0.205863      1.181839     -0.133280  6    
442283.00      5009260.132362685166     -2267708.334266196005      3221140.759723520838     18.146684675477      0.000000      0.000000      0.000000     30.530123584360    114.356417203618     -0.107049      1.276829     -0.275759  1    
442284.00      5009259.519711196423     -2267708.490661870223      3221141.050982678309     17.869452197105      0.000000      0.000000      0.000000     30.530128109246    114.356421320971      0.112715      0.831668      0.217895  1    
442285.00      5009260.194682841189     -2267708.521138736978      3221142.619669852778     19.206807782874      0.000000      0.000000      0.000000     30.530137422287    114.356418709709      0.026091      0.985934     -0.215856  6    
442286.00      5009261.595101332292     -2267709.420327295084      3221144.597697515041     21.629959709942      0.000000      0.000000      0.000000     30.530145245832    114.356421227274      0.045751      1.242124      0.047116  1    
442287.00      5009259.105094168335     -2267708.297222579829      3221144.531344411429     19.243380664848      0.000000      0.000000      0.000000     30.530157246919    114.356421266476      0.115204      1.194245     -0.258586  6    
442288.00      5009258.433829578571     -2267708.006038997322      3221145.477389191277     19.093784569763      0.000000      0.000000      0.000000     30.530167949778    114.356421387033      0.030411      1.053460     -0.070847  6    
442289.00      5009257.948007666506     -2267707.806191700976      3221146.553365819156     19.188155536540      0.000000      0.000000      0.000000     30.530178715455    114.356421577700      0.163602      0.893216     -0.132413  6    
442290.00      5009257.112072736025     -2267707.430781707168      3221147.386277797166     18.821952532046      0.000000      0.000000      0.000000     30.530189385873    114.356421606373      0.020999      0.976903      0.013378  6    
442291.00      5009255.040201585740     -2267706.551052852534      3221147.338395035826     16.859323668294      0.000000      0.000000      0.000000     30.530199325107    114.356422158975     -0.066128      1.142834      0.341936  1    
442292.00      5009257.490628962405     -2267707.643490120769      3221149.248270456214     20.140444641002      0.000000      0.000000      0.000000     30.530201870771    114.356421998746     -0.031452      1.211876      0.086637  1    
442293.00      5009255.650301493704     -2267706.618290733546      3221150.199283845723     18.815263556316      0.000000      0.000000      0.000000     30.530218879471    114.356420175441      0.042428      1.177237      0.248767  5    
442294.00      5009255.208784675226     -2267706.475843932014      3221151.191629739944     18.922308575362      0.000000      0.000000      0.000000     30.530228701943    114.356420720593      0.124758      1.162607     -0.997129  5    
442295.00      5009254.854006697424     -2267706.302017747890      3221152.255609293468     19.122659904882      0.000000      0.000000      0.000000     30.530238778204    114.356420595129      0.049959      0.977279     -0.250387  5    
442296.00      5009254.536503029987     -2267706.188003625721      3221153.322469194420     19.374971060082      0.000000      0.000000      0.000000     30.530248608215    114.356420877257     -0.036953      1.312294     -0.462011  5    
442297.00      5009253.872927493416     -2267705.800343888812      3221154.204708559439     19.164725978859      0.000000      0.000000      0.000000     30.530258965548    114.356420048964     -0.001058      1.171840      0.026562  5    
442298.00      5009253.392840774730     -2267705.700676095672      3221154.906090298668     19.108894769102      0.000000      0.000000      0.000000     30.530266607483    114.356421165947     -0.095922      1.209584      0.206662  5    
442299.00      5009252.116896405816     -2267705.016690405086      3221155.857869237196     18.348185908049      0.000000      0.000000      0.000000     30.530280621374    114.356420156302     -0.250079      0.589171     -0.913928  6    
442300.00      5009252.646346958354     -2267705.272679247428      3221156.836519556120     19.351728938520      0.000000      0.000000      0.000000     30.530285531282    114.356420311077      0.048258      1.352510     -0.075268  5    
442301.00      5009251.354240150191     -2267704.937422674149      3221157.886979151517     18.752347987145      0.000000      0.000000      0.000000     30.530299720344    114.356422681227      0.140206      1.105110      0.294551  6    
442302.00      5009250.614012870938     -2267704.570012855809      3221158.741988116875     18.475316107273      0.000000      0.000000      0.000000     30.530310147815    114.356422374556      0.137342      1.020592      0.148380  6    
442303.00      5009250.270713202655     -2267704.121560304426      3221159.843860815745     18.606368603185      0.000000      0.000000      0.000000     30.530320989556    114.356419592853      0.035073      1.061282     -0.407345  6    
442304.00      5009250.145682075061     -2267704.046067532152      3221160.944765907247     19.040692890994      0.000000      0.000000      0.000000     30.530330207831    114.356419413531      0.197471      0.881073     -0.249241  6    
442305.00      5009249.879901457578     -2267703.716691272333      3221161.870604262687     19.185450374149      0.000000      0.000000      0.000000     30.530339133218    114.356417429044      0.003184      1.058058     -0.041506  6    
442306.00      5009247.329638212919     -2267702.623053304385      3221162.196703300346     16.961424302310      0.000000      0.000000      0.000000     30.530354379458    114.356418006901     -0.159846      0.808183     -0.520472  6    
442307.00      5009246.382561733015     -2267702.326202216092      3221163.046370828990     16.544431087561      0.000000      0.000000      0.000000     30.530365495567    114.356419258912      0.112279      1.185109     -0.555338  6    
442308.00      5009245.816749267280     -2267701.753301224206      3221163.926527373027     16.344040519558      0.000000      0.000000      0.000000     30.530375778685    114.356416252078     -0.072427      1.072711     -0.023906  6    
442309.00      5009245.056188606657     -2267701.599536372349      3221165.192360812332     16.335645650513      0.000000      0.000000      0.000000     30.530389079277    114.356418060829     -0.061941      1.151623     -0.130547  6    
442310.00      5009244.544621410780     -2267700.910639539361      3221165.857873779256     16.027577936649      0.000000      0.000000      0.000000     30.530397687448    114.356413719784     -0.049544      1.389665     -0.336461  6    
442311.00      5009244.527195949107     -2267701.226021373179      3221167.146826526150     16.780720991082      0.000000      0.000000      0.000000     30.530407178936    114.356416788458     -0.213869      1.405735      0.159715  6    
442312.00      5009244.616288239136     -2267701.227079266682      3221168.766823460814     17.673958611675      0.000000      0.000000      0.000000     30.530419391879    114.356416415642      0.069962      1.247807      0.108139  6    
442313.00      5009244.062730184756     -2267701.204761198256      3221170.018010727596     17.867253323086      0.000000      0.000000      0.000000     30.530431466153    114.356418582606      0.052026      1.198032      0.109249  6    
442314.00      5009243.478832975961     -2267700.915877215564      3221171.147577874828     17.880265315063      0.000000      0.000000      0.000000     30.530443225875    114.356418349546      0.064892      1.124042     -0.797039  6    
442315.00      5009242.142662163824     -2267700.325332004577      3221172.051537927706     17.081203253008      0.000000      0.000000      0.000000     30.530456943082    114.356418485705      0.059037      1.418360      0.038262  6    
442316.00      5009241.862181295641     -2267700.367008014582      3221173.542566239834     17.633352774195      0.000000      0.000000      0.000000     30.530469619968    114.356420086637      0.108344      1.296782     -0.211000  6    
442317.00      5009242.019436165690     -2267700.852676327806      3221175.222598802764     18.782727014273      0.000000      0.000000      0.000000     30.530481099013    114.356424021115     -0.141082      1.109766     -0.166238  6    
442318.00      5009242.154670190066     -2267701.123720055446      3221176.415178691968     19.590955389664      0.000000      0.000000      0.000000     30.530489288226    114.356426012879     -0.040281      0.881811      0.304771  6    
442319.00      5009241.137799575925     -2267700.493053860497      3221176.161871839780     18.440307703800      0.000000      0.000000      0.000000     30.530492756782    114.356424396048     -0.086765      0.441055      0.137503  6    
442320.00      5009241.084090690129     -2267700.325647382997      3221176.420668286737     18.470161792822      0.000000      0.000000      0.000000     30.530495308108    114.356423037730      0.061008      0.763782     -0.087782  6    
442321.00      5009240.851779066026     -2267700.441672195680      3221177.168636332732     18.709049313329      0.000000      0.000000      0.000000     30.530501870077    114.356425137428     -0.007851      0.939834      0.134788  6    
442322.00      5009240.164802769199     -2267699.856312652584      3221178.042031986173     18.405724471435      0.000000      0.000000      0.000000     30.530512629999    114.356422533009     -0.141599      1.115405      0.018408  6    
442323.00      5009239.989872803912     -2267699.667118046433      3221179.073192146607     18.725075740367      0.000000      0.000000      0.000000     30.530521729536    114.356421488792     -0.106678      0.977296      0.402354  6    
442324.00      5009239.357944888063     -2267699.928798923269      3221179.971394534688     18.778447145596      0.000000      0.000000      0.000000     30.530530851685    114.356426688429      0.022766      0.917020      0.086245  6    
442325.00      5009239.216026522219     -2267699.559890395962      3221179.847068902105     18.472878340632      0.000000      0.000000      0.000000     30.530531175300    114.356423796398      0.166017      1.270980     -0.171609  6    
442326.00      5009239.191269216128     -2267699.179050346836      3221180.638476435561     18.720196969807      0.000000      0.000000      0.000000     30.530538147321    114.356420287625     -0.036300      1.018451     -0.148480  6    
442327.00      5009238.732304647565     -2267699.113275924698      3221181.501540487166     18.775118666701      0.000000      0.000000      0.000000     30.530546893252    114.356421635578     -0.202549      1.151794     -0.050657  6    
442328.00      5009239.288580039516     -2267699.107569293119      3221183.082365502603     20.012653775513      0.000000      0.000000      0.000000     30.530556864379    114.356419190906      0.130213      0.729043     -0.055876  6    
442329.00      5009238.774033203721     -2267698.804427339695      3221184.080419875681     20.008214390837      0.000000      0.000000      0.000000     30.530567339733    114.356418524479     -0.061245      0.798444      0.024292  6    
442330.00      5009238.156642075628     -2267698.272219170351      3221185.208931326866     19.907973618247      0.000000      0.000000      0.000000     30.530579690895    114.356416125572      0.039159      1.191487     -0.046642  6    
442331.00      5009238.005586544983     -2267698.090400880203      3221186.503729445860     20.382608186454      0.000000      0.000000      0.000000     30.530590725201    114.356415048779     -0.144774      1.090762     -0.078190  6    
442332.00      5009237.377894212492     -2267698.093567447271      3221187.567373777740     20.431515575387      0.000000      0.000000      0.000000     30.530601603629    114.356417776241      0.081700      1.165483      0.170700  6    
442333.00      5009237.543208898045     -2267697.846246615518      3221189.143149843905     21.273872423917      0.000000      0.000000      0.000000     30.530613624152    114.356414718109     -0.096401      1.209036     -0.008298  6    
442334.00      5009236.888601426035     -2267697.549827918410      3221190.508892041631     21.348702651449      0.000000      0.000000      0.000000     30.530627528280    114.356414717390      0.072468      1.216395     -0.183187  6    
442335.00      5009235.536444741301     -2267697.024053195026      3221190.883669784293     20.291286007501      0.000000      0.000000      0.000000     30.530637078269    114.356415537086      0.054204      1.166913     -0.181008  6    
442336.00      5009236.581958308816     -2267696.821311865933      3221192.878193131648     22.052890531719      0.000000      0.000000      0.000000     30.530648593723    114.356409119619     -0.173590      1.202282      0.362758  6    
442337.00      5009237.144324798137     -2267696.559554757550      3221194.854617976584     23.405214019120      0.000000      0.000000      0.000000     30.530662096948    114.356404218185      0.115919      1.410843     -0.325880  6    
442338.00      5009236.001272762194     -2267696.294114064425      3221195.764335432556     22.876109811477      0.000000      0.000000      0.000000     30.530674438362    114.356406610536      0.088997      1.260024     -0.158709  6    
442339.00      5009235.366029803641     -2267695.930893178098      3221196.826548913959     22.788214003667      0.000000      0.000000      0.000000     30.530686029581    114.356405892472      0.085213      0.960164     -0.013735  6    
442340.00      5009234.411465276964     -2267695.407730367966      3221197.583337769378     22.237776206806      0.000000      0.000000      0.000000     30.530696883005    114.356405028373     -0.482939      1.182771      0.234534  6    
442341.00      5009233.722199484706     -2267694.912727104966      3221198.435265175998     21.953850645572      0.000000      0.000000      0.000000     30.530707314933    114.356403291503      0.173510      1.226425     -0.625627  6    
442342.00      5009232.387344107963     -2267694.278763285372      3221199.062193708494     20.999671979807      0.000000      0.000000      0.000000     30.530718956287    114.356403009849     -0.189192      0.975044      0.276375  6    
442343.00      5009231.292710038833     -2267694.411679060198      3221199.633901665453     20.478362976573      0.000000      0.000000      0.000000     30.530727716569    114.356408975580     -0.141063      1.089350      0.614387  6    
442344.00      5009229.495987971313     -2267694.157947579864      3221199.991553082597     19.160039064474      0.000000      0.000000      0.000000     30.530738475223    114.356414288128     -0.003379      1.259733     -0.471084  6    
442345.00      5009229.108882976696     -2267693.844073877670      3221200.941660271026     19.227436723188      0.000000      0.000000      0.000000     30.530748066327    114.356412972165      0.022909      1.217589      0.185980  6    
442346.00      5009228.845233130269     -2267693.789668607526      3221202.153895342723     19.617042085156      0.000000      0.000000      0.000000     30.530758688372    114.356413588710      0.025182      0.908565      0.045219  6    
442347.00      5009229.611621142365     -2267693.362195945811      3221203.648228056729     20.825691867620      0.000000      0.000000      0.000000     30.530767907384    114.356406237442      0.076794      0.885115     -0.033371  6    
442348.00      5009228.675923480652     -2267693.515506400727      3221204.093640871346     20.372186914086      0.000000      0.000000      0.000000     30.530774984387    114.356411713772     -0.031250      1.244693      0.044308  6    
442349.00      5009227.946701820008     -2267693.219030351378      3221205.000574770384     20.155376631767      0.000000      0.000000      0.000000     30.530785635321    114.356412033150     -0.061597      1.035468      0.466376  6    
442350.00      5009228.157513510436     -2267692.794269575272      3221206.338305062614     20.849478845485      0.000000      0.000000      0.000000     30.530795951689    114.356407095125     -0.079475      0.992657      0.212131  6    
442351.00      5009227.453256355599     -2267692.535937616602      3221206.876776563004     20.478629055433      0.000000      0.000000      0.000000     30.530803563505    114.356407669310     -0.173111      1.026242     -0.180684  6    
442352.00      5009227.225870436989     -2267692.344420212321      3221208.044860576279     20.825556038879      0.000000      0.000000      0.000000     30.530813950238    114.356406828461     -0.089707      1.140333      0.184605  6    
442353.00      5009226.747880538926     -2267691.952535483055      3221208.932211168110     20.762045773678      0.000000      0.000000      0.000000     30.530823580562    114.356405162531      0.128370      0.974987     -0.401316  6    
442354.00      5009226.493381006643     -2267691.684164305218      3221209.858991277404     20.937813439406      0.000000      0.000000      0.000000     30.530832350872    114.356403708654      0.092096      0.954281     -0.746917  6    
442355.00      5009225.313990753144     -2267690.991975070909      3221210.654497890733     20.170584454201      0.000000      0.000000      0.000000     30.530844763087    114.356402206200     -0.002232      0.998076     -0.239364  6    
442356.00      5009225.275265250355     -2267691.142247503623      3221211.755230582785     20.752753164619      0.000000      0.000000      0.000000     30.530853193053    114.356403799098     -0.029578      1.131211     -0.161591  6    
442357.00      5009226.175419341773     -2267691.350326350890      3221213.843422009610     22.593820458278      0.000000      0.000000      0.000000     30.530865266646    114.356401906044     -0.137207      1.314503      0.239352  6    
442358.00      5009226.410306811333     -2267691.628523149993      3221214.845343095250     23.385938058607      0.000000      0.000000      0.000000     30.530871544939    114.356403537471     -0.061559      1.116376     -0.125042  6    
442359.00      5009225.363604339771     -2267691.290834548417      3221215.649097527843     22.852949333377      0.000000      0.000000      0.000000     30.530882797402    114.356404829957      0.023696      0.995346      0.125307  6    
442360.00      5009225.105383805931     -2267691.468226076104      3221216.115895183291     22.950475311838      0.000000      0.000000      0.000000     30.530887166947    114.356407623532      0.061197      0.730016     -0.065940  6    
442361.00      5009226.024930233136     -2267691.414855528157      3221217.898590220138     24.558691962622      0.000000      0.000000      0.000000     30.530897280065    114.356403165298     -0.134534      1.044658      0.210542  6    
442362.00      5009224.261634874158     -2267690.911272728350      3221217.766250548884     22.928928880021      0.000000      0.000000      0.000000     30.530904564329    114.356405962457     -0.224896      0.770519      0.669136  6    
442363.00      5009224.534512693062     -2267690.720365042333      3221218.431934157386     23.413406770676      0.000000      0.000000      0.000000     30.530908958098    114.356402977590     -0.245851      0.805639      0.738165  6    
442364.00      5009221.811908227392     -2267690.117189522367      3221218.512229868211     21.103522010148      0.000000      0.000000      0.000000     30.530922087286    114.356408951835     -0.176015      1.051219     -0.261257  6    
442365.00      5009221.231205668300     -2267689.320558619220      3221219.254906659015     20.742142065428      0.000000      0.000000      0.000000     30.530931787209    114.356403885186     -0.857107      0.643095      0.251896  6    
442366.00      5009221.601537115872     -2267688.665362535976      3221219.928740148433     21.142301152460      0.000000      0.000000      0.000000     30.530936714892    114.356396074203     -0.896853      0.539600      0.308367  6    
442367.00      5009221.055526984856     -2267687.585505788680      3221220.318077493459     20.528035745025      0.000000      0.000000      0.000000     30.530944059917    114.356388169904     -0.792177      0.832090     -0.031532  6    
442368.00      5009221.145075892098     -2267686.556498748716      3221220.862003290560     20.509083895013      0.000000      0.000000      0.000000     30.530949856812    114.356378017084     -1.122075      0.706682      0.290915  6    
442369.00      5009220.529122617096     -2267685.290591333061      3221221.320352584124     19.808902195655      0.000000      0.000000      0.000000     30.530958381609    114.356368647237     -1.184674      0.249676     -0.113166  6    
442370.00      5009220.988761389628     -2267684.268207129557      3221221.607430793345     19.952230603434      0.000000      0.000000      0.000000     30.530960625444    114.356356966880     -1.099356      0.338153     -0.332420  6    
442371.00      5009221.109711506404     -2267683.022355261259      3221221.691580423620     19.647321428172      0.000000      0.000000      0.000000     30.530963128757    114.356344620682     -1.109255      0.013178      0.043116  6    
442372.00      5009223.238140386529     -2267681.602526899893      3221222.217755335383     21.080415070057      0.000000      0.000000      0.000000     30.530961015034    114.356321996176     -1.113533     -0.256821     -0.223685  1    
442373.00      5009222.841681122780     -2267680.717867712025      3221221.552902171854     20.117309694178      0.000000      0.000000      0.000000     30.530959176209    114.356315302135     -1.119947     -0.207456      0.431160  1    
442374.00      5009223.434954872355     -2267679.911652506329      3221221.448365542572     20.243349527940      0.000000      0.000000      0.000000     30.530957410966    114.356305099521     -1.115317     -0.204325      0.404008  6    
442375.00      5009224.264907761477     -2267678.954040910117      3221221.387517928146     20.523523467593      0.000000      0.000000      0.000000     30.530955283265    114.356292442667     -1.060700     -0.110241      0.036400  6    
442376.00      5009224.798742346466     -2267677.869888083078      3221221.376961929724     20.551932649687      0.000000      0.000000      0.000000     30.530955021587    114.356279857120     -1.171269     -0.075503     -0.371299  6    
442377.00      5009225.134609632194     -2267676.835030800663      3221221.266801389400     20.391910284758      0.000000      0.000000      0.000000     30.530954719271    114.356268590249     -1.305423      0.192303      0.088898  6    
442378.00      5009226.995366726071     -2267676.198972364888      3221222.076023859903     22.037174354307      0.000000      0.000000      0.000000     30.530954440943    114.356254556092     -1.104519      0.042077     -0.038073  1    
442379.00      5009226.381704211235     -2267674.868438532576      3221221.454920806456     20.767468726262      0.000000      0.000000      0.000000     30.530954691356    114.356244562902     -1.267824     -0.122777      0.070149  6    
442380.00      5009226.867349234410     -2267673.869021889288      3221221.371008339338     20.750900236890      0.000000      0.000000      0.000000     30.530953900754    114.356232988813     -1.136530     -0.052403     -0.185247  6    
442381.00      5009227.326984969899     -2267672.807381710038      3221221.356981514487     20.727321124636      0.000000      0.000000      0.000000     30.530953879301    114.356220935828     -1.204226      0.016298     -0.080023  6    
442382.00      5009227.324781144969     -2267671.718438561540      3221221.015425378922     20.165254761465      0.000000      0.000000      0.000000     30.530953292606    114.356210608335     -1.204306      0.159437     -0.227297  1    
442383.00      5009228.541879495606     -2267670.801751335617      3221221.560679150745     21.071660342626      0.000000      0.000000      0.000000     30.530954180606    114.356196676283     -1.243902      0.018675      0.080456  1    
442384.00      5009236.477660222910     -2267671.954772482626      3221225.158862124663     29.536294909194      0.000000      0.000000      0.000000     30.530946830386    114.356173519019     -1.209603     -0.062665     -0.028257  1    
442385.00      5009230.475499012507     -2267668.901482553221      3221221.899463302456     22.086031404324      0.000000      0.000000      0.000000     30.530952332060    114.356170328320     -1.106226     -0.024939      0.003052  5    
442386.00      5009230.788285625167     -2267667.858148717321      3221221.842843513936     21.932087343186      0.000000      0.000000      0.000000     30.530952558095    114.356159080169     -1.109667     -0.041724     -0.160543  5    
442387.00      5009231.396470146254     -2267666.732434144709      3221221.978102147579     22.078151335940      0.000000      0.000000      0.000000     30.530953197499    114.356145780590     -1.446693      0.063339     -0.416889  5    
442388.00      5009231.943444214761     -2267665.666803329717      3221222.042305422015     22.161431201734      0.000000      0.000000      0.000000     30.530953426806    114.356133314407     -1.194953      0.035240     -0.012692  5    
442389.00      5009232.138278011233     -2267664.617103772704      3221221.839716890827     21.838516909629      0.000000      0.000000      0.000000     30.530953023137    114.356122512705     -1.141864      0.037657     -0.219295  5    
442390.00      5009232.560321649536     -2267663.577166674659      3221221.847405795008     21.804182647727      0.000000      0.000000      0.000000     30.530953286311    114.356110827286     -1.144195      0.042225      0.152766  5    
442391.00      5009233.003153544851     -2267662.526205572765      3221221.836096980143     21.772594054230      0.000000      0.000000      0.000000     30.530953335931    114.356098947887     -1.173230     -0.010168      0.208981  5    
442392.00      5009233.590568159707     -2267661.492481587920      3221221.902095460333     21.899854404852      0.000000      0.000000      0.000000     30.530953350066    114.356086610799     -1.321649     -0.051474      0.003965  5    
442393.00      5009234.077718203887     -2267660.460166502744      3221221.890976370312     21.909762396477      0.000000      0.000000      0.000000     30.530953180916    114.356074717952     -1.013452      0.048996     -0.113150  5    
442394.00      5009234.290798349306     -2267659.501957781613      3221221.713253648020     21.646298848093      0.000000      0.000000      0.000000     30.530952721374    114.356064706329     -1.058144     -0.068973     -0.193867  5    
442395.00      5009234.924401815981     -2267658.379124065395      3221221.661094478797     21.718125168234      0.000000      0.000000      0.000000     30.530951793047    114.356051324866     -1.159793     -0.065493      0.019522  5    
442396.00      5009233.557340827771     -2267656.844666610006      3221221.095080994535     19.812781213783      0.000000      0.000000      0.000000     30.530956001894    114.356042633425     -1.157943     -0.154699      0.019108  4    
442397.00      5009234.334769616835     -2267655.827819350641      3221221.278056349140     20.154565436766      0.000000      0.000000      0.000000     30.530956099784    114.356029639994     -1.253248      0.052559     -0.221969  4    
442398.00      5009237.280649730936     -2267655.780501933768      3221222.811011784244     23.228120550513      0.000000      0.000000      0.000000     30.530955802142    114.356016531543     -1.168118     -0.106796      0.030804  1    
442399.00      5009234.672526459210     -2267653.655230384320      3221220.772507795133     19.391018036753      0.000000      0.000000      0.000000     30.530954867593    114.356007564881     -0.926681     -0.009371      0.286714  1    
442400.00      5009237.679372484796     -2267654.142283401918      3221222.417516353074     22.759159397334      0.000000      0.000000      0.000000     30.530954176221    114.355999267054     -0.440343      0.014224     -0.003925  1    
442401.00      5009237.443231021985     -2267653.188755314332      3221221.823721998371     21.933491774835      0.000000      0.000000      0.000000     30.530952350380    114.355991230292     -0.974459      0.028280     -0.056756  5    
442402.00      5009237.810689897276     -2267651.992823746987      3221221.646698605735     21.707079394720      0.000000      0.000000      0.000000     30.530951701054    114.355978298633     -1.335841     -0.013658     -0.520064  5    
442403.00      5009237.785610301420     -2267650.710935525596      3221221.261111390777     21.036158977076      0.000000      0.000000      0.000000     30.530951232350    114.355966237861     -1.227672     -0.057979     -0.095345  5    
442404.00      5009237.065091674216     -2267649.305318487808      3221221.112451278605     19.895939300768      0.000000      0.000000      0.000000     30.530955741406    114.355955991061     -1.221136      0.157512     -0.247191  4    
442405.00      5009237.395783766173     -2267648.113205972593      3221221.090931645129     19.721029985696      0.000000      0.000000      0.000000     30.530956446548    114.355943253647     -1.389863      0.084670      0.048363  4    
442406.00      5009237.972776190378     -2267646.934439949691      3221221.219464864582     19.820360042155      0.000000      0.000000      0.000000     30.530957264143    114.355929584507     -1.268585      0.105861     -0.247051  4    
442407.00      5009238.504914283752     -2267645.711157905869      3221221.158174692653     19.772249137051      0.000000      0.000000      0.000000     30.530956878247    114.355915685542     -1.223157     -0.011103     -0.140670  4    
442408.00      5009239.336502682418     -2267644.664687463082      3221221.257497963496     20.103516040370      0.000000      0.000000      0.000000     30.530956156071    114.355902178176     -1.105970     -0.208634     -0.201392  4    
442409.00      5009241.266762901098     -2267643.978297772817      3221222.285407932010     21.896541459486      0.000000      0.000000      0.000000     30.530957381797    114.355887367663     -0.893723     -0.129177      0.057417  4    
442410.00      5009241.455434048548     -2267642.904506902210      3221221.381963578518     21.204199939035      0.000000      0.000000      0.000000     30.530951603973    114.355876363740     -0.807749     -0.156520     -0.260739  5    
442411.00      5009241.959790032357     -2267641.925506615080      3221221.358262640424     21.240160095505      0.000000      0.000000      0.000000     30.530951164469    114.355864903055     -1.185989      0.028234     -0.153243  5    
442412.00      5009242.469881800935     -2267640.755300281569      3221221.337079389952     21.213979118504      0.000000      0.000000      0.000000     30.530951081915    114.355851602663     -1.266121     -0.094987      0.005659  5    
442413.00      5009242.819320287555     -2267639.674567161128      3221221.399465410039     21.135971043259      0.000000      0.000000      0.000000     30.530952150225    114.355839841980     -1.152680      0.217708     -0.050821  5    
442414.00      5009242.866009132937     -2267638.615487282164      3221222.076719788369     21.140444021672      0.000000      0.000000      0.000000     30.530959218741    114.355829587835     -1.287176      0.414914      0.025651  4    
442415.00      5009243.219220824540     -2267637.528802454937      3221222.484911775682     21.238953744061      0.000000      0.000000      0.000000     30.530962969328    114.355817754439     -1.064179      0.599115      0.086388  4    
442416.00      5009243.355635573156     -2267636.503628037870      3221222.594032398425     21.037264577113      0.000000      0.000000      0.000000     30.530965185021    114.355807436571     -0.389897      0.952819      0.045008  5    
442417.00      5009242.825413866900     -2267635.932458276395      3221223.525048169307     20.891268186271      0.000000      0.000000      0.000000     30.530975711448    114.355804293129     -0.246022      1.238647      0.123349  5    
442418.00      5009242.211586151272     -2267635.556471201126      3221224.624712908641     20.834674750455      0.000000      0.000000      0.000000     30.530987528379    114.355803361771     -0.119842      1.282478      0.001151  5    
442419.00      5009241.473313862458     -2267635.163184760138      3221225.609593981877     20.615974701941      0.000000      0.000000      0.000000     30.530999005671    114.355802800964     -0.024132      1.147795      0.060434  5    
442420.00      5009240.583109972067     -2267634.147600343917      3221226.083972733468     19.797662103549      0.000000      0.000000      0.000000     30.531008326786    114.355796985762     -0.017919      1.345835      0.200501  1    
442421.00      5009240.313447063789     -2267633.931108960416      3221227.395652311388     20.175495253876      0.000000      0.000000      0.000000     30.531020052868    114.355796089484     -0.132657      1.291179      0.200739  1    
442422.00      5009239.580832778476     -2267633.311057184823      3221229.165120551363     20.279257480055      0.000000      0.000000      0.000000     30.531038031020    114.355793351748     -0.100140      1.316838      0.040779  1    
442423.00      5009238.979749963619     -2267632.949576879386      3221230.507649417967     20.361195744947      0.000000      0.000000      0.000000     30.531051654297    114.355792503328      0.041287      1.346224     -0.231339  1    
442424.00      5009238.325097839348     -2267632.902538005263      3221230.890827551484     20.025440513156      0.000000      0.000000      0.000000     30.531057453191    114.355794870007     -0.023003      1.417819     -0.147715  1    
442425.00      5009236.927823117934     -2267633.303556413855      3221232.156551736873     19.714451908134      0.000000      0.000000      0.000000     30.531072362498    114.355804681196     -0.070700      1.255985      0.248642  1    
442426.00      5009236.353812909685     -2267632.963646002579      3221233.263157914858     19.705446859822      0.000000      0.000000      0.000000     30.531083998970    114.355803921196     -0.124262      1.069263      0.088272  1    
442427.00      5009235.789378033020     -2267632.619887549896      3221234.349938533269     19.692517371848      0.000000      0.000000      0.000000     30.531095448704    114.355803083520     -0.009162      1.299839     -0.075198  1    
442428.00      5009235.231949782930     -2267632.263628730085      3221235.489841063041     19.707632028498      0.000000      0.000000      0.000000     30.531107305549    114.355802097072     -0.037227      1.315277      0.184586  1    
442429.00      5009234.616132239811     -2267631.917204762809      3221236.680506401695     19.706210587174      0.000000      0.000000      0.000000     30.531119781962    114.355801454897     -0.082244      1.278224      0.100050  1    
442430.00      5009234.042050625198     -2267631.593897396699      3221237.847222925164     19.733584816568      0.000000      0.000000      0.000000     30.531131854390    114.355800852811     -0.025584      1.292260     -0.101537  1    
442431.00      5009233.529705437832     -2267631.291076446418      3221238.945207212586     19.781764389016      0.000000      0.000000      0.000000     30.531143096361    114.355800179899     -0.105134      1.237186      0.076111  1    
442432.00      5009232.916912915185     -2267630.940065739676      3221240.001978034619     19.713068887591      0.000000      0.000000      0.000000     30.531154528506    114.355799481183     -0.107682      1.209293     -0.016674  1    
442433.00      5009232.370023190044     -2267630.578127860557      3221241.116037780419     19.721308777109      0.000000      0.000000      0.000000     30.531166151300    114.355798395538     -0.154706      1.429230     -0.109427  1    
442434.00      5009231.819578510709     -2267630.211867291480      3221242.271063178312     19.746034698561      0.000000      0.000000      0.000000     30.531178115391    114.355797284135     -0.102009      1.388117      0.056120  1    
442435.00      5009231.250172251835     -2267629.802489192691      3221243.483825447503     19.769896261394      0.000000      0.000000      0.000000     30.531190688712    114.355795844912     -0.167896      1.220395     -0.014608  1    
442436.00      5009230.710341592319     -2267629.375273855403      3221244.610101256054     19.766693954356      0.000000      0.000000      0.000000     30.531202500312    114.355794109271     -0.271380      1.271379      0.086387  1    
442437.00      5009230.290372616611     -2267628.561221047770      3221245.772475585807     19.738471358083      0.000000      0.000000      0.000000     30.531214823049    114.355788186415     -0.907690      1.086830     -0.148799  1    
442438.00      5009230.215260628611     -2267627.457851637155      3221246.625285108108     19.720823037438      0.000000      0.000000      0.000000     30.531223847715    114.355778035218     -1.046543      0.990342     -0.022234  1    
442439.00      5009230.235629925504     -2267626.369858397637      3221247.396391974296     19.742054981180      0.000000      0.000000      0.000000     30.531231809935    114.355767619674     -1.231134      0.846498     -0.112692  1    
442440.00      5009230.359284833074     -2267625.346093666274      3221247.934204010759     19.748634568416      0.000000      0.000000      0.000000     30.531237406998    114.355757369986     -0.899983      0.531437      0.220886  1    
442441.00      5009230.510989708826     -2267624.489502715413      3221248.357570042834     19.778469398618      0.000000      0.000000      0.000000     30.531241681846    114.355748586694     -0.731570      0.396561      0.130157  1    
442442.00      5009230.659612440504     -2267623.519292302895      3221248.754959478043     19.752329339273      0.000000      0.000000      0.000000     30.531245982445    114.355738738088     -0.948436      0.398783     -0.150096  1    
442443.00      5009231.088154504076     -2267622.348976207897      3221248.916800864041     19.755098182708      0.000000      0.000000      0.000000     30.531247662548    114.355725787050     -1.355769     -0.017975      0.108529  1    
442444.00      5009231.500320714898     -2267621.345754961483      3221248.949562889989     19.738799628802      0.000000      0.000000      0.000000     30.531248092346    114.355714492568     -1.113044      0.057568      0.098604  1    
442445.00      5009232.009698185138     -2267620.283269632142      3221248.992646755185     19.782974059694      0.000000      0.000000      0.000000     30.531248308522    114.355702217767     -1.275169      0.027581     -0.026353  1    
442446.00      5009232.432246270590     -2267619.263277834281      3221248.978728265502     19.745151140727      0.000000      0.000000      0.000000     30.531248363981    114.355690719473     -1.270407     -0.075647     -0.098884  1    
442447.00      5009241.968398479745     -2267628.129209459294      3221248.327402344439     30.046613142826      0.000000      0.000000      0.000000     30.531186739966    114.355733902073     -1.060470     -0.135369     -0.342928  1    
442448.00      5009243.666396909393     -2267627.453467481304      3221249.195871231612     31.580173190683      0.000000      0.000000      0.000000     30.531187676274    114.355720190752     -0.988382     -0.038306      0.093610  1    
442449.00      5009235.513467062265     -2267616.333338042255      3221248.983392800204     21.124560389668      0.000000      0.000000      0.000000     30.531241074434    114.355649665617     -1.124425     -0.024238      0.093073  5    
442450.00      5009235.849270962179     -2267615.251507242676      3221248.849546958227     20.935780057684      0.000000      0.000000      0.000000     30.531240677079    114.355637953065     -1.187091      0.040892      0.009062  5    
442451.00      5009236.323414042592     -2267614.319985010196      3221248.833395968191     20.968736631796      0.000000      0.000000      0.000000     30.531240332615    114.355627072876     -1.097893     -0.100565      0.057143  5    
442452.00      5009236.735969733447     -2267613.262206445914      3221248.881182008889     20.940997738391      0.000000      0.000000      0.000000     30.531240980609    114.355615258825     -1.083894     -0.057072      0.266172  5    
442453.00      5009242.544977629557     -2267620.560201154090      3221248.718386748340     28.008996699937      0.000000      0.000000      0.000000     30.531201674411    114.355659574005     -1.157208      0.192529     -0.213000  6    
442454.00      5009243.652304490097     -2267620.334607567638      3221248.797011053190     28.837716559879      0.000000      0.000000      0.000000     30.531198089039    114.355652674073     -1.181595     -0.322514     -0.149144  6    
442455.00      5009244.432786094025     -2267619.636049360503      3221248.818866941147     29.213116797619      0.000000      0.000000      0.000000     30.531196320811    114.355642688956     -1.270311     -0.412042     -0.245372  6    
442456.00      5009247.262748252600     -2267622.077450819779      3221248.850735755172     32.317201670259      0.000000      0.000000      0.000000     30.531180141019    114.355653703478     -1.350012      0.050368      0.292680  6    
442457.00      5009251.262715239078     -2267622.696327654645      3221249.935957681853     36.227095286362      0.000000      0.000000      0.000000     30.531170705274    114.355642389541     -1.291050      0.031743      0.126220  1    
442458.00      5009247.217030396685     -2267618.097295411862      3221249.372241895180     31.132420606911      0.000000      0.000000      0.000000     30.531191905270    114.355616117493     -1.159428     -0.221332      0.227563  6    
442459.00      5009245.746208352968     -2267613.915616885759      3221249.595949125942     28.606499982066      0.000000      0.000000      0.000000     30.531207685709    114.355582742464     -1.015512      0.138810      0.124648  6    
442460.00      5009247.949273510836     -2267615.304000898730      3221249.522999803536     30.791358563118      0.000000      0.000000      0.000000     30.531195298459    114.355586454949     -1.008322     -0.001422     -0.228607  6    
442461.00      5009248.682553384453     -2267614.648557235487      3221249.559374239296     31.152411472052      0.000000      0.000000      0.000000     30.531193758600    114.355577081950     -1.058775     -0.086691      0.180814  6    
442462.00      5009248.838378962129     -2267613.094060824718      3221249.537505456712     30.711389039643      0.000000      0.000000      0.000000     30.531195875798    114.355561655946     -1.175102     -0.076872     -0.216059  6    
442463.00      5009247.234742587432     -2267608.916970067658      3221249.929305687081     28.168274531141      0.000000      0.000000      0.000000     30.531213508008    114.355528895164     -0.957612      0.092080      0.115110  6    
442464.00      5009247.737428693101     -2267608.042500484269      3221249.962539794855     28.268984645605      0.000000      0.000000      0.000000     30.531213320270    114.355518433921     -1.137214      0.090731      0.075998  6    
442465.00      5009248.186435366049     -2267607.149383087177      3221250.147941411473     28.398251095787      0.000000      0.000000      0.000000     30.531214574136    114.355508026331     -1.213615      0.110933      0.052527  6    
442466.00      5009245.282117085531     -2267604.309108783491      3221249.703489443287     24.884539928287      0.000000      0.000000      0.000000     30.531228612509    114.355493544834     -1.314874      0.035654      0.098270  6    
442467.00      5009245.676721990108     -2267600.964026681613      3221251.387880357914     24.861632809043      0.000000      0.000000      0.000000     30.531246373612    114.355460095166     -1.278309     -0.044353      0.035438  6    
442468.00      5009245.643722869456     -2267599.079390301369      3221251.395961051807     24.170386057347      0.000000      0.000000      0.000000     30.531250135634    114.355442346613     -1.143671     -0.021464      0.094662  5    
442469.00      5009246.151289918460     -2267597.922781784553      3221251.437872212380     24.179114675149      0.000000      0.000000      0.000000     30.531250528100    114.355429186115     -0.652917     -0.027629      0.098013  5    
442470.00      5009246.549387555569     -2267596.957525354810      3221251.366354706697     24.112292325124      0.000000      0.000000      0.000000     30.531250134647    114.355418312484     -0.991386      0.061859      0.024843  5    
442471.00      5009246.839663745835     -2267595.852984446567      3221251.366169949528     23.947624377906      0.000000      0.000000      0.000000     30.531251008738    114.355406579991     -0.984019      0.032316      0.232121  5    
442472.00      5009246.922840169631     -2267594.441301750951      3221251.563352761790     23.611608431675      0.000000      0.000000      0.000000     30.531254861262    114.355392821826     -1.195922      0.037912     -0.038784  5    
442473.00      5009247.526512000710     -2267593.751836869866      3221251.572571735829     23.845080712810      0.000000      0.000000      0.000000     30.531253715742    114.355383682821     -0.973218     -0.001046     -0.206434  5    
442474.00      5009247.564080980606     -2267592.071444864385      3221251.436953623313     23.208761427552      0.000000      0.000000      0.000000     30.531255680715    114.355367569848     -1.002162     -0.019724      0.037198  5    
442475.00      5009247.977583840489     -2267590.986800587736      3221251.532667449676     23.196574768052      0.000000      0.000000      0.000000     30.531256747880    114.355355496697     -1.322838      0.269011     -0.226969  5    
442476.00      5009248.353932047263     -2267589.852525705937      3221251.562861138023     23.104318793863      0.000000      0.000000      0.000000     30.531257554871    114.355343112075     -1.254663      0.236071      0.003513  5    
442477.00      5009247.623600931838     -2267587.715709004086      3221250.802263018209     21.385807204992      0.000000      0.000000      0.000000     30.531258732155    114.355325966175     -1.115533      0.082151      0.007951  1    
442478.00      5009249.063584983349     -2267587.299638967495      3221251.232131379656     22.586339472793      0.000000      0.000000      0.000000     30.531256847036    114.355315828654     -1.109114      0.101686      0.122834  5    
442479.00      5009249.535085106269     -2267586.206087288447      3221251.288863069844     22.596696672961      0.000000      0.000000      0.000000     30.531257386041    114.355303421721     -1.272744      0.155950      0.159965  5    
442480.00      5009247.752373050898     -2267583.787681290414      3221250.183095084969     19.777011916973      0.000000      0.000000      0.000000     30.531260806837    114.355288125016     -1.113651     -0.132516      0.015949  1    
442481.00      5009248.237329918891     -2267582.702029595617      3221250.115723892115     19.737689975649      0.000000      0.000000      0.000000     30.531260310505    114.355275735243     -0.726727     -0.059859     -0.151919  1    
442482.00      5009248.345658707432     -2267582.376263055950      3221250.077815988567     19.687720232643      0.000000      0.000000      0.000000     30.531260179363    114.355272177312     -0.558887     -0.006901     -0.046899  1    
442483.00      5009248.538001115434     -2267581.840345399920      3221250.026380039752     19.622154365294      0.000000      0.000000      0.000000     30.531259989524    114.355266263447     -0.456202     -0.003987      0.056003  1    
442484.00      5009248.759264608845     -2267581.222549458034      3221249.952888689935     19.538994048722      0.000000      0.000000      0.000000     30.531259662318    114.355259448051     -0.673710     -0.240945     -0.074160  1    
442485.00      5009248.957660839893     -2267580.391819024459      3221249.872250915039     19.358621824533      0.000000      0.000000      0.000000     30.531259777437    114.355250709584     -1.006644      0.096075     -0.167923  1    
442486.00      5009251.932733443566     -2267580.618853415363      3221249.907908234280     21.791912918910      0.000000      0.000000      0.000000     30.531247205844    114.355240080378     -1.122214     -0.123182     -0.147325  1    
442487.00      5009249.787005596794     -2267578.374293728732      3221249.711781734135     19.211230332032      0.000000      0.000000      0.000000     30.531258881090    114.355227993864     -0.989352     -0.072352      0.048899  1    
442488.00      5009252.197958788835     -2267577.747519511729      3221249.666141823400     20.857273391448      0.000000      0.000000      0.000000     30.531249646262    114.355211683783     -1.124383     -0.095605      0.017386  1    
442489.00      5009252.566306987777     -2267577.325610751752      3221250.476278384682     21.408002948388      0.000000      0.000000      0.000000     30.531255200304    114.355206095852     -0.909526     -0.021941     -0.097385  5    
442490.00      5009252.769589258358     -2267576.437310338486      3221250.806393874343     21.419681825675      0.000000      0.000000      0.000000     30.531258595203    114.355196789893     -0.955346     -0.051557      0.132355  1    
442491.00      5009252.879516858608     -2267575.302957568318      3221250.268689840101     20.829844678752      0.000000      0.000000      0.000000     30.531256102175    114.355185549375     -0.792847      0.499164     -0.101563  1    
442492.00      5009252.727228995413     -2267574.891365732998      3221250.838266083039     20.853490812704      0.000000      0.000000      0.000000     30.531261941087    114.355182296637     -0.921077      0.876255     -0.141842  1    
442493.00      5009252.922601887025     -2267574.005198528990      3221251.470911324024     21.013409011066      0.000000      0.000000      0.000000     30.531267715507    114.355173044912     -0.125833      1.093816     -0.491966  5    
442494.00      5009252.739256653935     -2267573.435205382295      3221252.236498435959     21.055993472226      0.000000      0.000000      0.000000     30.531275506330    114.355168421965     -0.456917      1.318734     -0.243117  5    
442495.00      5009252.135145422071     -2267572.996222550981      3221253.476288259495     21.055840020999      0.000000      0.000000      0.000000     30.531288490458    114.355166850764     -0.116626      1.051515      0.148426  1    
442496.00      5009251.594651622698     -2267572.666006103624      3221254.390541258734     20.978867064230      0.000000      0.000000      0.000000     30.531298474181    114.355166038683     -0.090680      1.311470      0.036619  1    
442497.00      5009251.139342661947     -2267572.174741405994      3221255.027985816356     20.770910758525      0.000000      0.000000      0.000000     30.531306255942    114.355163331755      0.031430      1.197349      0.388472  5    
442498.00      5009250.668621242978     -2267571.825664202683      3221256.067845738959     20.805798199959      0.000000      0.000000      0.000000     30.531316959953    114.355162040809     -0.034797      1.167163     -0.138267  5    
442499.00      5009247.972412581556     -2267570.631963627879      3221256.279848231934     18.373771227896      0.000000      0.000000      0.000000     30.531332118401    114.355162295317     -0.045501      0.955330      0.153005  1    
442500.00      5009247.381239639595     -2267570.328020301647      3221257.266924776603     18.303359000012      0.000000      0.000000      0.000000     30.531342829853    114.355161950416     -0.138080      1.608843      0.428580  1    
442501.00      5009248.126112262718     -2267570.993745280895      3221258.657587503549     19.830803210847      0.000000      0.000000      0.000000     30.531349267179    114.355165069157     -0.048734      1.477717     -0.170157  1    
442502.00      5009248.049637518823     -2267570.315434258897      3221260.508869453799     20.470317582600      0.000000      0.000000      0.000000     30.531365251964    114.355158958727     -0.007299      1.421423      0.631482  5    
442503.00      5009247.344995814376     -2267570.120015534572      3221261.611577604897     20.408158970065      0.000000      0.000000      0.000000     30.531377130425    114.355160131618      0.199069      1.415032     -0.288766  5    
442504.00      5009246.235733208247     -2267569.538732415996      3221262.146186065394     19.602831125259      0.000000      0.000000      0.000000     30.531387013283    114.355159380306      0.001744      1.185438      0.161284  1    
442505.00      5009245.741745422594     -2267569.776963902637      3221263.667670643888     20.072753782384      0.000000      0.000000      0.000000     30.531400446593    114.355163764530      0.159141      1.249982     -0.435645  5    
442506.00      5009245.100655601360     -2267569.751723197289      3221264.744797187392     20.107918782160      0.000000      0.000000      0.000000     30.531411539402    114.355166279793      0.158573      1.262003     -0.249800  5    
442507.00      5009244.611279026605     -2267570.029713718221      3221266.088324503042     20.505179260857      0.000000      0.000000      0.000000     30.531423495670    114.355171021627      0.449081      1.134645     -1.354626  5    
442508.00      5009259.507384188473     -2267571.375820048153      3221275.499937120825     37.453454560600      0.000000      0.000000      0.000000     30.531431891266    114.355119789046     -0.280912      1.625640     -0.885843  6    
442509.00      5009247.504726827145     -2267572.416472591460      3221268.919326856732     25.061646605842      0.000000      0.000000      0.000000     30.531428902125    114.355181244979     -0.252174      1.198188      1.210748  6    
442510.00      5009243.454655416310     -2267570.895130030811      3221268.979906490073     21.373944859020      0.000000      0.000000      0.000000     30.531449155077    114.355184207037     -0.050730      1.053451      0.145922  6    
442511.00      5009242.519090335816     -2267569.957462002058      3221270.273019637913     20.963654237799      0.000000      0.000000      0.000000     30.531464879570    114.355179326237      0.180153      1.204309     -1.097354  6    
442512.00      5009241.770392335951     -2267569.347562761046      3221271.296515917405     20.679457397200      0.000000      0.000000      0.000000     30.531477109763    114.355176753876     -0.231176      1.541711     -0.003035  6    
442513.00      5009241.321927733719     -2267568.752324505709      3221272.691866027191     20.824966613203      0.000000      0.000000      0.000000     30.531490948052    114.355173030534      0.052606      1.438100      0.143798  6    
442514.00      5009241.897843670100     -2267568.766576258931      3221274.304471876472     22.101170719601      0.000000      0.000000      0.000000     30.531501046182    114.355170691016     -0.007775      1.214500      0.190991  6    
442515.00      5009242.188104266301     -2267569.608995379880      3221275.048380974680     23.006090472452      0.000000      0.000000      0.000000     30.531504022373    114.355177440622     -0.008584      1.163252     -0.147885  6    
442516.00      5009241.806053729728     -2267569.582969163544      3221276.073311371729     23.217729367316      0.000000      0.000000      0.000000     30.531513629737    114.355178835295     -0.203980      1.303112      0.123833  6    
442517.00      5009241.480479516089     -2267570.083506711293      3221276.795084101148     23.506719998084      0.000000      0.000000      0.000000     30.531519650858    114.355184985837     -0.114612      1.477061      0.232716  6    
442518.00      5009241.072305375710     -2267570.925840587355      3221277.658700665459     23.924364206381      0.000000      0.000000      0.000000     30.531526472959    114.355194735924      0.039020      1.288492      0.034917  6    
442519.00      5009241.117032857612     -2267571.064762439579      3221278.973007798195     24.676493015140      0.000000      0.000000      0.000000     30.531536235323    114.355195862478     -0.196593      1.752934     -0.141593  6    
442520.00      5009242.309134619310     -2267570.611749671400      3221281.028336082585     26.495145730674      0.000000      0.000000      0.000000     30.531548083889    114.355186439463     -0.074580      1.261676      0.294615  6    
442521.00      5009243.296470126137     -2267570.820592684671      3221282.818531027064     28.253528792411      0.000000      0.000000      0.000000     30.531557476556    114.355184179218     -0.142677      1.327250     -0.154284  6    
442522.00      5009242.993267403916     -2267569.993251198903      3221284.267909041606     28.458027058281      0.000000      0.000000      0.000000     30.531571566806    114.355177628359      0.102955      1.220829     -0.473254  6    
442523.00      5009240.998717952520     -2267570.470800748561      3221283.902032194659     26.876676211134      0.000000      0.000000      0.000000     30.531576148083    114.355190732547      0.129143      1.513996     -0.779158  6    
442524.00      5009241.598423175514     -2267570.459082105663      3221285.521713837050     28.165918812156      0.000000      0.000000      0.000000     30.531586250930    114.355188044270     -0.158933      1.256806      0.186215  6    
442525.00      5009243.092738257721     -2267568.398860335350      3221288.498226840980     30.118790315464      0.000000      0.000000      0.000000     30.531607032272    114.355162065709     -0.057773      1.304338     -0.026296  6    
442526.00      5009240.300078975968     -2267565.067318798043      3221290.470519707538     27.745950941928      0.000000      0.000000      0.000000     30.531640310110    114.355142440603     -0.128022      1.454594      0.924661  6    
442527.00      5009236.361962610856     -2267563.999876367860      3221290.394937782548     24.238166890107      0.000000      0.000000      0.000000     30.531658180136    114.355149230328     -0.118101      1.261457     -0.381267  6    
442528.00      5009232.394261182286     -2267563.781394591555      3221289.425407258328     20.554591133259      0.000000      0.000000      0.000000     30.531667623771    114.355164206214     -0.077812      1.388287     -0.318491  6    
442529.00      5009234.311195813119     -2267565.118169649504      3221290.680498483125     23.171243034303      0.000000      0.000000      0.000000     30.531666846670    114.355168658557      0.358928      1.504554      0.171449  6    
442530.00      5009231.537375493906     -2267563.657408245839      3221291.192729473114     20.735981964506      0.000000      0.000000      0.000000     30.531685166568    114.355166711423      0.091661      1.238793     -0.320036  6    
442531.00      5009229.873208157718     -2267562.477960912511      3221291.600204946008     19.218168529682      0.000000      0.000000      0.000000     30.531697508588    114.355162666374      0.137093      1.518458     -0.472583  6    
442532.00      5009227.158798052929     -2267562.130383173935      3221291.795326456893     17.063848045655      0.000000      0.000000      0.000000     30.531711013049    114.355171031185      0.014971      1.059497     -0.072417  6    
442533.00      5009225.826243860647     -2267561.544687739573      3221292.409617777448     16.122223865241      0.000000      0.000000      0.000000     30.531722455550    114.355171197511     -0.052184      0.872910      0.207593  6    
442534.00      5009225.148976193741     -2267561.347878706641      3221293.191746252589     15.918200419284      0.000000      0.000000      0.000000     30.531731731607    114.355172239580     -0.023946      0.797979      0.145630  6    
442535.00      5009226.494271265343     -2267560.713547781110      3221295.029899433255     17.682332902215      0.000000      0.000000      0.000000     30.531741595898    114.355160437019      0.057767      0.828412     -0.181002  6    
442536.00      5009223.309562396258     -2267559.281824234873      3221294.147629471496     14.226538967341      0.000000      0.000000      0.000000     30.531750741599    114.355160531191     -0.079205      1.278770      0.379559  6    
442537.00      5009223.368820185773     -2267559.008342995774      3221295.326733318157     14.774897623807      0.000000      0.000000      0.000000     30.531760172162    114.355157680441     -0.036781      0.921030     -0.060734  6    
442538.00      5009223.163294116035     -2267559.432551129721      3221296.427921024151     15.323727644980      0.000000      0.000000      0.000000     30.531768784259    114.355162590556     -0.028197      1.284167      0.115441  6    
442539.00      5009220.149247945286     -2267558.539681506343      3221296.342194464058     12.597916696221      0.000000      0.000000      0.000000     30.531782388021    114.355167066608     -0.135905      1.056552      0.487440  5    
442540.00      5009218.688023170456     -2267557.980519075412      3221296.543719325215     11.355059895664      0.000000      0.000000      0.000000     30.531791110535    114.355168037728     -0.020571      1.135441     -0.163338  5    
442541.00      5009218.337037671357     -2267556.740143186413      3221298.017022771761     11.387509449385      0.000000      0.000000      0.000000     30.531806366714    114.355157771298     -0.187273      0.993688      0.119888  5    
442542.00      5009214.260906129144     -2267557.020969760139      3221296.567660979927      7.552450534888      0.000000      0.000000      0.000000     30.531811591451    114.355177953041      0.190180      1.323094     -0.410401  6    
442543.00      5009212.703411176801     -2267556.407748817932      3221297.299789668527      6.484405137599      0.000000      0.000000      0.000000     30.531824940593    114.355178824688     -0.048981      1.342901     -0.289213  6    
442544.00      5009211.772414598614     -2267556.071150446311      3221298.523502918892      6.255961971357      0.000000      0.000000      0.000000     30.531838970987    114.355179630085      0.023140      1.259986     -0.285742  6    
442545.00      5009217.607473030686     -2267556.912408648059      3221302.962810998783     13.388760061935      0.000000      0.000000      0.000000     30.531847513468    114.355162541660      0.007943      1.247966     -0.316707  6    
442546.00      5009214.542764740065     -2267556.973009752110      3221304.267306475900     11.668138657697      0.000000      0.000000      0.000000     30.531870328351    114.355176286564     -0.024982      1.261445      0.043527  5    
442547.00      5009216.893417498097     -2267556.369828060269      3221306.229380218312     14.295188802294      0.000000      0.000000      0.000000     30.531876899549    114.355160459462      0.064991      1.325926     -0.056129  5    
442548.00      5009216.860855691135     -2267556.319446098991      3221307.741827681195     15.020091666840      0.000000      0.000000      0.000000     30.531888881743    114.355160121119     -0.009121      1.470367      0.340345  5    
442549.00      5009216.489339037798     -2267556.164675261825      3221309.087148676626     15.357036090456      0.000000      0.000000      0.000000     30.531901177720    114.355160248381      0.125199      1.443750      0.148369  5    
442550.00      5009215.866809516214     -2267555.835056893993      3221310.297537412494     15.366356966086      0.000000      0.000000      0.000000     30.531913803641    114.355159794493     -0.054124      1.389782     -0.269915  5    
442551.00      5009215.404587964527     -2267555.556624770630      3221311.521454015747     15.526524928398      0.000000      0.000000      0.000000     30.531925768709    114.355159137635     -0.133170      1.276784      0.113117  5    
442552.00      5009215.348966363817     -2267555.361414883286      3221313.076457707211     16.203508846462      0.000000      0.000000      0.000000     30.531938451495    114.355157523556     -0.009353      1.145857      0.087214  4    
442553.00      5009214.774910759181     -2267555.095863190014      3221314.253394867759     16.256630940363      0.000000      0.000000      0.000000     30.531950494078    114.355157469541     -0.095134      1.138626      0.176339  1    
442554.00      5009213.187334383838     -2267554.669115209021      3221314.953976169229     15.215195182711      0.000000      0.000000      0.000000     30.531963371305    114.355160240605     -0.047382      1.269852      0.048936  6    
442555.00      5009216.340843363665     -2267556.110842926893      3221318.135067705996     19.817901589908      0.000000      0.000000      0.000000     30.531972197636    114.355160375473      0.051018      1.204506     -0.256303  1    
442556.00      5009214.500177965499     -2267555.539918646682      3221317.975265243091     18.089564902708      0.000000      0.000000      0.000000     30.531979719085    114.355162865466      0.081325      1.255580     -0.338940  1    
442557.00      5009215.295734099112     -2267555.871803532820      3221319.375219446141     19.542924292386      0.000000      0.000000      0.000000     30.531986647741    114.355162597341      0.321620      1.416732     -0.146716  1    
442558.00      5009214.686085869558     -2267555.861605703365      3221320.260183956474     19.510495174676      0.000000      0.000000      0.000000     30.531996087851    114.355165120308      0.049334      0.314567     -0.013946  1    
442559.00      5009214.644718050025     -2267555.844904820435      3221320.271493096370     19.477847110480      0.000000      0.000000      0.000000     30.531996379974    114.355165139535     -0.011470     -0.012180      0.057208  1    
442560.00      5009212.037057517096     -2267554.414436419494      3221319.371288228314     16.466197168455      0.000000      0.000000      0.000000     30.532002975116    114.355162765938     -0.007773      0.042628     -0.058758  1    
442561.00      5009212.946177276783     -2267554.697876009159      3221320.291177479550     17.747578527778      0.000000      0.000000      0.000000     30.532005791345    114.355161549925      0.049399      0.672986     -0.145976  1    
442562.00      5009208.509595581330     -2267553.389959448483      3221319.910560876131     13.608282984234      0.000000      0.000000      0.000000     30.532023826980    114.355168198918     -0.405993      0.312775      0.167139  1    
442563.00      5009212.120778397657     -2267553.005594063085      3221321.075580748729     16.897269240580      0.000000      0.000000      0.000000     30.532018529576    114.355149032252     -0.969286      0.319552     -0.064573  1    
442564.00      5009212.590802894905     -2267552.948023364414      3221320.655247745104     17.032106232829      0.000000      0.000000      0.000000     30.532013410385    114.355146465958     -1.449650      0.231481      0.309671  1    
442565.00      5009212.736318343319     -2267550.545282813255      3221320.362157726195     16.143914940767      0.000000      0.000000      0.000000     30.532015066352    114.355123031804     -1.431554     -1.015865     -0.184121  1    
442566.00      5009211.882827698253     -2267550.750726853032      3221319.116950220894     14.914574024267      0.000000      0.000000      0.000000     30.532008566440    114.355128649661     -0.682980     -1.433727     -0.111928  1    
442567.00      5009215.079849421047     -2267549.981030752417      3221317.747710907366     16.454246059991      0.000000      0.000000      0.000000     30.531986036157    114.355107604864     -0.474209     -1.279434     -0.037535  1    
442568.00      5009215.762493055314     -2267549.881247933488      3221317.736645872705     16.948845868930      0.000000      0.000000      0.000000     30.531983288953    114.355103724199     -0.242889     -1.430925      0.029877  1    
442569.00      5009216.763949249871     -2267549.961019332521      3221316.386357585434     17.077044023201      0.000000      0.000000      0.000000     30.531968466344    114.355100178020     -0.188974     -1.545664      0.298138  1    
442570.00      5009220.049304538406     -2267550.747756505851      3221315.072707271669     19.267135617323      0.000000      0.000000      0.000000     30.531943057930    114.355093528639     -0.171300     -1.690325      0.132670  1    
442571.00      5009220.409800119698     -2267551.705270756502      3221313.476708797272     19.079336624593      0.000000      0.000000      0.000000     30.531927343329    114.355101069054      0.081136     -1.511890     -0.271631  1    
442572.00      5009221.224403097294     -2267551.343721970916      3221311.786361752078     18.731396177784      0.000000      0.000000      0.000000     30.531911492656    114.355094136439      0.037589     -1.860840      0.008286  1    
442573.00      5009222.685739491135     -2267551.581765847746      3221310.999113532249     19.562715742737      0.000000      0.000000      0.000000     30.531898825691    114.355090116535     -0.055603     -0.779815      0.134061  1    
442574.00      5009223.581675064750     -2267552.449627147522      3221310.203723386861     20.169951545075      0.000000      0.000000      0.000000     30.531887265613    114.355094505009      0.144907     -0.987888     -0.058644  1    
442575.00      5009222.142618366517     -2267552.441606074572      3221309.332493987400     18.595284800045      0.000000      0.000000      0.000000     30.531886519248    114.355100612741      0.160947     -0.516578     -0.272794  1    
442576.00      5009222.498149750754     -2267552.632428223733      3221308.546661799774     18.542833233252      0.000000      0.000000      0.000000     30.531878568860    114.355100896404      0.068529     -1.010175      0.145400  1    
442577.00      5009224.095984940417     -2267553.589795153122      3221307.307575398590     19.507233252749      0.000000      0.000000      0.000000     30.531860462141    114.355103118353      0.026398     -0.815664      0.234260  1    
442578.00      5009224.657433149405     -2267553.864027323201      3221306.474412092008     19.621946768835      0.000000      0.000000      0.000000     30.531851126760    114.355103308952     -0.005222     -1.173100      0.068212  1    
442579.00      5009224.333098834381     -2267552.710418833420      3221304.637832953129     18.024655188434      0.000000      0.000000      0.000000     30.531840391367    114.355093751663     -0.127469     -1.403892      0.242514  1    
442580.00      5009224.833165029995     -2267552.919860216789      3221303.584041339345     17.956105659716      0.000000      0.000000      0.000000     30.531829720486    114.355093590985     -0.061175     -1.154437     -0.183889  1    
442581.00      5009227.066799115390     -2267553.765113323927      3221303.841197357513     20.139706691727      0.000000      0.000000      0.000000     30.531820796558    114.355092016523      0.002996     -1.235979     -0.056642  5    
442582.00      5009226.726865046658     -2267553.624897147063      3221302.074928664602     18.925862222910      0.000000      0.000000      0.000000     30.531808757503    114.355092146229      0.038200     -1.312251      0.170417  1    
442583.00      5009227.923567930236     -2267554.320519394241      3221301.764873732813     19.954487224109      0.000000      0.000000      0.000000     30.531800038170    114.355093607216      0.002746     -1.349391     -0.012321  1    
442584.00      5009228.470021705143     -2267554.480811302084      3221300.778492911253     19.939125891775      0.000000      0.000000      0.000000     30.531789790273    114.355092780635     -0.110334     -1.377378      0.468101  1    
442585.00      5009229.456988030113     -2267555.102439433802      3221299.933949064929     20.505359658040      0.000000      0.000000      0.000000     30.531777933603    114.355094440481      0.071225     -1.038041     -0.212744  1    
442586.00      5009229.699775558896     -2267555.201856290922      3221298.482487056404     19.993821516633      0.000000      0.000000      0.000000     30.531765454961    114.355094340929     -0.016615     -1.245321      0.175258  5    
442587.00      5009230.250833999366     -2267555.474334048107      3221297.422686621547     19.984625521116      0.000000      0.000000      0.000000     30.531754405400    114.355094559521      0.058654     -1.088689     -0.436070  5    
442588.00      5009230.221544522792     -2267555.123094054870      3221296.087768844329     19.158718451858      0.000000      0.000000      0.000000     30.531744819699    114.355091351125     -0.059809     -1.194537     -0.032543  1    
442589.00      5009230.858860464767     -2267555.533059590496      3221295.058756990824     19.281686998904      0.000000      0.000000      0.000000     30.531733389441    114.355092504202     -0.047670     -1.264599      0.016189  1    
442590.00      5009232.736763948575     -2267556.770544186234      3221294.569886631332     20.946482360363      0.000000      0.000000      0.000000     30.531719413069    114.355096181755      0.123123     -1.356807      0.173508  5    
442591.00      5009233.466980530880     -2267557.250243767165      3221293.558172193356     21.175907790661      0.000000      0.000000      0.000000     30.531707597604    114.355097597593     -0.142385     -1.584946      0.249346  5    
442592.00      5009234.314737457782     -2267557.496374661103      3221292.567173640709     21.425124338828      0.000000      0.000000      0.000000     30.531695893793    114.355096291118     -0.191821     -1.249046      0.114108  5    
442593.00      5009234.817412389442     -2267557.661739388946      3221291.397219892591     21.283956219442      0.000000      0.000000      0.000000     30.531684392789    114.355095700818      0.146488     -1.355907      0.283076  5    
442594.00      5009235.615253122523     -2267558.014983074740      3221290.441347287502     21.549896569923      0.000000      0.000000      0.000000     30.531672967858    114.355095625642      0.090057     -1.379795      0.256707  5    
442595.00      5009236.583864592947     -2267558.388365671970      3221289.619658318348     22.025160871446      0.000000      0.000000      0.000000     30.531661834518    114.355095007812      0.171516     -1.264060     -0.328168  5    
442596.00      5009237.339812958613     -2267558.801286570262      3221288.557100348175     22.225229378790      0.000000      0.000000      0.000000     30.531649642799    114.355095679159     -0.012616     -1.124037      0.380067  5    
442597.00      5009237.685788992792     -2267559.187727247365      3221287.458238158841     22.075745837763      0.000000      0.000000      0.000000     30.531638930526    114.355097860850      0.044274     -1.368632      0.046263  5    
442598.00      5009238.203007909469     -2267559.490622998215      3221286.346995679662     22.024670410901      0.000000      0.000000      0.000000     30.531627565070    114.355098513608     -0.021173     -1.486213      0.025559  5    
442599.00      5009238.855313693173     -2267559.878232107498      3221285.326803548727     22.155943281017      0.000000      0.000000      0.000000     30.531616183016    114.355099390043     -0.014665     -1.212441     -0.007282  5    
442600.00      5009239.470986859873     -2267560.236384784803      3221284.258567412384     22.223600673489      0.000000      0.000000      0.000000     30.531604636273    114.355100144270      0.136211     -1.285161     -0.014355  5    
442601.00      5009239.943043784238     -2267560.424228495453      3221283.232553311158     22.139516859315      0.000000      0.000000      0.000000     30.531594338957    114.355099898929     -0.042365     -1.095914      0.123970  5    
442602.00      5009240.488860251382     -2267560.908545346931      3221282.178768231999     22.204514923505      0.000000      0.000000      0.000000     30.531582957698    114.355102150992     -0.080630     -1.319028      0.035959  5    
442603.00      5009241.347492158413     -2267561.231605869252      3221281.351854262408     22.572951307520      0.000000      0.000000      0.000000     30.531572337986    114.355101528063      0.066132     -1.172791     -0.042059  5    
442604.00      5009241.715039083734     -2267561.461852277629      3221280.299681858160     22.408632824197      0.000000      0.000000      0.000000     30.531562193588    114.355102134339     -0.062788     -1.151276      0.037503  5    
442605.00      5009242.320153241977     -2267561.677899112925      3221279.204101439565     22.403636801057      0.000000      0.000000      0.000000     30.531550747014    114.355101584957      0.014381     -1.533892      0.202680  5    
442606.00      5009246.485519057140     -2267566.047621452250      3221279.476082941983     27.362531902269      0.000000      0.000000      0.000000     30.531527213872    114.355125166583     -0.022521     -1.047407     -0.044953  1    
442607.00      5009243.967650385574     -2267562.903246425558      3221277.563308112323     23.298135725781      0.000000      0.000000      0.000000     30.531528805531    114.355106137373     -0.139365     -1.237541     -0.004531  5    
442608.00      5009244.439350047149     -2267563.152448339853      3221276.678816079162     23.307463238947      0.000000      0.000000      0.000000     30.531519493323    114.355106476028      0.111175     -1.352059      0.370612  5    
442609.00      5009244.861296963878     -2267563.500115179922      3221275.679716072045     23.254503902048      0.000000      0.000000      0.000000     30.531509312284    114.355107963185     -0.169710     -0.820441     -0.507389  5    
442610.00      5009245.581762634218     -2267563.822188628372      3221274.900584478863     23.538446706720      0.000000      0.000000      0.000000     30.531499642479    114.355107924607     -0.060475     -0.949434     -0.168733  5    
442611.00      5009245.229165555909     -2267564.026058629621      3221273.363435058389     22.553292240947      0.000000      0.000000      0.000000     30.531488786160    114.355111375066     -0.020572     -1.073475      0.237181  5    
442612.00      5009245.764871623367     -2267564.245633223094      3221272.440995280631     22.583044148050      0.000000      0.000000      0.000000     30.531478967900    114.355111157429      0.078322     -1.066969      0.082924  5    
442613.00      5009246.508041219786     -2267564.537487215362      3221271.663938390091     22.875122834928      0.000000      0.000000      0.000000     30.531469276542    114.355110734422      0.129086     -0.762240      0.095794  5    
442614.00      5009246.576398266479     -2267564.733404398896      3221270.481474027038     22.397649231367      0.000000      0.000000      0.000000     30.531459433694    114.355112300481      0.615870     -1.213497      0.723655  5    
442615.00      5009247.232694087550     -2267564.915739257820      3221269.700789835304     22.580813421868      0.000000      0.000000      0.000000     30.531450283777    114.355111211143     -0.200343     -1.182038      0.039075  5    
442616.00      5009247.929043857381     -2267565.218690308742      3221268.980637395754     22.869003211148      0.000000      0.000000      0.000000     30.531441209027    114.355111094670      0.161420     -1.050067      0.085087  5    
442617.00      5009248.212626593187     -2267565.383186825085      3221267.951742031612     22.627270678990      0.000000      0.000000      0.000000     30.531431720244    114.355111437601      0.035261     -1.034358      0.144191  5    
442618.00      5009248.729387215339     -2267565.682363702916      3221266.933888477273     22.621961791068      0.000000      0.000000      0.000000     30.531421089321    114.355112057023      0.170315     -1.263376      0.155243  5    
442619.00      5009248.831500356086     -2267565.712546462193      3221265.820950344205     22.147426415235      0.000000      0.000000      0.000000     30.531411958934    114.355111904745      0.100796     -1.000431      0.051425  1    
442620.00      5009249.702139733359     -2267566.191101365723      3221264.962771868333     22.564639485441      0.000000      0.000000      0.000000     30.531400752351    114.355112706292      0.060757     -1.243205      0.165119  5    
442621.00      5009250.403805382550     -2267566.516878597904      3221263.880539841019     22.681169485673      0.000000      0.000000      0.000000     30.531388799067    114.355112783660      0.126418     -1.391471      0.217178  5    
442622.00      5009251.021254748106     -2267566.799188443460      3221262.793287619948     22.713625001721      0.000000      0.000000      0.000000     30.531377240486    114.355112810291      0.099206     -1.493221      0.324733  5    
442623.00      5009251.557595407590     -2267567.125590075739      3221261.726539191324     22.708513144404      0.000000      0.000000      0.000000     30.531366096485    114.355113604013      0.196943     -1.311814      0.148672  5    
442624.00      5009252.150100214407     -2267567.422019692138      3221260.628611447290     22.720987509936      0.000000      0.000000      0.000000     30.531354532410    114.355113871870     -0.043400     -1.232049      0.330715  5    
442625.00      5009252.762452321127     -2267567.692844067700      3221259.605210562237     22.777801288292      0.000000      0.000000      0.000000     30.531343512912    114.355113811376      0.101766     -1.186656     -0.238678  5    
442626.00      5009253.214023564942     -2267568.099162769970      3221258.857839500066     22.896806189790      0.000000      0.000000      0.000000     30.531335053198    114.355115727999      0.177795     -1.039860     -0.029797  1    
442627.00      5009253.767973661423     -2267568.179102107417      3221257.480650244281     22.660259743221      0.000000      0.000000      0.000000     30.531321889431    114.355114106439      0.023440     -1.161088      0.130044  5    
442628.00      5009254.805037936196     -2267568.772766801994      3221256.566312603652     23.220427148044      0.000000      0.000000      0.000000     30.531309334243    114.355115285543     -0.044464     -1.341266     -0.185731  5    
442629.00      5009254.941397815943     -2267568.834950852208      3221255.422881616279     22.768643724732      0.000000      0.000000      0.000000     30.531299763493    114.355115289883     -0.050034     -1.166745     -0.209153  5    
442630.00      5009255.466607850976     -2267569.081826562528      3221254.446274586953     22.772343299352      0.000000      0.000000      0.000000     30.531289516601    114.355115376512      0.082194     -1.074249      0.071654  5    
442631.00      5009255.867273030803     -2267569.262489942834      3221253.561137456447     22.701260996051      0.000000      0.000000      0.000000     30.531280625437    114.355115369790      0.054247     -0.990048      0.176467  5    
442632.00      5009256.055978478864     -2267568.680211582687      3221252.982410751749     22.348506320268      0.000000      0.000000      0.000000     30.531276441545    114.355109031462      0.077264     -1.073949     -0.184525  1    
442633.00      5009256.896756622940     -2267569.690348709933      3221251.820579446387     22.776857377961      0.000000      0.000000      0.000000     30.531261995825    114.355115007512      0.487779     -1.406202      0.217908  1    
442634.00      5009256.720188247040     -2267570.388841897249      3221250.375935780816     22.152527986094      0.000000      0.000000      0.000000     30.531250188658    114.355122396884      0.739072     -0.927718     -0.149727  5    
442635.00      5009256.664968441240     -2267571.532161533833      3221249.858499067836     22.252458160743      0.000000      0.000000      0.000000     30.531244238343    114.355133487435      1.112144     -0.417964     -0.084940  5    
442636.00      5009256.268113959581     -2267572.784010360017      3221249.692110276781     22.301194906235      0.000000      0.000000      0.000000     30.531242236612    114.355147076282      1.309344     -0.237466      0.004828  5    
442637.00      5009256.069134935737     -2267573.826662077568      3221249.939653648064     22.641175402328      0.000000      0.000000      0.000000     30.531243020250    114.355157828969      1.511420     -0.098868     -0.087079  1    
442638.00      5009255.140931455418     -2267574.830607153475      3221249.637768935412     22.116072277538      0.000000      0.000000      0.000000     30.531242652383    114.355171347813      1.180652      0.080174     -0.216529  5    
442639.00      5009255.114429173060     -2267575.946740068961      3221250.066603468265     22.709594215266      0.000000      0.000000      0.000000     30.531243985707    114.355182056879      0.595832      0.011641     -0.238820  1    
442640.00      5009254.670473686419     -2267577.102750595659      3221250.227702496108     22.853695156984      0.000000      0.000000      0.000000     30.531244906155    114.355194938354      1.258152      0.088584      0.286657  1    
442641.00      5009254.360926441848     -2267578.119931337424      3221250.417883471120     23.068725567311      0.000000      0.000000      0.000000     30.531245753813    114.355205924377      1.313655      0.123162      0.127541  1    
442642.00      5009252.994366352446     -2267579.408835626207      3221250.002985720988     22.243456463329      0.000000      0.000000      0.000000     30.531245799322    114.355224031962      1.885082      0.239994      0.189666  1    
442643.00      5009252.419820468873     -2267580.542468902189      3221250.228507992346     22.309863063507      0.000000      0.000000      0.000000     30.531247807752    114.355237262185      1.346803      0.038913      0.211656  5    
442644.00      5009250.100845403038     -2267580.237905284390      3221249.848337490577     20.188854562119      0.000000      0.000000      0.000000     30.531255110208    114.355244336060      1.671963     -0.013138      0.136648  1    
442645.00      5009251.083476074040     -2267583.312978939619      3221250.119097180665     22.189784621820      0.000000      0.000000      0.000000     30.531247300794    114.355269304454      1.491707     -0.006632      0.171153  1    
442646.00      5009251.152022249997     -2267585.210969564971      3221250.489125210792     23.105746585876      0.000000      0.000000      0.000000     30.531246302919    114.355287027054      1.447956      0.103845      0.417995  1    
442647.00      5009250.415733333677     -2267586.184241340030      3221250.523413068615     22.891123479232      0.000000      0.000000      0.000000     30.531247803772    114.355299430042      1.411513     -0.024853     -0.043598  5    
442648.00      5009250.530002739280     -2267587.235157584306      3221250.980394690298     23.586243404076      0.000000      0.000000      0.000000     30.531248891361    114.355308915091      1.302207     -0.010000      0.004030  1    
442649.00      5009249.805618492886     -2267587.800247380976      3221250.367647198029     22.907269966789      0.000000      0.000000      0.000000     30.531246086666    114.355317392154      1.204077     -0.011580     -0.041068  1    
442650.00      5009248.415022816509     -2267588.256788031664      3221250.264182169922     21.925683987327      0.000000      0.000000      0.000000     30.531250225153    114.355327701620      0.908256      0.023070     -0.007066  1    
442651.00      5009247.038008218631     -2267588.996260176878      3221249.442987696268     20.690644775517      0.000000      0.000000      0.000000     30.531248195808    114.355340638527      0.873370      0.005934     -0.033823  1    
442652.00      5009246.884595785290     -2267590.474454180337      3221249.219705319032     20.981912949122      0.000000      0.000000      0.000000     30.531244308020    114.355355329894      0.892630      0.034203      0.052312  1    
442653.00      5009246.500048518181     -2267591.377030935138      3221249.216254521161     20.999017821625      0.000000      0.000000      0.000000     30.531244180885    114.355365550300      1.066471     -0.023422     -0.129718  1    
442654.00      5009247.894138793461     -2267592.471944848541      3221250.322160457727     23.043696979992      0.000000      0.000000      0.000000     30.531244884535    114.355369953372      1.234832      0.061937      0.081296  1    
442655.00      5009246.231490948237     -2267592.750338841230      3221249.618624335621     21.480511615053      0.000000      0.000000      0.000000     30.531245833051    114.355379740807      0.995949      0.048598      0.100805  1    
442656.00      5009245.857178116217     -2267594.183842644095      3221250.068392822519     21.924481513910      0.000000      0.000000      0.000000     30.531248181209    114.355394957187      1.088404      0.022339     -0.127833  5    
442657.00      5009245.244142077863     -2267595.240950701758      3221249.967767197173     21.767819378525      0.000000      0.000000      0.000000     30.531247960874    114.355407626378      1.382363     -0.264104      0.095754  5    
442658.00      5009244.738279469311     -2267596.521628204733      3221249.549882509746     21.613501735963      0.000000      0.000000      0.000000     30.531244405672    114.355421957311      1.281534     -0.155247     -0.075156  5    
442659.00      5009244.341758873314     -2267597.664979496039      3221249.451288444921     21.658406106755      0.000000      0.000000      0.000000     30.531243134288    114.355434514777      1.697604     -0.139434      0.023967  5    
442660.00      5009243.587881830521     -2267598.891103223898      3221249.155434142333     21.352087060921      0.000000      0.000000      0.000000     30.531241665651    114.355449393613      1.343161     -0.136656     -0.066681  5    
442661.00      5009243.523634906858     -2267601.347188479267      3221248.621866960078     21.903063477017      0.000000      0.000000      0.000000     30.531233146870    114.355472984671      0.989793     -0.181170     -0.123120  1    
442662.00      5009242.955115853809     -2267602.279621024150      3221248.558522149920     21.755986913107      0.000000      0.000000      0.000000     30.531233265952    114.355484279051      1.277245      0.080387      0.012581  1    
442663.00      5009241.575432674959     -2267602.092309635133      3221248.678282578476     20.667658159509      0.000000      0.000000      0.000000     30.531240309963    114.355488429738      1.045122     -0.087912     -0.032923  5    
442664.00      5009241.113373838365     -2267603.316016044468      3221248.668286129832     20.734688155353      0.000000      0.000000      0.000000     30.531239848682    114.355502031626      1.257358     -0.085641      0.172469  5    
442665.00      5009240.610545169562     -2267604.496210116893      3221248.676918254234     20.763733558357      0.000000      0.000000      0.000000     30.531239784559    114.355515395659      1.294720     -0.034089     -0.005355  5    
442666.00      5009240.173407509923     -2267605.651434622705      3221248.622178730555     20.803263666108      0.000000      0.000000      0.000000     30.531239001018    114.355528240374      1.228378      0.061054      0.093177  5    
442667.00      5009239.694595405832     -2267606.665866367519      3221248.572797634639     20.762802037410      0.000000      0.000000      0.000000     30.531238699144    114.355539927665      1.231188     -0.093143      0.157873  5    
442668.00      5009239.175203430466     -2267607.358305975795      3221248.858436034992     20.746312404983      0.000000      0.000000      0.000000     30.531241778126    114.355548732750      1.368649     -0.008523      0.012681  6    
442669.00      5009238.971456926316     -2267609.670363239944      3221248.401890700683     21.175793623552      0.000000      0.000000      0.000000     30.531234712280    114.355571556035      1.118503     -0.002661      0.139852  5    
442670.00      5009240.458618521690     -2267614.235902547836      3221248.024586454034     23.772861252539      0.000000      0.000000      0.000000     30.531216944814    114.355608504788      1.236584      0.091212     -0.063383  6    
442671.00      5009238.619951248169     -2267613.182053446770      3221248.251637279987     22.071062754840      0.000000      0.000000      0.000000     30.531228376011    114.355606402057      1.220328      0.133988     -0.114184  6    
442672.00      5009237.805013716221     -2267613.835265994072      3221248.290129914880     21.683174520731      0.000000      0.000000      0.000000     30.531230842659    114.355616104797      1.216224     -0.221796     -0.060404  6    
442673.00      5009238.884062886238     -2267617.459374427795      3221248.009616464376     23.674755156040      0.000000      0.000000      0.000000     30.531217309965    114.355645870533      1.276243      0.026933      0.311393  6    
442674.00      5009236.109228610992     -2267614.667887926102      3221248.464215368032     20.736702095717      0.000000      0.000000      0.000000     30.531237700901    114.355631295828      0.778045      0.138453     -0.180596  6    
442675.00      5009235.687005043030     -2267615.664322614670      3221248.439941018820     20.747008427046      0.000000      0.000000      0.000000     30.531237391867    114.355642569104      1.057647      0.103095     -0.025098  6    
442676.00      5009238.108196735382     -2267621.430855751038      3221247.818697214127     24.379704073071      0.000000      0.000000      0.000000     30.531211560335    114.355686904763      1.195786      0.172985     -0.116282  6    
442677.00      5009237.094984173775     -2267621.316307187080      3221247.878215327859     23.574187126942      0.000000      0.000000      0.000000     30.531216468926    114.355690171402      1.085416     -0.185495     -0.094049  6    
442678.00      5009233.876790583134     -2267617.618068337440      3221248.376686513424     19.988421039656      0.000000      0.000000      0.000000     30.531240765104    114.355668894396      0.985223     -0.235717     -0.100829  6    
442679.00      5009233.590908901766     -2267617.906250201631      3221248.394071388990     19.875291286036      0.000000      0.000000      0.000000     30.531241549006    114.355672858530      0.558002     -0.058379     -0.121612  3    
442680.00      5009233.312426110730     -2267618.464279178530      3221248.379678232595     19.847679433413      0.000000      0.000000      0.000000     30.531241545172    114.355679352453      0.595964      0.050641      0.120184  1    
442681.00      5009232.909829959273     -2267619.242408792023      3221248.371431280859     19.803983415477      0.000000      0.000000      0.000000     30.531241691270    114.355688469077      0.868971     -0.074176      0.013144  1    
442682.00      5009232.456056717783     -2267620.064601408318      3221248.363197058439     19.735787751153      0.000000      0.000000      0.000000     30.531241967837    114.355698223899      1.023510      0.022230      0.016054  1    
442683.00      5009232.062934122980     -2267620.999794951640      3221248.385349411517     19.770761475898      0.000000      0.000000      0.000000     30.531242013762    114.355708790777      0.817595      0.110087     -0.119609  1    
442684.00      5009231.553798279725     -2267622.052993782330      3221248.404794278555     19.755243101157      0.000000      0.000000      0.000000     30.531242299949    114.355720976384      1.109076      0.010364      0.132527  1    
442685.00      5009231.040078404360     -2267623.205358566716      3221248.425899571273     19.772197348066      0.000000      0.000000      0.000000     30.531242430772    114.355734123045      1.360145     -0.017724     -0.058634  1    
442686.00      5009230.590811787173     -2267624.167365786154      3221248.474049946293     19.785847766325      0.000000      0.000000      0.000000     30.531242862392    114.355745185722      1.013677      0.005010     -0.071569  1    
442687.00      5009229.965924782678     -2267625.230308037717      3221248.559438338038     19.716461724602      0.000000      0.000000      0.000000     30.531244125726    114.355757961234      1.155515      0.075629     -0.119841  1    
442688.00      5009229.460586818866     -2267626.244961362332      3221248.639084714465     19.720815004781      0.000000      0.000000      0.000000     30.531244936638    114.355769764619      0.868104      0.070658      0.138001  1    
442689.00      5009229.232102098875     -2267627.329949854407      3221248.268028459046     19.738437578082      0.000000      0.000000      0.000000     30.531240957117    114.355781045967      1.217323     -0.610570      0.029284  1    
442690.00      5009229.066151866689     -2267628.494113086723      3221247.813549521845     19.790876098908      0.000000      0.000000      0.000000     30.531235918759    114.355792810171      1.049742     -0.528469     -0.318538  1    
442691.00      5009228.890094196424     -2267629.471973567735      3221247.382564139087     19.781139458530      0.000000      0.000000      0.000000     30.531231457199    114.355802849288      0.759372     -0.554383      0.183335  1    
442692.00      5009228.891851735301     -2267629.917596196756      3221246.948433896527     19.720272537321      0.000000      0.000000      0.000000     30.531227234717    114.355807071904      0.262777     -0.529775     -0.395511  1    
442693.00      5009229.265234111808     -2267630.152871537022      3221246.270636077970     19.752512077801      0.000000      0.000000      0.000000     30.531219965181    114.355807700785      0.003552     -0.941055      0.087203  1    
442694.00      5009229.428827411495     -2267630.244707068428      3221245.968031965196     19.759779628366      0.000000      0.000000      0.000000     30.531216757593    114.355807869550     -0.009486     -0.293747     -0.029336  1    
442695.00      5009229.413597692735     -2267630.234977893531      3221245.899860268459     19.709741182625      0.000000      0.000000      0.000000     30.531216309888    114.355807842640     -0.009231      0.013702     -0.016524  1    
442696.00      5009229.505659287795     -2267630.279817209579      3221245.805090968031     19.749765790999      0.000000      0.000000      0.000000     30.531215104518    114.355807872674      0.042481      0.109064     -0.063228  1    
442697.00      5009229.516201524995     -2267630.286269380245      3221245.792672553100     19.754021532834      0.000000      0.000000      0.000000     30.531214951830    114.355807888620      0.011538      0.019899      0.006341  1    
442698.00      5009229.513728234917     -2267630.286639867350      3221245.794346116483     19.753062545322      0.000000      0.000000      0.000000     30.531214974457    114.355807902765      0.000079     -0.022372      0.057216  1    
442699.00      5009229.502140985802     -2267630.279067926109      3221245.789473341312     19.738804964349      0.000000      0.000000      0.000000     30.531214999278    114.355807880680      0.011689     -0.029294     -0.027766  1    
442700.00      5009229.507579717785     -2267630.284674774390      3221245.794256528839     19.747494284064      0.000000      0.000000      0.000000     30.531215003142    114.355807910533      0.000380      0.003488     -0.045549  1    
442701.00      5009229.513791333884     -2267630.282754827291      3221245.794215645641     19.751665721647      0.000000      0.000000      0.000000     30.531214980522    114.355807865614     -0.010006      0.049328      0.037705  1    
442702.00      5009229.509015671909     -2267630.286013482604      3221245.796091330703     19.750028702430      0.000000      0.000000      0.000000     30.531215008873    114.355807917070      0.015350     -0.076726     -0.062575  1    
442703.00      5009229.516639572568     -2267630.282966135070      3221245.796042055823     19.754903608933      0.000000      0.000000      0.000000     30.531214982423    114.355807855381     -0.013341      0.031774     -0.009457  1    
442704.00      5009229.501066289842     -2267630.278785826173      3221245.789271909278     19.737759118900      0.000000      0.000000      0.000000     30.531215002733    114.355807882621      0.002636      0.017757     -0.025058  1    
442705.00      5009229.515009854920     -2267630.285185289104      3221245.789354997221     19.751015998423      0.000000      0.000000      0.000000     30.531214933077    114.355807883450     -0.024458     -0.048646      0.087394  1    
442706.00      5009229.513767744415     -2267630.282174006104      3221245.791209285147     19.749913635664      0.000000      0.000000      0.000000     30.531214958360    114.355807860202      0.011207      0.016373      0.025997  1    
442707.00      5009229.519150689244     -2267630.280955585651      3221245.795294808224     19.755780264735      0.000000      0.000000      0.000000     30.531214969934    114.355807825504     -0.009955     -0.018167     -0.046779  1    
442708.00      5009229.514037623070     -2267630.281915723812      3221245.797284253407     19.753119789995      0.000000      0.000000      0.000000     30.531215004921    114.355807856591     -0.007103     -0.010088      0.079402  1    
442709.00      5009229.515666717663     -2267630.283759805374      3221245.794728333596     19.753754764795      0.000000      0.000000      0.000000     30.531214974777    114.355807867095      0.014321      0.044679      0.022047  1    
442710.00      5009229.498149811290     -2267630.276828561909      3221245.786160759162     19.733194821514      0.000000      0.000000      0.000000     30.531214994434    114.355807876574     -0.008534     -0.047474      0.029019  1    
442711.00      5009229.503569309600     -2267630.283745928202      3221245.787423626985     19.740546225570      0.000000      0.000000      0.000000     30.531214968550    114.355807918949     -0.006899     -0.008613      0.000398  1    
442712.00      5009229.504100585356     -2267630.281208397355      3221245.782484899741     19.737552812323      0.000000      0.000000      0.000000     30.531214932755    114.355807892578     -0.003195     -0.021656     -0.041106  1    
442713.00      5009229.500013127923     -2267630.278992325068      3221245.781123924535     19.732866822742      0.000000      0.000000      0.000000     30.531214943432    114.355807889107      0.007239      0.008103      0.046702  1    
442714.00      5009229.503801797517     -2267630.279362294823      3221245.789869703818     19.740414114669      0.000000      0.000000      0.000000     30.531214994868    114.355807876338     -0.003517      0.022711      0.027234  1    
442715.00      5009229.502495526336     -2267630.280930129811      3221245.787186101545     19.738582732156      0.000000      0.000000      0.000000     30.531214976508    114.355807896834     -0.009353      0.015054      0.006338  1    
442716.00      5009229.509519890882     -2267630.285758691374      3221245.784739997704     19.744567286223      0.000000      0.000000      0.000000     30.531214919055    114.355807912485      0.001355     -0.019539     -0.009061  1    
442717.00      5009229.498710957356     -2267630.282723383978      3221245.782065493520     19.733648702502      0.000000      0.000000      0.000000     30.531214949133    114.355807930120      0.024943      0.011479      0.018280  1    
442718.00      5009229.505790350027     -2267630.282883099746      3221245.782062267419     19.739258954301      0.000000      0.000000      0.000000     30.531214919253    114.355807901214      0.007499     -0.010038      0.016928  1    
442719.00      5009229.487140543759     -2267630.275513085537      3221245.779799581040     19.720857100561      0.000000      0.000000      0.000000     30.531214993455    114.355807911396     -0.001202      0.008033      0.010850  1    
442720.00      5009229.495752782561     -2267630.277977960184      3221245.777103654109     19.727121101692      0.000000      0.000000      0.000000     30.531214931898    114.355807897785     -0.020802      0.051933     -0.078011  1    
442721.00      5009229.493894493207     -2267630.274679991882      3221245.784635436255     19.728317601606      0.000000      0.000000      0.000000     30.531215004407    114.355807874464     -0.009537     -0.018802     -0.030376  1    
442722.00      5009229.490849450231     -2267630.280315123498      3221245.772126166150     19.721575100906      0.000000      0.000000      0.000000     30.531214909278    114.355807941042     -0.004246     -0.035379      0.034723  1    
442723.00      5009229.503266854212     -2267630.283366116229      3221245.786252812948     19.739579190500      0.000000      0.000000      0.000000     30.531214961433    114.355807916644      0.013876      0.026152      0.003345  1    
442724.00      5009229.511875858530     -2267630.281727109104      3221245.784175607376     19.744697173126      0.000000      0.000000      0.000000     30.531214912453    114.355807864090      0.013705     -0.035976     -0.015185  1    
442725.00      5009229.494194120169     -2267630.271480046678      3221245.785629295278     19.727920909412      0.000000      0.000000      0.000000     30.531215016925    114.355807842800     -0.000315      0.020222     -0.009806  1    
442726.00      5009229.514892910607     -2267630.285161195323      3221245.784838975873     19.748621500097      0.000000      0.000000      0.000000     30.531214898523    114.355807883724      0.006495     -0.008018      0.015915  1    
442727.00      5009229.494343338534     -2267630.275104966480      3221245.782304691151     19.727636731230      0.000000      0.000000      0.000000     30.531214983621    114.355807876569      0.007780      0.039970     -0.003202  1    
442728.00      5009229.497012833133     -2267630.271700889803      3221245.779982343782     19.727342490107      0.000000      0.000000      0.000000     30.531214960867    114.355807832784     -0.017304     -0.026452     -0.000108  1    
442729.00      5009229.503858157434     -2267630.284283068031      3221245.781924199779     19.738169936463      0.000000      0.000000      0.000000     30.531214923601    114.355807922807      0.000924      0.001686     -0.023666  1    
442730.00      5009229.493678402156     -2267630.276717239060      3221245.779228785075     19.726125094108      0.000000      0.000000      0.000000     30.531214959452    114.355807894732      0.009367      0.033447     -0.002502  1    
442731.00      5009229.503668825142     -2267630.276783765759      3221245.791554935277     19.740249928087      0.000000      0.000000      0.000000     30.531215013390    114.355807852432     -0.021529     -0.002255      0.074427  1    
442732.00      5009229.515280290507     -2267630.280715026427      3221245.795253669843     19.752636835910      0.000000      0.000000      0.000000     30.531214986226    114.355807839853     -0.004050     -0.017732      0.015924  1    
442733.00      5009229.520430315286     -2267630.281366287265      3221245.794332435820     19.756441378035      0.000000      0.000000      0.000000     30.531214956339    114.355807823904      0.006383     -0.035264      0.038526  1    
442734.00      5009229.492637981661     -2267630.280427600257      3221245.785900305025     19.730015872978      0.000000      0.000000      0.000000     30.531215008618    114.355807934424      0.016611      0.010322     -0.023862  1    
442735.00      5009229.493985867128     -2267630.275223304052      3221245.785725367721     19.729135992005      0.000000      0.000000      0.000000     30.531215011467    114.355807879229     -0.021203     -0.046870      0.052053  1    
442736.00      5009229.500426513143     -2267630.284557471052      3221245.782064872328     19.735646083020      0.000000      0.000000      0.000000     30.531214938501    114.355807940158     -0.001875     -0.003531      0.024400  1    
442737.00      5009229.510245214216     -2267630.275515030138      3221245.791480810381     19.744922040030      0.000000      0.000000      0.000000     30.531214987758    114.355807812128     -0.014451     -0.010930      0.036745  1    
442738.00      5009229.508841986768     -2267630.282120684162      3221245.783620314207     19.742174226791      0.000000      0.000000      0.000000     30.531214920060    114.355807880863      0.013792     -0.031375      0.017149  1    
442739.00      5009229.500853366219     -2267630.286159204319      3221245.774788125884     19.732853362337      0.000000      0.000000      0.000000     30.531214877154    114.355807953529     -0.001847     -0.038895      0.060090  1    
442740.00      5009229.503592321649     -2267630.295411519706      3221245.772890125867     19.737325043418      0.000000      0.000000      0.000000     30.531214833489    114.355808029589      0.019997      0.057430     -0.076298  1    
442741.00      5009229.501916838810     -2267630.293902109377      3221245.774685843848     19.736386364326      0.000000      0.000000      0.000000     30.531214857288    114.355808022460      0.014191      0.003363      0.002767  1    
442742.00      5009229.494000452571     -2267630.286625964101      3221245.768544266932     19.724469798617      0.000000      0.000000      0.000000     30.531214856368    114.355807987408      0.002810     -0.026931      0.001154  1    
442743.00      5009229.503301667981     -2267630.293072524015      3221245.777470843401     19.738593143411      0.000000      0.000000      0.000000     30.531214874713    114.355808008634      0.000758      0.007408      0.031668  1    
442744.00      5009229.493357281201     -2267630.290078226943      3221245.771554155275     19.726720477454      0.000000      0.000000      0.000000     30.531214875914    114.355808022944     -0.011781     -0.007770      0.018461  1    
442745.00      5009229.498635697179     -2267630.290126354434      3221245.770847950596     19.730520755984      0.000000      0.000000      0.000000     30.531214848301    114.355808000718     -0.005617     -0.027305      0.045151  1    
442746.00      5009229.499989074655     -2267630.291529493406      3221245.768443414476     19.730859647505      0.000000      0.000000      0.000000     30.531214821318    114.355808008222     -0.002443      0.003721      0.000379  1    
442747.00      5009229.506254099309     -2267630.287641628180      3221245.778092519380     19.739296533167      0.000000      0.000000      0.000000     30.531214877481    114.355807944393     -0.002608      0.015249     -0.001127  1    
442748.00      5009229.508851043880     -2267630.294517756440      3221245.774484075606     19.741943784989      0.000000      0.000000      0.000000     30.531214825610    114.355807998506     -0.011314     -0.056837     -0.009637  1    
442749.00      5009229.506764729507     -2267630.286895631347      3221245.778504411224     19.739641469903      0.000000      0.000000      0.000000     30.531214879959    114.355807935117     -0.006775     -0.004247     -0.022480  1    
442750.00      5009229.510831891559     -2267630.293320404831      3221245.773854892235     19.742753186263      0.000000      0.000000      0.000000     30.531214814715    114.355807978628      0.000757     -0.016926      0.027296  1    
442751.00      5009229.499251865782     -2267630.288950534072      3221245.775367424823     19.732882509008      0.000000      0.000000      0.000000     30.531214883066    114.355807986908     -0.003843      0.037596     -0.027332  1    
442752.00      5009229.504895073362     -2267630.291079366114      3221245.778466252144     19.739641139284      0.000000      0.000000      0.000000     30.531214879562    114.355807982866      0.008815      0.001552     -0.034800  1    
442753.00      5009229.500253215432     -2267630.284321431071      3221245.770517939236     19.729560319334      0.000000      0.000000      0.000000     30.531214849955    114.355807938662     -0.004325     -0.008712      0.025851  1    
442754.00      5009229.506103262305     -2267630.290875010658      3221245.781336114742     19.741974517703      0.000000      0.000000      0.000000     30.531214897202    114.355807975735      0.012444     -0.045492      0.019060  1    
442755.00      5009229.504427702166     -2267630.289221051149      3221245.784342950210     19.741599685512      0.000000      0.000000      0.000000     30.531214930684    114.355807967234      0.004042      0.007102     -0.023948  1    
442756.00      5009229.519058372825     -2267630.294433338102      3221245.778218320105     19.751820450649      0.000000      0.000000      0.000000     30.531214812172    114.355807953841      0.014387      0.051207     -0.022544  1    
442757.00      5009229.504540928639     -2267630.287712279242      3221245.790218120441     19.744137214497      0.000000      0.000000      0.000000     30.531214978710    114.355807952425      0.022326      0.027972      0.004923  1    
442758.00      5009229.519175271504     -2267630.291849805508      3221245.791103456635     19.757540198043      0.000000      0.000000      0.000000     30.531214916679    114.355807928814      0.001324      0.035777     -0.050781  1    
442759.00      5009229.505775569938     -2267630.285815722309      3221245.792935624719     19.745812842622      0.000000      0.000000      0.000000     30.531214998254    114.355807929116     -0.013992     -0.026109      0.038551  1    
442760.00      5009229.509959285147     -2267630.289958810434      3221245.788770953193     19.748451814055      0.000000      0.000000      0.000000     30.531214940602    114.355807950467      0.025762      0.019149     -0.005501  1    
442761.00      5009229.499527639709     -2267630.288102789316      3221245.776006155182     19.733122248203      0.000000      0.000000      0.000000     30.531214888479    114.355807977676     -0.001884     -0.025165      0.014955  1    
442762.00      5009229.496568983421     -2267630.286930688657      3221245.773332925513     19.729026229121      0.000000      0.000000      0.000000     30.531214882275    114.355807979264     -0.008284     -0.022951     -0.029581  1    
442763.00      5009229.505922065116     -2267630.289613504894      3221245.775636313483     19.738488674164      0.000000      0.000000      0.000000     30.531214856057    114.355807964538      0.003653     -0.017085      0.035100  1    
442764.00      5009229.521621197462     -2267630.292524882592      3221245.795819990337     19.762095339596      0.000000      0.000000      0.000000     30.531214941838    114.355807924712      0.003348     -0.039550     -0.006234  1    
442765.00      5009229.501317318529     -2267630.290029585827      3221245.783935162704     19.739239037037      0.000000      0.000000      0.000000     30.531214938972    114.355807988276     -0.006616      0.002561     -0.076337  1    
442766.00      5009229.512848989107     -2267630.292962132487      3221245.790169942193     19.752496894449      0.000000      0.000000      0.000000     30.531214933733    114.355807966559     -0.005019      0.024925     -0.007378  1    
442767.00      5009229.510384596884     -2267630.291289264802      3221245.783564161044     19.746613072231      0.000000      0.000000      0.000000     30.531214895858    114.355807961269      0.006912      0.002565      0.010884  1    
442768.00      5009229.500506715849     -2267630.292118651792      3221245.759570175782     19.726967447437      0.000000      0.000000      0.000000     30.531214749102    114.355808011590     -0.017791      0.005149      0.041755  1    
442769.00      5009229.503123474307     -2267630.293634689879      3221245.760539402254     19.730051707476      0.000000      0.000000      0.000000     30.531214742844    114.355808014736      0.004456     -0.032194     -0.037263  1    
442770.00      5009229.523033720441     -2267630.304324707482      3221245.785650771111     19.762229270302      0.000000      0.000000      0.000000     30.531214834632    114.355808030654     -0.038165      0.040089     -0.028908  1    
442771.00      5009229.501486961730     -2267630.298090450931      3221245.759761769790     19.729955294169      0.000000      0.000000      0.000000     30.531214735213    114.355808064066      0.022494      0.007974     -0.006417  1    
442772.00      5009229.509714000858     -2267630.296816529706      3221245.762155384757     19.737174449489      0.000000      0.000000      0.000000     30.531214721874    114.355808016619      0.004337      0.008203     -0.042945  1    
442773.00      5009229.516348792240     -2267630.304025329184      3221245.764103388879     19.745931064710      0.000000      0.000000      0.000000     30.531214695689    114.355808056539      0.011070     -0.025222      0.021186  1    
442774.00      5009229.506696509197     -2267630.297762536909      3221245.763677319977     19.735915840603      0.000000      0.000000      0.000000     30.531214744508    114.355808038567      0.007963     -0.016199     -0.017140  1    
442775.00      5009229.504594458267     -2267630.296113006771      3221245.767646600027     19.735696847551      0.000000      0.000000      0.000000     30.531214787240    114.355808031941      0.005396      0.008963     -0.084194  1    
442776.00      5009229.514272710308     -2267630.292225874960      3221245.779894370120     19.748132473789      0.000000      0.000000      0.000000     30.531214849344    114.355807953452      0.002833     -0.012290      0.003871  1    
442777.00      5009229.519338562153     -2267630.298107306007      3221245.790515235160     19.759592320770      0.000000      0.000000      0.000000     30.531214899601    114.355807987513     -0.009345      0.035444     -0.068611  1    
442778.00      5009229.516376619227     -2267630.299277416430      3221245.773458862212     19.749018982984      0.000000      0.000000      0.000000     30.531214777234    114.355808011349     -0.000691     -0.010972     -0.008335  1    
442779.00      5009229.528408526443     -2267630.301052859519      3221245.790878128260     19.767940147780      0.000000      0.000000      0.000000     30.531214858992    114.355807976498     -0.010273      0.032278      0.000541  1    
442780.00      5009229.515159897506     -2267630.299552069511      3221245.776140922680     19.749524300918      0.000000      0.000000      0.000000     30.531214802632    114.355808019185      0.000715     -0.010500      0.023367  1    
442781.00      5009229.504450042732     -2267630.297295921482      3221245.766306667589     19.735323028639      0.000000      0.000000      0.000000     30.531214775196    114.355808043791      0.000478     -0.027251      0.015666  1    
442782.00      5009229.507312078029     -2267630.294761988334      3221245.766632659361     19.736834342591      0.000000      0.000000      0.000000     30.531214770570    114.355808007438      0.008221      0.010468     -0.077929  1    
442783.00      5009229.507658949122     -2267630.296309095342      3221245.767136005219     19.737911803648      0.000000      0.000000      0.000000     30.531214770109    114.355808020634     -0.009009      0.006565      0.005522  1    
442784.00      5009229.508423580788     -2267630.297456147149      3221245.766432857141     19.738562060520      0.000000      0.000000      0.000000     30.531214759286    114.355808028236     -0.004116      0.018291     -0.006626  1    
442785.00      5009229.522004673257     -2267630.298547539860      3221245.774379593786     19.753643753007      0.000000      0.000000      0.000000     30.531214762272    114.355807980235      0.007747     -0.044870     -0.005924  1    
442786.00      5009229.519050617702     -2267630.294351333287      3221245.774223259185     19.749755713157      0.000000      0.000000      0.000000     30.531214781319    114.355807953096      0.016041     -0.026480     -0.013041  1    
442787.00      5009229.505807520822     -2267630.299137666821      3221245.760174597148     19.733927325346      0.000000      0.000000      0.000000     30.531214718405    114.355808055440      0.002116     -0.033564     -0.009178  1    
442788.00      5009229.501310174353     -2267630.295903279446      3221245.764936111867     19.731668241322      0.000000      0.000000      0.000000     30.531214780287    114.355808044064      0.014072     -0.010048     -0.031267  1    
442789.00      5009229.512190364301     -2267630.299200051930      3221245.773413452785     19.745683505200      0.000000      0.000000      0.000000     30.531214794503    114.355808028604     -0.005877     -0.020692     -0.008136  1    
442790.00      5009229.515172952786     -2267630.297288895119      3221245.767159360461     19.744167909026      0.000000      0.000000      0.000000     30.531214737072    114.355807997645      0.020860     -0.009833      0.003448  1    
442791.00      5009229.522446502000     -2267630.300151507370      3221245.770747602452     19.752715139650      0.000000      0.000000      0.000000     30.531214729177    114.355807993563     -0.012903      0.018193     -0.014756  1    
442792.00      5009229.503176954575     -2267630.295317118522      3221245.760558587033     19.730701057240      0.000000      0.000000      0.000000     30.531214739590    114.355808030477      0.007750      0.050710     -0.071623  1    
442793.00      5009229.493814921007     -2267630.293589143082      3221245.758225827944     19.721555850469      0.000000      0.000000      0.000000     30.531214763813    114.355808054305      0.000480      0.008186      0.005885  1    
442794.00      5009229.508784237318     -2267630.297617435921      3221245.774485497735     19.742993162945      0.000000      0.000000      0.000000     30.531214820042    114.355808028218      0.007822      0.034930     -0.061636  1    
442795.00      5009229.511471173726     -2267630.301190021913      3221245.779377901927     19.748856030405      0.000000      0.000000      0.000000     30.531214840086    114.355808050585      0.010585     -0.024081      0.030603  1    
442796.00      5009229.514053300954     -2267630.300987647381      3221245.777322580107     19.749766203575      0.000000      0.000000      0.000000     30.531214813720    114.355808037568      0.013831     -0.020293     -0.011220  1    
442797.00      5009229.525268087164     -2267630.302969011944      3221245.784414586145     19.762872997671      0.000000      0.000000      0.000000     30.531214818261    114.355808008183     -0.022898      0.026096      0.001838  1    
442798.00      5009229.541275455616     -2267630.310151127633      3221245.793793827295     19.782749864273      0.000000      0.000000      0.000000     30.531214810739    114.355808007573      0.004183     -0.021968     -0.030250  1    
442799.00      5009229.553151317872     -2267630.313503063750      3221245.798621212132     19.795711814426      0.000000      0.000000      0.000000     30.531214792335    114.355807988358     -0.004916      0.018737      0.002474  1    
442800.00      5009229.561152674258     -2267630.312459440902      3221245.804737328552     19.804726745933      0.000000      0.000000      0.000000     30.531214808425    114.355807944068     -0.003426      0.018159     -0.011543  1    
442801.00      5009229.530547558330     -2267630.304752092808      3221245.772466829978     19.761579606682      0.000000      0.000000      0.000000     30.531214700023    114.355808002422     -0.002918      0.015700     -0.026911  1    
442802.00      5009229.518612454645     -2267630.302195468452      3221245.773357981816     19.751758743078      0.000000      0.000000      0.000000     30.531214761602    114.355808029441     -0.024496     -0.007546      0.014732  1    
442803.00      5009229.522048274986     -2267630.305533546954      3221245.765348258428     19.751571572386      0.000000      0.000000      0.000000     30.531214678718    114.355808046364      0.000534     -0.010596      0.019743  1    
442804.00      5009229.533872105181     -2267630.304807479028      3221245.782085044775     19.769094159827      0.000000      0.000000      0.000000     30.531214760770    114.355807988662      0.017673     -0.018456     -0.013851  1    
442805.00      5009229.540627947077     -2267630.305558368098      3221245.783974107821     19.775621818379      0.000000      0.000000      0.000000     30.531214745826    114.355807966758      0.004912     -0.024216      0.020266  1    
442806.00      5009229.517855377868     -2267630.304027413484      3221245.779780873097     19.755078297108      0.000000      0.000000      0.000000     30.531214811204    114.355808050085     -0.018231     -0.040253      0.030590  1    
442807.00      5009229.516670670360     -2267630.305280862842      3221245.776770057157     19.753064401448      0.000000      0.000000      0.000000     30.531214790388    114.355808067074     -0.019250      0.034205      0.012138  1    
442808.00      5009229.514511621557     -2267630.304651274346      3221245.784075140022     19.754857602529      0.000000      0.000000      0.000000     30.531214857348    114.355808070376      0.015015     -0.026275     -0.015587  1    
442809.00      5009229.505129644647     -2267630.307628467213      3221245.766308972612     19.739527842030      0.000000      0.000000      0.000000     30.531214752851    114.355808138954     -0.005907     -0.010339     -0.024810  1    
442810.00      5009229.500119651668     -2267630.301370376255      3221245.767247442622     19.733850260265      0.000000      0.000000      0.000000     30.531214792883    114.355808101077      0.019512      0.062570     -0.035015  1    
442811.00      5009229.503041839227     -2267630.302664024755      3221245.768451354466     19.737214414403      0.000000      0.000000      0.000000     30.531214787594    114.355808100800     -0.032402      0.031742     -0.013158  1    
442812.00      5009229.515542541631     -2267630.304139100946      3221245.773970924318     19.750351605006      0.000000      0.000000      0.000000     30.531214775507    114.355808061084     -0.009602      0.037523     -0.050026  1    
442813.00      5009229.511815801263     -2267630.309375237208      3221245.764772551134     19.744614407420      0.000000      0.000000      0.000000     30.531214709701    114.355808126804     -0.006584      0.000984      0.017418  1    
442814.00      5009229.511405473575     -2267630.307679195888      3221245.770347328857     19.746521981433      0.000000      0.000000      0.000000     30.531214757933    114.355808112467     -0.002786     -0.017397     -0.006889  1    
442815.00      5009229.514413198456     -2267630.309722684324      3221245.773084709886     19.750998631120      0.000000      0.000000      0.000000     30.531214762784    114.355808118940     -0.014504      0.013249      0.034431  1    
442816.00      5009229.510374010541     -2267630.303301788401      3221245.770446590148     19.744208066724      0.000000      0.000000      0.000000     30.531214771282    114.355808075346     -0.003246      0.028358     -0.028090  1    
442817.00      5009229.516976325773     -2267630.308340780903      3221245.773070275318     19.752511683851      0.000000      0.000000      0.000000     30.531214754583    114.355808094808      0.010274      0.006685     -0.012468  1    
442818.00      5009229.538799576461     -2267630.312692546751      3221245.797175704036     19.783427847549      0.000000      0.000000      0.000000     30.531214842547    114.355808042338     -0.028318     -0.005339      0.034579  1    
442819.00      5009229.512922205962     -2267630.299699472263      3221245.780076141004     19.749819879420      0.000000      0.000000      0.000000     30.531214842270    114.355808030200      0.017210      0.009590     -0.024322  1    
442820.00      5009229.540645611472     -2267630.311673079617      3221245.792540731840     19.782159679569      0.000000      0.000000      0.000000     30.531214800756    114.355808024727     -0.007532      0.040228     -0.053671  1    
442821.00      5009229.529657864943     -2267630.315248737577      3221245.779675969388     19.768272422254      0.000000      0.000000      0.000000     30.531214739913    114.355808105887      0.023710     -0.047265      0.077369  1    
442822.00      5009229.532491411082     -2267630.312664674129      3221245.779775024857     19.769628289156      0.000000      0.000000      0.000000     30.531214733737    114.355808069181     -0.002087     -0.001934     -0.018280  1    
442823.00      5009229.523400420323     -2267630.306855277158      3221245.781346232630     19.761229195632      0.000000      0.000000      0.000000     30.531214794874    114.355808053100      0.006461     -0.002857     -0.013305  1    
442824.00      5009229.532419293188     -2267630.312950585969      3221245.784353143536     19.771998980083      0.000000      0.000000      0.000000     30.531214769068    114.355808072205     -0.012095     -0.003425     -0.004406  1    
442825.00      5009229.527440159582     -2267630.312636849005      3221245.780820580665     19.766185868531      0.000000      0.000000      0.000000     30.531214763000    114.355808090623     -0.016482     -0.004930      0.048051  1    
442826.00      5009229.528952976689     -2267630.310646950733      3221245.783055152278     19.767801288515      0.000000      0.000000      0.000000     30.531214777807    114.355808065233     -0.016497      0.009099     -0.033541  1    
442827.00      5009229.532779528759     -2267630.315507200547      3221245.779097291175     19.770519810729      0.000000      0.000000      0.000000     30.531214721897    114.355808094926      0.005923     -0.000691      0.021551  1    
442828.00      5009229.512519617565     -2267630.307391753886      3221245.767925803550     19.746063983999      0.000000      0.000000      0.000000     30.531214735011    114.355808104951      0.000082      0.046772     -0.023063  1    
442829.00      5009229.528716678731     -2267630.307313131634      3221245.780588273890     19.765178423375      0.000000      0.000000      0.000000     30.531214765927    114.355808034601     -0.012826     -0.002376      0.008712  1    
442830.00      5009229.528482680209     -2267630.306774650235      3221245.783018084709     19.766037887894      0.000000      0.000000      0.000000     30.531214786800    114.355808030495      0.009224     -0.023920     -0.024595  1    
442831.00      5009229.516160632484     -2267630.303448962048      3221245.777958028950     19.752616942860      0.000000      0.000000      0.000000     30.531214805209    114.355808051876     -0.010825      0.004019      0.009787  1    
442832.00      5009229.503807957284     -2267630.293227429036      3221245.773949626833     19.737256646156      0.000000      0.000000      0.000000     30.531214844948    114.355808007929      0.007831     -0.034635     -0.010724  1    
442833.00      5009229.528762302361     -2267630.307807235047      3221245.775639151689     19.762875548564      0.000000      0.000000      0.000000     30.531214726350    114.355808039096      0.035597     -0.007006      0.016669  1    
442834.00      5009229.521359526552     -2267630.298138125800      3221245.785943762399     19.758866763674      0.000000      0.000000      0.000000     30.531214855588    114.355807979121     -0.010221      0.057040      0.001523  1    
442835.00      5009229.519961836748     -2267630.298475400079      3221245.775233056396     19.752448691987      0.000000      0.000000      0.000000     30.531214777567    114.355807988329      0.018681     -0.010066     -0.014198  1    
442836.00      5009229.521539634094     -2267630.295359465759      3221245.777837770525     19.753903141245      0.000000      0.000000      0.000000     30.531214797107    114.355807951970     -0.009145     -0.020308     -0.027942  1    
442837.00      5009229.525023488328     -2267630.301542530768      3221245.777888607699     19.758859096095      0.000000      0.000000      0.000000     30.531214771274    114.355807995693     -0.008820     -0.011599      0.001662  1    
442838.00      5009229.510796249844     -2267630.293673993554      3221245.769809168763     19.740795562975      0.000000      0.000000      0.000000     30.531214782762    114.355807982138      0.010697     -0.043455     -0.017130  1    
442839.00      5009229.517130882479     -2267630.292601881083      3221245.778655266389     19.749879356474      0.000000      0.000000      0.000000     30.531214827074    114.355807944739      0.006288      0.004919      0.028489  1    
442840.00      5009229.507839712314     -2267630.298280153424      3221245.762902423274     19.736603121273      0.000000      0.000000      0.000000     30.531214732736    114.355808038567     -0.007577      0.016877      0.023873  1    
442841.00      5009229.516611901112     -2267630.284392369911      3221245.791346723679     19.753003262915      0.000000      0.000000      0.000000     30.531214943362    114.355807869038      0.024701     -0.019421     -0.035196  1    
442842.00      5009229.497718161903     -2267630.292223867029      3221245.766929762438     19.728555387817      0.000000      0.000000      0.000000     30.531214817725    114.355808024572     -0.005033      0.009817     -0.036239  1    
442843.00      5009229.513394032605     -2267630.285413089208      3221245.785298137926     19.747768077068      0.000000      0.000000      0.000000     30.531214907871    114.355807892556     -0.001913     -0.017844     -0.031000  1    
442844.00      5009229.500203465112     -2267630.269011903089      3221245.791294210125     19.734637483023      0.000000      0.000000      0.000000     30.531215040518    114.355807793547     -0.005803     -0.010872      0.011989  1    
442845.00      5009229.519463784993     -2267630.290133215487      3221245.783617222216     19.753353754990      0.000000      0.000000      0.000000     30.531214860553    114.355807911279      0.014137     -0.030426     -0.010913  1    
442846.00      5009229.514247897081     -2267630.287572619971      3221245.780563820153     19.746800144203      0.000000      0.000000      0.000000     30.531214863442    114.355807909386     -0.006920      0.022137     -0.049596  1    
442847.00      5009229.519852354191     -2267630.278314217459      3221245.792639937252     19.754043886438      0.000000      0.000000      0.000000     30.531214951369    114.355807797415     -0.022597      0.009093     -0.004380  1    
442848.00      5009229.512373642996     -2267630.298742600251      3221245.757810457144     19.737738383934      0.000000      0.000000      0.000000     30.531214673373    114.355808023474     -0.010507      0.009887     -0.009317  1    
442849.00      5009229.517140275799     -2267630.302757095546      3221245.759947099723     19.743990204297      0.000000      0.000000      0.000000     30.531214662489    114.355808041099      0.004396     -0.030050     -0.044628  1    
442850.00      5009229.508593221195     -2267630.297239689156      3221245.753475887701     19.732036045752      0.000000      0.000000      0.000000     30.531214658317    114.355808025453      0.008810      0.007018     -0.044160  1    
442851.00      5009229.518637230620     -2267630.299890124239      3221245.770843466278     19.749681877904      0.000000      0.000000      0.000000     30.531214746318    114.355808007451     -0.023747      0.001485     -0.044432  1    
442852.00      5009229.510689744726     -2267630.293436255306      3221245.766633443534     19.739014245570      0.000000      0.000000      0.000000     30.531214758981    114.355807980338     -0.002422      0.008597      0.033882  1    
442853.00      5009229.515295428224     -2267630.292801388539      3221245.772825699765     19.745548491366      0.000000      0.000000      0.000000     30.531214789066    114.355807954520     -0.001369      0.003965     -0.025153  1    
442854.00      5009229.515869875439     -2267630.287242938299      3221245.776597872376     19.745941057801      0.000000      0.000000      0.000000     30.531214826480    114.355807899287     -0.014655      0.009975     -0.014971  1    
442855.00      5009229.514174140990     -2267630.293882838450      3221245.772731985431     19.745005173609      0.000000      0.000000      0.000000     30.531214790975    114.355807969604      0.021497     -0.037998      0.035185  1    
442856.00      5009229.521212112159     -2267630.296599104535      3221245.774326621555     19.752302794717      0.000000      0.000000      0.000000     30.531214768851    114.355807965145      0.009489      0.011426      0.047800  1    
442857.00      5009229.519729556516     -2267630.288175149821      3221245.778217141982     19.750123470090      0.000000      0.000000      0.000000     30.531214821187    114.355807891550      0.025983     -0.038695      0.008754  1    
442858.00      5009229.518583818339     -2267630.280614257790      3221245.788815747015     19.751922784373      0.000000      0.000000      0.000000     30.531214922606    114.355807824700     -0.020715      0.010491     -0.013265  1    
442859.00      5009229.516411023214     -2267630.282253947575      3221245.788085778710     19.750429430977      0.000000      0.000000      0.000000     30.531214922906    114.355807849602     -0.002531     -0.029330     -0.011069  1    
442860.00      5009229.511570569128     -2267630.284582061227      3221245.770777923055     19.738665633835      0.000000      0.000000      0.000000     30.531214804238    114.355807892503      0.016960     -0.050997     -0.005133  1    
442861.00      5009229.509314129129     -2267630.296908708289      3221245.766715710051     19.739210097119      0.000000      0.000000      0.000000     30.531214758801    114.355808019213     -0.008044      0.004603      0.010588  1    
442862.00      5009229.518386899494     -2267630.300136416685      3221245.763886898756     19.746038943529      0.000000      0.000000      0.000000     30.531214692848    114.355808010864      0.017429     -0.015689     -0.007904  1    
442863.00      5009229.515849718824     -2267630.272788696922      3221245.796659751795     19.750982346013      0.000000      0.000000      0.000000     30.531215009753    114.355807762163     -0.003938      0.019454      0.011209  1    
442864.00      5009229.521950920112     -2267630.276679035276      3221245.799563380424     19.758626925759      0.000000      0.000000      0.000000     30.531214999491    114.355807772875     -0.002708      0.017961     -0.007932  1    
442865.00      5009229.518442614004     -2267630.271009104792      3221245.795737941749     19.751916534267      0.000000      0.000000      0.000000     30.531214995129    114.355807734128      0.000742      0.017685     -0.010554  1    
442866.00      5009229.521513093263     -2267630.277404135559      3221245.793196155690     19.755306338891      0.000000      0.000000      0.000000     30.531214950478    114.355807781639     -0.009691     -0.046965      0.016633  1    
442867.00      5009229.521971775219     -2267630.284368758090      3221245.786440159660     19.754708163440      0.000000      0.000000      0.000000     30.531214882910    114.355807845781      0.020286     -0.014862      0.054290  1    
442868.00      5009229.531363107264     -2267630.288896325976      3221245.798023179173     19.769570044242      0.000000      0.000000      0.000000     30.531214925145    114.355807848403     -0.000767     -0.018441      0.036077  1    
442869.00      5009229.533710337244     -2267630.289207547903      3221245.792713352479     19.768825022504      0.000000      0.000000      0.000000     30.531214873503    114.355807841271      0.013395      0.024538      0.065535  1    
442870.00      5009229.520748731680     -2267630.293073867448      3221245.780100423377     19.753620072268      0.000000      0.000000      0.000000     30.531214822308    114.355807933672     -0.013720      0.025777     -0.075409  1    
442871.00      5009229.517435772344     -2267630.286963674705      3221245.776324657258     19.746931810863      0.000000      0.000000      0.000000     30.531214818348    114.355807889907     -0.004186      0.021277     -0.029431  1    
442872.00      5009229.523603136651     -2267630.293817827012      3221245.776416156441     19.754252541810      0.000000      0.000000      0.000000     30.531214780361    114.355807928468      0.006093      0.023456      0.005383  1    
442873.00      5009229.520836649463     -2267630.297196108382      3221245.772873178590     19.751481880434      0.000000      0.000000      0.000000     30.531214757998    114.355807972426      0.010938     -0.038565      0.036780  1    
442874.00      5009229.523359251209     -2267630.298404547386      3221245.772653096355     19.753778813407      0.000000      0.000000      0.000000     30.531214743473    114.355807973057      0.002379     -0.035595      0.016920  1    
442875.00      5009229.530596133322     -2267630.303015690297      3221245.775935375132     19.762762959115      0.000000      0.000000      0.000000     30.531214730051    114.355807985730      0.001379     -0.000592      0.010211  1    
442876.00      5009229.530807160772     -2267630.301074446645      3221245.771593418438     19.760033228435      0.000000      0.000000      0.000000     30.531214699103    114.355807966396      0.008532     -0.026740     -0.020973  1    
442877.00      5009229.528042429127     -2267630.283234153874      3221245.792875341140     19.762337852269      0.000000      0.000000      0.000000     30.531214909711    114.355807808924      0.003212      0.008293      0.042298  1    
442878.00      5009229.523939076811     -2267630.298341827467      3221245.774222204462     19.755008637905      0.000000      0.000000      0.000000     30.531214753363    114.355807969970      0.014483      0.035388      0.028685  1    
442879.00      5009229.531369602308     -2267630.298141069710      3221245.776342728641     19.761845254339      0.000000      0.000000      0.000000     30.531214739199    114.355807936133      0.012539      0.000326      0.018186  1    
442880.00      5009229.535274080932     -2267630.307061781175      3221245.779185379855     19.769522010349      0.000000      0.000000      0.000000     30.531214728128    114.355808004036      0.007132      0.017049      0.029050  1    
442881.00      5009229.532259358093     -2267630.300184675492      3221245.778605097905     19.764418679290      0.000000      0.000000      0.000000     30.531214749200    114.355807951709     -0.005021      0.011890     -0.005615  1    
442882.00      5009229.528163643554     -2267630.297113833949      3221245.779517758638     19.760577600449      0.000000      0.000000      0.000000     30.531214779192    114.355807940159      0.006790      0.011027     -0.034693  1    
442883.00      5009229.529290239327     -2267630.295918492600      3221245.782800220884     19.762704536319      0.000000      0.000000      0.000000     30.531214802252    114.355807923970     -0.022587     -0.007419      0.000296  1    
442884.00      5009229.535573568195     -2267630.299382150173      3221245.779243335128     19.767058473080      0.000000      0.000000      0.000000     30.531214741841    114.355807929849     -0.007826     -0.042659      0.060397  1    
442885.00      5009229.532720451243     -2267630.292526682373      3221245.781712947879     19.763639009558      0.000000      0.000000      0.000000     30.531214785894    114.355807877032     -0.035009      0.000155      0.024821  1    
442886.00      5009229.530883846804     -2267630.300949748140      3221245.772941999137     19.760734196752      0.000000      0.000000      0.000000     30.531214709497    114.355807964883      0.009393      0.016100      0.002160  1    
442887.00      5009229.536821167916     -2267630.301739025861      3221245.778063253965     19.768275184557      0.000000      0.000000      0.000000     30.531214723010    114.355807946861     -0.005757     -0.037476     -0.001499  1    
442888.00      5009229.534564935602     -2267630.303876809310      3221245.777743782382     19.767101828940      0.000000      0.000000      0.000000     30.531214725906    114.355807976850      0.005851      0.016019      0.003265  1    
442889.00      5009229.540546290576     -2267630.304826553445      3221245.775966097601     19.771229654551      0.000000      0.000000      0.000000     30.531214685330    114.355807960162      0.014121     -0.017343     -0.064508  1    
442890.00      5009229.528466019779     -2267630.298563716467      3221245.774728715885     19.758897034451      0.000000      0.000000      0.000000     30.531214737981    114.355807952623      0.003619     -0.007782      0.004552  1    
442891.00      5009229.534186508507     -2267630.296033211518      3221245.780400811695     19.765368442051      0.000000      0.000000      0.000000     30.531214762953    114.355807904019     -0.014439      0.023804     -0.024931  1    
442892.00      5009229.535272055306     -2267630.299231600016      3221245.778983968776     19.766636638902      0.000000      0.000000      0.000000     30.531214741369    114.355807929715     -0.017925     -0.000906      0.032271  1    
442893.00      5009229.539231384173     -2267630.301575019956      3221245.790831334423     19.776594489813      0.000000      0.000000      0.000000     30.531214812461    114.355807934946     -0.019197     -0.023108      0.032291  1    
442894.00      5009229.533118232153     -2267630.301848711912      3221245.795847198460     19.774442857131      0.000000      0.000000      0.000000     30.531214876435    114.355807963814      0.004267      0.021522      0.019051  1    
442895.00      5009229.538240083493     -2267630.301131106447      3221245.798191579524     19.779397996143      0.000000      0.000000      0.000000     30.531214874624    114.355807934992      0.001684      0.044331     -0.055004  1    
442896.00      5009229.542092828080     -2267630.301398477051      3221245.793303290848     19.780032908544      0.000000      0.000000      0.000000     30.531214820056    114.355807920974      0.007481      0.025626     -0.074847  1    
442897.00      5009229.523017784581     -2267630.295285898726      3221245.782577487640     19.757444716059      0.000000      0.000000      0.000000     30.531214827901    114.355807944920     -0.049944     -0.017541      0.079808  1    
442898.00      5009229.524003997445     -2267630.298980046529      3221245.772412696388     19.754367047921      0.000000      0.000000      0.000000     30.531214737827    114.355807975749      0.010444      0.024307     -0.034710  1    
442899.00      5009229.524069088511     -2267630.292700057849      3221245.792436523829     19.762359582819      0.000000      0.000000      0.000000     30.531214905000    114.355807915855      0.017022     -0.013727     -0.021322  1    
442900.00      5009229.514278780669     -2267630.293793601450      3221245.770272588357     19.743806191720      0.000000      0.000000      0.000000     30.531214771598    114.355807968308     -0.003534     -0.038289     -0.025664  1    
442901.00      5009229.514730819501     -2267630.296104941517      3221245.778373484034     19.749097262509      0.000000      0.000000      0.000000     30.531214828284    114.355807988306      0.020244      0.036483     -0.105533  1    
442902.00      5009229.524512905627     -2267630.306225543376      3221245.770236293320     19.756234525703      0.000000      0.000000      0.000000     30.531214705100    114.355808042342     -0.018448      0.015718     -0.008194  1    
442903.00      5009229.516116614453     -2267630.298380047549      3221245.773758166004     19.748648242094      0.000000      0.000000      0.000000     30.531214782340    114.355808003948      0.004092     -0.011717     -0.054555  1    
442904.00      5009229.530018067919     -2267630.303778368980      3221245.786383462138     19.767887985334      0.000000      0.000000      0.000000     30.531214812200    114.355807995454     -0.005588     -0.024126      0.023354  1    
442905.00      5009229.528129076585     -2267630.301884968299      3221245.778803583700     19.761882487684      0.000000      0.000000      0.000000     30.531214764771    114.355807985598     -0.010514     -0.013514      0.124491  1    
442906.00      5009229.514630363323     -2267630.296196820680      3221245.773478197400     19.746564229950      0.000000      0.000000      0.000000     30.531214790495    114.355807989610     -0.020659     -0.023258      0.008510  1    
442907.00      5009229.519494672306     -2267630.302367223427      3221245.777640054934     19.754687351175      0.000000      0.000000      0.000000     30.531214790864    114.355808027280      0.004001      0.018556      0.030974  1    
442908.00      5009229.514561440796     -2267630.305686805863      3221245.768671275582     19.747439259663      0.000000      0.000000      0.000000     30.531214735501    114.355808079992     -0.019608     -0.017603      0.033760  1    
442909.00      5009229.510128756985     -2267630.296899400186      3221245.776436621323     19.744784322567      0.000000      0.000000      0.000000     30.531214830945    114.355808015624     -0.007108      0.021573      0.022097  1    
442910.00      5009229.501861160621     -2267630.285498656332      3221245.783983558416     19.738080880605      0.000000      0.000000      0.000000     30.531214945640    114.355807942928     -0.006593      0.018991     -0.005920  1    
442911.00      5009229.508195409551     -2267630.288692484610      3221245.776434222236     19.740350728855      0.000000      0.000000      0.000000     30.531214854507    114.355807946026      0.000786     -0.017031     -0.007985  1    
442912.00      5009229.506208209321     -2267630.285396434367      3221245.777968498878     19.738399974070      0.000000      0.000000      0.000000     30.531214880952    114.355807923277     -0.003240     -0.000996     -0.056070  1    
442913.00      5009229.486423694529     -2267630.277497382369      3221245.770402717870     19.716225784272      0.000000      0.000000      0.000000     30.531214919687    114.355807933313      0.015473     -0.003267     -0.116092  1    
442914.00      5009229.513573184609     -2267630.294283283409      3221245.773744555656     19.745190247893      0.000000      0.000000      0.000000     30.531214800594    114.355807975988     -0.011024     -0.004480      0.035099  1    
442915.00      5009229.530448369682     -2267630.298122631386      3221245.796332276426     19.771270665340      0.000000      0.000000      0.000000     30.531214898390    114.355807939917      0.014732     -0.019313      0.025334  1    
442916.00      5009229.517211730592     -2267630.296839035116      3221245.779670566320     19.751963714138      0.000000      0.000000      0.000000     30.531214826618    114.355807984613     -0.003093      0.036608     -0.034379  1    
442917.00      5009229.512624457479     -2267630.299820115790      3221245.770968952682     19.745002571493      0.000000      0.000000      0.000000     30.531214772526    114.355808032625      0.013333     -0.043520      0.091069  1    
442918.00      5009229.507018427365     -2267630.292649249546      3221245.775749076158     19.740484634414      0.000000      0.000000      0.000000     30.531214846620    114.355807988644      0.008327      0.007613     -0.019027  1    
442919.00      5009229.510848917998     -2267630.296758785378      3221245.772792875301     19.743448427878      0.000000      0.000000      0.000000     30.531214799894    114.355808011194      0.016554      0.019793      0.008594  1    
442920.00      5009229.508083845489     -2267630.297278489452      3221245.772391767241     19.741259537637      0.000000      0.000000      0.000000     30.531214807339    114.355808028010      0.011321     -0.028264      0.056532  1    
442921.00      5009229.511377586052     -2267630.297559503466      3221245.791452060454     19.753626713529      0.000000      0.000000      0.000000     30.531214941149    114.355808016523      0.007690      0.001135      0.004974  1    
442922.00      5009229.508214819245     -2267630.294592425693      3221245.766550284810     19.737440640107      0.000000      0.000000      0.000000     30.531214766482    114.355808001949      0.002718     -0.039382      0.008774  1    
442923.00      5009229.504561272450     -2267630.289766631089      3221245.769269126002     19.734240680933      0.000000      0.000000      0.000000     30.531214811978    114.355807971839      0.022464     -0.050256      0.074189  1    
442924.00      5009229.508780021220     -2267630.301015615463      3221245.771014458500     19.742433653213      0.000000      0.000000      0.000000     30.531214786669    114.355808060494     -0.017225     -0.006163      0.021849  1    
442925.00      5009229.510730905458     -2267630.299724397715      3221245.768505246378     19.742231130600      0.000000      0.000000      0.000000     30.531214761470    114.355808039853      0.006565     -0.007850      0.099072  1    
442926.00      5009229.514296834357     -2267630.303240879439      3221245.774412475526     19.749279346317      0.000000      0.000000      0.000000     30.531214785835    114.355808057910      0.010963     -0.031978     -0.078625  1    
442927.00      5009229.503611694090     -2267630.281020909548      3221245.792377482634     19.742128091864      0.000000      0.000000      0.000000     30.531215012012    114.355807892899     -0.011471      0.001969     -0.047238  1    
442928.00      5009229.517891452648     -2267630.288589805365      3221245.789180011954     19.754397640005      0.000000      0.000000      0.000000     30.531214913254    114.355807903385     -0.011515      0.016185      0.020570  1    
442929.00      5009229.511667747051     -2267630.285395687912      3221245.796840583440     19.752270939760      0.000000      0.000000      0.000000     30.531215004791    114.355807899809     -0.003955      0.030653     -0.055447  1    
442930.00      5009229.517200543545     -2267630.287152749952      3221245.791719508823     19.754635096528      0.000000      0.000000      0.000000     30.531214938585    114.355807892712     -0.002176      0.006667     -0.023413  1    
442931.00      5009229.515513063408     -2267630.289809762966      3221245.789807738736     19.753283579834      0.000000      0.000000      0.000000     30.531214925755    114.355807925186     -0.005502      0.004218     -0.004126  1    
442932.00      5009229.517413618974     -2267630.290352061857      3221245.783526435960     19.751776621677      0.000000      0.000000      0.000000     30.531214867993    114.355807922167      0.003921     -0.001690      0.031104  1    
442933.00      5009229.508742860518     -2267630.292658270802      3221245.771806070115     19.739837912843      0.000000      0.000000      0.000000     30.531214808768    114.355807981319      0.011269      0.000431      0.014123  1    
442934.00      5009229.512965856120     -2267630.303833764978      3221245.765885925852     19.744113990106      0.000000      0.000000      0.000000     30.531214724023    114.355808069258      0.017143      0.001938      0.026080  1    
442935.00      5009229.508694023825     -2267630.297432275023      3221245.756289426237     19.733612854965      0.000000      0.000000      0.000000     30.531214679392    114.355808026848     -0.012177     -0.011995     -0.008408  1    
442936.00      5009229.512435734272     -2267630.300477423239      3221245.767181161325     19.743163745850      0.000000      0.000000      0.000000     30.531214742642    114.355808039675      0.012630      0.018862      0.054876  1    
442937.00      5009229.509308459237     -2267630.297923167702      3221245.764472873881     19.738426629454      0.000000      0.000000      0.000000     30.531214739482    114.355808028867      0.003036     -0.002610     -0.004175  1    
442938.00      5009229.507115500048     -2267630.298602989875      3221245.758298467379     19.733810669743      0.000000      0.000000      0.000000     30.531214699379    114.355808044744      0.007365      0.001456      0.051698  1    
442939.00      5009229.511476038955     -2267630.311759411823      3221245.749842446297     19.737610104494      0.000000      0.000000      0.000000     30.531214590613    114.355808150896      0.023707     -0.020961     -0.021435  1    
442940.00      5009229.520220837556     -2267630.292843635194      3221245.787733636796     19.757001783699      0.000000      0.000000      0.000000     30.531214884254    114.355807933755     -0.005728      0.035385     -0.006188  1    
442941.00      5009229.516328893602     -2267630.290950026829      3221245.786844561342     19.752823487855      0.000000      0.000000      0.000000     30.531214897171    114.355807932504      0.024336      0.006572     -0.022342  1    
442942.00      5009229.521627322771     -2267630.292339820415      3221245.790148042142     19.759153014049      0.000000      0.000000      0.000000     30.531214898093    114.355807922929      0.009765     -0.012957      0.014829  1    
442943.00      5009229.517504057847     -2267630.293559741229      3221245.769546135794     19.745884930715      0.000000      0.000000      0.000000     30.531214752932    114.355807952228     -0.001745      0.022509     -0.047157  1    
442944.00      5009229.503918931819     -2267630.290381292347      3221245.766377268825     19.732485896908      0.000000      0.000000      0.000000     30.531214791029    114.355807980434      0.005339      0.014590     -0.001314  1    
442945.00      5009229.499888352118     -2267630.287522727624      3221245.767713639885     19.728986582719      0.000000      0.000000      0.000000     30.531214823640    114.355807970619     -0.009017     -0.040587     -0.044248  1    
442946.00      5009229.498503102921     -2267630.288803672418      3221245.766323347576     19.727648328990      0.000000      0.000000      0.000000     30.531214816200    114.355807988732     -0.028916     -0.032250     -0.000443  1    
442947.00      5009229.500172862783     -2267630.291255179327      3221245.764630618040     19.728969492950      0.000000      0.000000      0.000000     30.531214791445    114.355808004828      0.014172     -0.036425      0.015401  1    
442948.00      5009229.503484676592     -2267630.287338036578      3221245.765638208948     19.730688655749      0.000000      0.000000      0.000000     30.531214792851    114.355807953412      0.007323     -0.008784     -0.009640  1    
442949.00      5009229.499570490792     -2267630.287571715191      3221245.773361953441     19.731623947620      0.000000      0.000000      0.000000     30.531214868760    114.355807972450      0.009755     -0.007301     -0.030067  1    
442950.00      5009229.514286041260     -2267630.294475611299      3221245.771083128639     19.744465914555      0.000000      0.000000      0.000000     30.531214776577    114.355807974750      0.004922      0.011243      0.019483  1    
442951.00      5009229.524492847733     -2267630.289695175830      3221245.787581236567     19.759158177301      0.000000      0.000000      0.000000     30.531214871186    114.355807885510      0.001960      0.016437     -0.030966  1    
442952.00      5009229.504230941646     -2267630.287937555462      3221245.767414637376     19.732389648445      0.000000      0.000000      0.000000     30.531214802405    114.355807955896     -0.006936     -0.013298     -0.048406  1    
442953.00      5009229.505157525651     -2267630.291297574062      3221245.771643184591     19.736458424479      0.000000      0.000000      0.000000     30.531214825041    114.355807983810     -0.003268      0.025506      0.005367  1    
442954.00      5009229.500304053538     -2267630.286157865077      3221245.766662984621     19.728294208646      0.000000      0.000000      0.000000     30.531214816321    114.355807955877      0.012390     -0.013482     -0.083625  1    
442955.00      5009229.506834533997     -2267630.290499440394      3221245.773036594968     19.738198710606      0.000000      0.000000      0.000000     30.531214830375    114.355807969027      0.023122      0.002360     -0.012423  1    
442956.00      5009229.496429391205     -2267630.285819148645      3221245.766925881617     19.725267020054      0.000000      0.000000      0.000000     30.531214835178    114.355807969312     -0.012873      0.025105     -0.001515  1    
442957.00      5009229.504015438259     -2267630.289483904839      3221245.763169652782     19.730613358319      0.000000      0.000000      0.000000     30.531214767400    114.355807971501      0.012761     -0.030715      0.027900  1    
442958.00      5009229.503706129268     -2267630.287296151277      3221245.764610351063     19.730325389653      0.000000      0.000000      0.000000     30.531214784019    114.355807952063      0.012638     -0.004255     -0.022726  1    
442959.00      5009229.501117738895     -2267630.287319091614      3221245.766311283223     19.729166531935      0.000000      0.000000      0.000000     30.531214807997    114.355807963403      0.009159     -0.004155     -0.018684  1    
442960.00      5009229.506951831281     -2267630.289266161621      3221245.768489403185     19.735542654991      0.000000      0.000000      0.000000     30.531214796886    114.355807956816      0.038416     -0.029415     -0.057892  1    
442961.00      5009229.511360405944     -2267630.288154476322      3221245.768693811260     19.738710980862      0.000000      0.000000      0.000000     30.531214782171    114.355807927318     -0.001438     -0.003443      0.005386  1    
442962.00      5009229.521302603185     -2267630.281948361546      3221245.783882484771     19.752023968846      0.000000      0.000000      0.000000     30.531214870405    114.355807825681      0.002222      0.019461     -0.044312  1    
442963.00      5009229.513930997811     -2267630.290680806618      3221245.761922656558     19.738185720518      0.000000      0.000000      0.000000     30.531214714057    114.355807940253     -0.014555      0.034175      0.001524  1    
442964.00      5009229.510508426465     -2267630.293130783364      3221245.774880606681     19.742953077890      0.000000      0.000000      0.000000     30.531214824393    114.355807978218      0.015485     -0.013268     -0.005306  1    
442965.00      5009229.510202973150     -2267630.288500466384      3221245.774725084193     19.740989587270      0.000000      0.000000      0.000000     30.531214833210    114.355807935576     -0.003741      0.054980     -0.083282  1    
442966.00      5009229.518085935153     -2267630.297217543703      3221245.776229612064     19.751036120579      0.000000      0.000000      0.000000     30.531214795518    114.355807984450     -0.005763     -0.047374      0.002080  1    
442967.00      5009229.513043190353     -2267630.290598052554      3221245.783402151894     19.748371416703      0.000000      0.000000      0.000000     30.531214884807    114.355807943283     -0.025039     -0.009356     -0.112956  1    
442968.00      5009229.519372802228     -2267630.284192425199      3221245.784733612090     19.751739188097      0.000000      0.000000      0.000000     30.531214880834    114.355807855276     -0.000587      0.021148     -0.046880  1    
442969.00      5009229.514723100699     -2267630.288852349389      3221245.776670652442     19.745649863034      0.000000      0.000000      0.000000     30.531214828792    114.355807919492      0.008210     -0.007551     -0.001992  1    
442970.00      5009229.522743782960     -2267630.288495783694      3221245.779417966958     19.753212640993      0.000000      0.000000      0.000000     30.531214817328    114.355807881641      0.011184     -0.038057     -0.012812  1    
442971.00      5009229.504260936752     -2267630.285480659921      3221245.775465417653     19.735630296171      0.000000      0.000000      0.000000     30.531214869474    114.355807932444      0.011476     -0.006819      0.024777  1    
442972.00      5009229.521369702183     -2267630.288335246965      3221245.779819069896     19.752281145193      0.000000      0.000000      0.000000     30.531214826484    114.355807886021      0.013367     -0.033606     -0.030121  1    
442973.00      5009229.520000212826     -2267630.282810821664      3221245.779975388199     19.749323519878      0.000000      0.000000      0.000000     30.531214843856    114.355807839465      0.006680      0.022054     -0.012039  1    
442974.00      5009229.515574719757     -2267630.284292146564      3221245.782553482335     19.747686756775      0.000000      0.000000      0.000000     30.531214879562    114.355807872544      0.004115     -0.006369     -0.065812  1    
442975.00      5009229.521129827946     -2267630.280605473090      3221245.787646925077     19.753323731013      0.000000      0.000000      0.000000     30.531214902913    114.355807813676     -0.019704     -0.029873      0.032574  1    
442976.00      5009229.509854444303     -2267630.282454383094      3221245.776857271325     19.739651556127      0.000000      0.000000      0.000000     30.531214862657    114.355807879680      0.008533      0.016350     -0.027720  1    
442977.00      5009229.512049556710     -2267630.266315320041      3221245.789538953919     19.742083466612      0.000000      0.000000      0.000000     30.531214982524    114.355807717044      0.003483      0.021444     -0.018974  1    
442978.00      5009229.509940409102     -2267630.262430405710      3221245.803964435589     19.746376673691      0.000000      0.000000      0.000000     30.531215110751    114.355807689229      0.000118     -0.039938     -0.017300  1    
442979.00      5009229.502484091558     -2267630.255231163464      3221245.800662107766     19.736290799454      0.000000      0.000000      0.000000     30.531215129824    114.355807652930     -0.011885     -0.014124      0.026833  1    
442980.00      5009229.504533685744     -2267630.262716135476      3221245.800290055573     19.740368936211      0.000000      0.000000      0.000000     30.531215104233    114.355807715175      0.004647     -0.050120     -0.016440  1    
442981.00      5009229.505401590839     -2267630.263287776615      3221245.798111228272     19.740146175027      0.000000      0.000000      0.000000     30.531215082601    114.355807716872     -0.003554     -0.049119      0.027724  1    
442982.00      5009229.495368339121     -2267630.261985619552      3221245.796466737520     19.730975172482      0.000000      0.000000      0.000000     30.531215114168    114.355807747627      0.014255     -0.018222     -0.002346  1    
442983.00      5009229.500107744709     -2267630.268059462775      3221245.790340570733     19.733739587478      0.000000      0.000000      0.000000     30.531215035308    114.355807784917     -0.017343      0.019154      0.004618  1    
442984.00      5009229.498583950102     -2267630.277091211174      3221245.789391253609     19.735269903205      0.000000      0.000000      0.000000     30.531215017225    114.355807877201     -0.000482      0.059179     -0.020782  1    
442985.00      5009229.487718417309     -2267630.271727333777      3221245.794733845163     19.727552488446      0.000000      0.000000      0.000000     30.531215114230    114.355807872976      0.011777      0.059019     -0.070594  1    
442986.00      5009229.494650394656     -2267630.271900169086      3221245.786302948371     19.728770403191      0.000000      0.000000      0.000000     30.531215019461    114.355807844828     -0.001355     -0.019022      0.048565  1    
442987.00      5009229.496121489443     -2267630.277249222156      3221245.795259563718     19.736374901608      0.000000      0.000000      0.000000     30.531215072800    114.355807889283     -0.008605      0.056984     -0.053235  1    
442988.00      5009229.515848242678     -2267630.279013747815      3221245.798399937805     19.754076498561      0.000000      0.000000      0.000000     30.531215011515    114.355807821262      0.021172      0.046535      0.007125  1    
442989.00      5009229.507825169712     -2267630.271870134398      3221245.795128368307     19.743581281975      0.000000      0.000000      0.000000     30.531215033089    114.355807787927      0.004484     -0.033130      0.027167  1    
442990.00      5009229.500805020332     -2267630.275310453027      3221245.794131325092     19.738788189366      0.000000      0.000000      0.000000     30.531215048147    114.355807850753     -0.001316     -0.024979      0.053318  1    
442991.00      5009229.504905411042     -2267630.276910531335      3221245.787361756433     19.739135133103      0.000000      0.000000      0.000000     30.531214975409    114.355807848321      0.017852     -0.031042     -0.002280  1    
442992.00      5009229.506585665978     -2267630.275481089018      3221245.795391107909     19.744024818763      0.000000      0.000000      0.000000     30.531215033481    114.355807827531      0.013272      0.001197     -0.028592  1    
442993.00      5009229.494828719646     -2267630.271842727903      3221245.793548468966     19.732570710592      0.000000      0.000000      0.000000     30.531215075120    114.355807843516     -0.002798      0.012052     -0.021614  1    
442994.00      5009229.502694634721     -2267630.279289112892      3221245.779920750763     19.734465190209      0.000000      0.000000      0.000000     30.531214922329    114.355807880401      0.014616     -0.005506      0.017724  1    
442995.00      5009229.499835131690     -2267630.275890911929      3221245.786280873697     19.734245225787      0.000000      0.000000      0.000000     30.531214990104    114.355807860431     -0.016690      0.033980     -0.021224  1    
442996.00      5009229.503886137158     -2267630.273529572412      3221245.792212830391     19.739598702639      0.000000      0.000000      0.000000     30.531215023744    114.355807820607     -0.006034      0.033840     -0.044912  1    
442997.00      5009229.511617957614     -2267630.274855192285      3221245.799102664459     19.749636795372      0.000000      0.000000      0.000000     30.531215042494    114.355807799965      0.004496      0.032020      0.022850  1    
442998.00      5009229.503700147383     -2267630.269736366346      3221245.803888195660     19.744036496617      0.000000      0.000000      0.000000     30.531215122402    114.355807785398     -0.011570      0.040660      0.002465  1    
442999.00      5009229.506658816710     -2267630.272794632241      3221245.806831051596     19.748939507641      0.000000      0.000000      0.000000     30.531215127136    114.355807801715      0.011753     -0.010720     -0.000907  1    
443000.00      5009229.502060431056     -2267630.272462538909      3221245.801261052955     19.742383613251      0.000000      0.000000      0.000000     30.531215103683    114.355807818323      0.002346      0.009720     -0.031757  1    
443001.00      5009229.492207848467     -2267630.269169122912      3221245.794720253907     19.730159677565      0.000000      0.000000      0.000000     30.531215100217    114.355807829399     -0.012494      0.015490     -0.044264  1    
443002.00      5009229.491805906408     -2267630.265934105497      3221245.801804917399     19.732294185087      0.000000      0.000000      0.000000     30.531215163054    114.355807800417      0.011321      0.044214     -0.024339  1    
443003.00      5009229.505209490657     -2267630.270665893797      3221245.796481764875     19.741788535379      0.000000      0.000000      0.000000     30.531215056799    114.355807787736      0.000058      0.009959     -0.032925  1    
443004.00      5009229.501098690554     -2267630.267547270749      3221245.804145556875     19.741348274052      0.000000      0.000000      0.000000     30.531215139398    114.355807775797     -0.014620      0.060461     -0.008584  1    
443005.00      5009229.508500197902     -2267630.281892360654      3221245.795488510747     19.747854056768      0.000000      0.000000      0.000000     30.531215014130    114.355807880165     -0.012604      0.021834     -0.019072  1    
443006.00      5009229.510550904088     -2267630.279145467095      3221245.799000002444     19.750271337107      0.000000      0.000000      0.000000     30.531215038043    114.355807845277     -0.010478     -0.041106      0.028726  1    
443007.00      5009229.512809176929     -2267630.280846276786      3221245.796561326366     19.751408691518      0.000000      0.000000      0.000000     30.531215006454    114.355807851718      0.024443      0.015875      0.027484  1    
443008.00      5009229.511727908626     -2267630.276321987621      3221245.804231691174     19.752849697135      0.000000      0.000000      0.000000     30.531215079113    114.355807813416     -0.005805      0.010269      0.015482  1    
443009.00      5009229.520613192581     -2267630.281129369978      3221245.807010423858     19.762941237539      0.000000      0.000000      0.000000     30.531215054526    114.355807820869     -0.009274      0.022641     -0.042604  1    
443010.00      5009229.507618846372     -2267630.278485653922      3221245.786594158038     19.741433924064      0.000000      0.000000      0.000000     30.531214955141    114.355807851613     -0.002410     -0.020619      0.009791  1    
443011.00      5009229.508998614736     -2267630.282615361735      3221245.782501427457     19.741904448718      0.000000      0.000000      0.000000     30.531214909778    114.355807884886      0.001986     -0.044313     -0.022233  1    
443012.00      5009229.499945877120     -2267630.284055154771      3221245.781585960183     19.734847205691      0.000000      0.000000      0.000000     30.531214937735    114.355807937455     -0.001865      0.011112      0.019005  1    
