  GPSTime              Grid-Y              Grid-X              Grid-Z           Ellip-Hgt       Heading         Pitch          Roll            Latitude           Longitude      Local-VE      Local-VN      Local-VU    Q  
      (s)                 (m)                 (m)                 (m)                 (m)         (deg)         (deg)         (deg)               (deg)               (deg)         (m/s)         (m/s)         (m/s)       
441171.00  38534145.443913355470  3379055.630870978348     21.063211400993     21.063211400993      0.000000      0.000000      0.000000     30.531210556143    114.355798216183     -0.022415     -0.010809      0.032476  4    
441172.00  38534145.245297774673  3379055.914030922577     20.346989389509     20.346989389509      0.000000      0.000000      0.000000     30.531213115924    114.355796155934     -0.022415     -0.010809      0.032476  4    
441173.00  38534145.225843779743  3379055.966017556842     20.309966731817     20.309966731817      0.000000      0.000000      0.000000     30.531213585402    114.355795954934     -0.016818      0.022458     -0.015970  4    
441174.00  38534145.385551385581  3379055.786830860656     20.952143421397     20.952143421397      0.000000      0.000000      0.000000     30.531211964577    114.355797613183     -0.016818      0.022458     -0.015970  4    
441175.00  38534145.389687314630  3379055.794346129522     20.957462916151     20.957462916151      0.000000      0.000000      0.000000     30.531212032247    114.355797656526     -0.031077      0.022511      0.045738  4    
441176.00  38534145.424116395414  3379055.761815566104     20.997930392623     20.997930392623      0.000000      0.000000      0.000000     30.531211737839    114.355798014204     -0.010499      0.008619      0.020671  4    
441177.00  38534145.555374868214  3379055.557957936544     21.655265609734     21.655265609734      0.000000      0.000000      0.000000     30.531209895289    114.355799375205     -0.004193     -0.001506      0.043036  1    
441178.00  38534144.918649949133  3379057.075106669217     19.378251607530     19.378251607530      0.000000      0.000000      0.000000     30.531223598231    114.355792790459      0.018778     -0.016371      0.030620  1    
441179.00  38534144.919271588326  3379057.077994641848     19.366904348135     19.366904348135      0.000000      0.000000      0.000000     30.531223624263    114.355792797031     -0.016238      0.030909     -0.025313  1    
441180.00  38534145.285154692829  3379056.895881282166     19.522454601713     19.522454601713      0.000000      0.000000      0.000000     30.531221971172    114.355796603514     -0.027531     -0.007197     -0.032387  1    
441181.00  38534145.402617774904  3379056.639888103120     19.046782444231     19.046782444231      0.000000      0.000000      0.000000     30.531219658747    114.355797819054     -0.058565      0.026476     -0.018937  1    
441182.00  38534145.402322590351  3379056.634130534716     19.060934875160     19.060934875160      0.000000      0.000000      0.000000     30.531219606822    114.355797815789     -0.019784      0.028911     -0.005987  1    
441183.00  38534145.521598324180  3379055.660644340795     21.212355466560     21.212355466560      0.000000      0.000000      0.000000     30.531210822491    114.355799026632     -0.008644      0.031368     -0.043519  4    
441184.00  38534145.448650725186  3379055.641380893067     21.068659665994     21.068659665994      0.000000      0.000000      0.000000     30.531210650809    114.355798265891      0.003515     -0.013794     -0.017448  1    
441185.00  38534145.446738332510  3379055.637210008688     21.075052674860     21.075052674860      0.000000      0.000000      0.000000     30.531210613241    114.355798245827     -0.017783      0.007358     -0.063675  1    
441186.00  38534145.334239028394  3379055.280666657258     22.190358162858     22.190358162858      0.000000      0.000000      0.000000     30.531207400388    114.355797061874     -0.025710     -0.000310      0.072624  1    
441187.00  38534145.532207421958  3379055.989920895547     20.781192466617     20.781192466617      0.000000      0.000000      0.000000     30.531213792295    114.355799148001     -0.017648     -0.006760      0.022467  1    
441188.00  38534145.530445031822  3379055.977677506860     20.796677362174     20.796677362174      0.000000      0.000000      0.000000     30.531213681908    114.355799129235     -0.001825      0.006160     -0.000243  1    
441189.00  38534145.534067593515  3379055.984835506417     20.787391128950     20.787391128950      0.000000      0.000000      0.000000     30.531213746371    114.355799167217     -0.018034     -0.010244      0.111853  1    
441190.00  38534145.436873689294  3379055.619167753495     21.111208172515     21.111208172515      0.000000      0.000000      0.000000     30.531210450779    114.355798142445     -0.028015     -0.025006      0.099300  1    
441191.00  38534145.445597738028  3379055.626667750999     21.086056123488     21.086056123488      0.000000      0.000000      0.000000     30.531210518182    114.355798233595      0.005415      0.042713     -0.109499  1    
441192.00  38534145.452509425581  3379055.607773138676     21.088809875771     21.088809875771      0.000000      0.000000      0.000000     30.531210347554    114.355798304994      0.000449     -0.011209     -0.030369  1    
441193.00  38534145.560957416892  3379055.624987243675     21.302814912051     21.302814912051      0.000000      0.000000      0.000000     30.531210499741    114.355799435578     -0.021185     -0.001806     -0.030583  4    
441194.00  38534145.671810746193  3379054.706819593441     20.875051224604     20.875051224604      0.000000      0.000000      0.000000     30.531202214628    114.355800560478     -0.006183     -0.004939     -0.035373  1    
441195.00  38534146.206312790513  3379055.298743412364     19.729659440927     19.729659440927      0.000000      0.000000      0.000000     30.531207538626    114.355806149398      0.006587     -0.014489      0.025082  1    
441196.00  38534146.195831231773  3379055.291491347831     19.758624106646     19.758624106646      0.000000      0.000000      0.000000     30.531207473510    114.355806039943     -0.009507      0.001277      0.014864  1    
441197.00  38534145.634668521583  3379055.553354329430     21.367963862605     21.367963862605      0.000000      0.000000      0.000000     30.531209851507    114.355800201286      0.003681     -0.003687     -0.013019  4    
441198.00  38534145.811661347747  3379055.458604122046     20.460871517658     20.460871517658      0.000000      0.000000      0.000000     30.531208991815    114.355802042421     -0.016164     -0.004084     -0.045376  1    
441199.00  38534145.659732729197  3379055.526456822176     21.372760596685     21.372760596685      0.000000      0.000000      0.000000     30.531209608176    114.355800461569     -0.018382     -0.011843      0.098672  4    
441200.00  38534145.675230368972  3379055.521452767309     21.354598724283     21.354598724283      0.000000      0.000000      0.000000     30.531209562598    114.355800622888     -0.023957      0.010783      0.098227  4    
441201.00  38534145.661994650960  3379055.522484388202     21.406214994378     21.406214994378      0.000000      0.000000      0.000000     30.531209572280    114.355800485007     -0.013018     -0.006485      0.005316  4    
441202.00  38534145.645653076470  3379055.532636752818     21.387059151195     21.387059151195      0.000000      0.000000      0.000000     30.531209664320    114.355800315063      0.001800     -0.005944      0.053815  4    
441203.00  38534145.644843280315  3379055.535243717488     21.392319735140     21.392319735140      0.000000      0.000000      0.000000     30.531209687858    114.355800306711     -0.026043     -0.009155      0.161633  4    
441204.00  38534145.634619928896  3379055.548960640095     21.339984443970     21.339984443970      0.000000      0.000000      0.000000     30.531209811877    114.355800200635      0.003480      0.000492      0.044160  4    
441205.00  38534145.565705165267  3379055.635847148020     21.166744702496     21.166744702496      0.000000      0.000000      0.000000     30.531210597563    114.355799485406     -0.032294      0.036501     -0.043392  4    
441206.00  38534145.522783435881  3379055.690094522666     21.080801283941     21.080801283941      0.000000      0.000000      0.000000     30.531211088101    114.355799039948     -0.002735     -0.002507      0.019824  4    
441207.00  38534145.788339428604  3379055.103737997822     22.051656385884     22.051656385884      0.000000      0.000000      0.000000     30.531205791553    114.355801787743      0.032083     -0.039643     -0.058000  1    
441208.00  38534145.532655715942  3379055.680660647806     21.133263595402     21.133263595402      0.000000      0.000000      0.000000     30.531211002725    114.355799142507     -0.000808     -0.028185      0.061818  4    
441209.00  38534145.520496100187  3379055.692907989491     21.108669169247     21.108669169247      0.000000      0.000000      0.000000     30.531211113543    114.355799016207      0.005698     -0.029178      0.088302  4    
441210.00  38534145.499835371971  3379055.711305268575     21.090130714700     21.090130714700      0.000000      0.000000      0.000000     30.531211280077    114.355798801529     -0.004068      0.026678     -0.075218  4    
441211.00  38534145.483699902892  3379055.718592747580     21.069179154932     21.069179154932      0.000000      0.000000      0.000000     30.531211346269    114.355798633638     -0.010062     -0.060376      0.124028  4    
441212.00  38534145.422854371369  3379055.807041005231     21.034635956399     21.034635956399      0.000000      0.000000      0.000000     30.531212145812    114.355798002541      0.004139     -0.023757      0.024918  4    
441213.00  38534145.399219892919  3379055.828433740884     20.976103726774     20.976103726774      0.000000      0.000000      0.000000     30.531212339449    114.355797756975     -0.013644      0.025878     -0.069100  5    
441214.00  38534145.236676849425  3379055.372777270153     21.889101515524     21.889101515524      0.000000      0.000000      0.000000     30.531208234010    114.355796048313     -0.069375      0.041692     -0.002219  4    
441215.00  38534145.449154727161  3379055.741298442241     20.964297041297     20.964297041297      0.000000      0.000000      0.000000     30.531211552060    114.355798274427      0.011334     -0.014611     -0.034202  4    
441216.00  38534145.444272726774  3379055.612239803653     21.137508996762     21.137508996762      0.000000      0.000000      0.000000     30.531210388078    114.355798219315     -0.011162     -0.012138      0.058410  1    
441217.00  38534145.439200244844  3379055.745516688097     20.952794041485     20.952794041485      0.000000      0.000000      0.000000     30.531211590392    114.355798170841     -0.004594      0.006677      0.027300  4    
441218.00  38534145.242353267968  3379055.375392158516     21.845083913766     21.845083913766      0.000000      0.000000      0.000000     30.531208257435    114.355796107547     -0.004558      0.023557     -0.070072  1    
441219.00  38534145.246214158833  3379055.376640656032     21.824748934247     21.824748934247      0.000000      0.000000      0.000000     30.531208268587    114.355796147818      0.024197      0.066381     -0.131220  1    
441220.00  38534145.240936130285  3379055.362898895517     21.860849671066     21.860849671066      0.000000      0.000000      0.000000     30.531208144785    114.355796092370     -0.003584     -0.012495      0.040951  1    
441221.00  38534145.242566108704  3379055.371025882661     21.843205682002     21.843205682002      0.000000      0.000000      0.000000     30.531208218045    114.355796109621      0.000784      0.006875      0.035877  1    
441222.00  38534145.245081514120  3379055.367128727026     21.865900658071     21.865900658071      0.000000      0.000000      0.000000     30.531208182821    114.355796135703     -0.010588      0.000344      0.041350  1    
441223.00  38534145.244789242744  3379055.369063372258     21.854326823726     21.854326823726      0.000000      0.000000      0.000000     30.531208200280    114.355796132721     -0.006322      0.007304     -0.025654  1    
441224.00  38534145.205267988145  3379053.846492023207     22.543274787255     22.543274787255      0.000000      0.000000      0.000000     30.531194467668    114.355795670864     -0.002714     -0.009480     -0.003748  1    
441225.00  38534145.215451620519  3379053.847068995703     22.527435919270     22.527435919270      0.000000      0.000000      0.000000     30.531194472582    114.355795776996      0.018395     -0.028481      0.010384  1    
441226.00  38534145.473479188979  3379055.737360133324     20.947629692964     20.947629692964      0.000000      0.000000      0.000000     30.531211515844    114.355798527756      0.008257     -0.017564     -0.058620  5    
441227.00  38534145.146390423179  3379055.827022831421     20.748809083365     20.748809083365      0.000000      0.000000      0.000000     30.531212333917    114.355795122468     -0.019271      0.027082     -0.008186  1    
441228.00  38534145.148092724383  3379055.825223101769     20.750454666093     20.750454666093      0.000000      0.000000      0.000000     30.531212317635    114.355795140147     -0.012979      0.010869     -0.057469  1    
441229.00  38534145.154701068997  3379055.829981331248     20.736550292931     20.736550292931      0.000000      0.000000      0.000000     30.531212360367    114.355795209162     -0.005485      0.040295     -0.049480  1    
441230.00  38534145.157705657184  3379055.826357866172     20.741061843000     20.741061843000      0.000000      0.000000      0.000000     30.531212327597    114.355795240350      0.015403     -0.007307      0.001966  1    
441231.00  38534145.160738170147  3379055.818667802494     20.749709256925     20.749709256925      0.000000      0.000000      0.000000     30.531212258146    114.355795271696      0.014191     -0.026993     -0.000345  1    
441232.00  38534145.159921988845  3379055.827561608050     20.716579796746     20.716579796746      0.000000      0.000000      0.000000     30.531212338392    114.355795263484     -0.007984     -0.002528      0.075267  1    
441233.00  38534145.154714778066  3379055.818654292729     20.769416544586     20.769416544586      0.000000      0.000000      0.000000     30.531212258195    114.355795208932      0.020789     -0.008509      0.025725  1    
441234.00  38534145.160529196262  3379055.824525740463     20.733920013532     20.733920013532      0.000000      0.000000      0.000000     30.531212310991    114.355795269711      0.016796     -0.005772      0.101954  1    
441235.00  38534145.151342943311  3379055.827395887580     20.741857840680     20.741857840680      0.000000      0.000000      0.000000     30.531212337141    114.355795174085     -0.010583      0.041897     -0.106104  1    
441236.00  38534145.150751262903  3379055.817352112383     20.773442092352     20.773442092352      0.000000      0.000000      0.000000     30.531212246562    114.355795167590      0.020932      0.015362     -0.095700  1    
441237.00  38534145.158444844186  3379055.824589542113     20.748069426976     20.748069426976      0.000000      0.000000      0.000000     30.531212311626    114.355795247994      0.002112     -0.005020     -0.025132  1    
441238.00  38534145.157978534698  3379055.832416470163     20.718734710477     20.718734710477      0.000000      0.000000      0.000000     30.531212382239    114.355795243393      0.018876      0.017243     -0.067535  1    
441239.00  38534145.377377398312  3379055.925140889827     20.799429561011     20.799429561011      0.000000      0.000000      0.000000     30.531213212379    114.355797532557     -0.024718      0.019253     -0.007754  5    
441240.00  38534145.390402801335  3379055.927882933524     20.811227421276     20.811227421276      0.000000      0.000000      0.000000     30.531213236741    114.355797668371      0.013222     -0.025428      0.031443  5    
441241.00  38534145.838322393596  3379057.022021759767     19.131658318453     19.131658318453      0.000000      0.000000      0.000000     30.531223093231    114.355802371619      0.013182     -0.027161      0.047423  1    
441242.00  38534145.422431893647  3379056.540443793871     21.365675675683     21.365675675683      0.000000      0.000000      0.000000     30.531218761187    114.355798022247      0.003027      0.014493     -0.002921  1    
441243.00  38534145.845104664564  3379057.026752655394     19.111987700686     19.111987700686      0.000000      0.000000      0.000000     30.531223135711    114.355802442445      0.011061     -0.039679      0.055906  1    
441244.00  38534145.837046161294  3379057.029483000282     19.113896654919     19.113896654919      0.000000      0.000000      0.000000     30.531223160568    114.355802358566      0.012335     -0.008855      0.024356  1    
441245.00  38534144.826255470514  3379056.000301129185     20.497517528944     20.497517528944      0.000000      0.000000      0.000000     30.531213906013    114.355791792387      0.019071     -0.004349     -0.011285  1    
441246.00  38534144.824749417603  3379055.997947318014     20.495834656991     20.495834656991      0.000000      0.000000      0.000000     30.531213884825    114.355791776616      0.009635      0.038023     -0.090404  1    
441247.00  38534146.162637308240  3379056.855094230734     19.370935095474     19.370935095474      0.000000      0.000000      0.000000     30.531221578300    114.355805745464     -0.029017     -0.018952      0.047101  1    
441248.00  38534146.165389567614  3379056.855693022255     19.359098523855     19.359098523855      0.000000      0.000000      0.000000     30.531221583623    114.355805774162      0.018988     -0.000365     -0.031164  1    
441249.00  38534146.164430759847  3379056.850749268197     19.383275642991     19.383275642991      0.000000      0.000000      0.000000     30.531221539057    114.355805764009      0.032491     -0.004166      0.000557  1    
441250.00  38534146.158066459000  3379056.854845839553     19.381481856108     19.381481856108      0.000000      0.000000      0.000000     30.531221576189    114.355805697828     -0.030011     -0.036383      0.074459  1    
441251.00  38534144.427651338279  3379056.216455859132     19.741187411360     19.741187411360      0.000000      0.000000      0.000000     30.531215867092    114.355787646072      0.038229     -0.015718      0.016161  1    
441252.00  38534146.193658269942  3379056.847700905055     19.275412506424     19.275412506424      0.000000      0.000000      0.000000     30.531221510729    114.355806068457      0.012554     -0.012828     -0.042094  1    
441253.00  38534146.193130671978  3379056.848897090647     19.272296669893     19.272296669893      0.000000      0.000000      0.000000     30.531221521533    114.355806062999      0.012206     -0.024076      0.147991  1    
441254.00  38534145.440989576280  3379056.523530988954     22.049677900970     22.049677900970      0.000000      0.000000      0.000000     30.531218608103    114.355798215060     -0.009656      0.020749     -0.086190  1    
441255.00  38534145.448545716703  3379056.512335341424     22.047116771340     22.047116771340      0.000000      0.000000      0.000000     30.531218506903    114.355798293426      0.033816      0.018261     -0.054979  1    
441256.00  38534145.445347972214  3379056.510701509658     22.042147205211     22.042147205211      0.000000      0.000000      0.000000     30.531218492256    114.355798260053     -0.019580      0.005217     -0.123373  1    
441257.00  38534145.445395737886  3379056.517424222082     22.036352918483     22.036352918483      0.000000      0.000000      0.000000     30.531218552894    114.355798260771     -0.025959      0.034632     -0.061340  1    
441258.00  38534145.450607299805  3379056.514304777607     22.043298270553     22.043298270553      0.000000      0.000000      0.000000     30.531218524608    114.355798314973      0.012173      0.015005     -0.021848  1    
441259.00  38534145.450162537396  3379056.510345930234     22.046143840998     22.046143840998      0.000000      0.000000      0.000000     30.531218488912    114.355798310208     -0.015254     -0.004591     -0.028013  1    
441260.00  38534144.777467027307  3379055.751006154343     19.124402290210     19.124402290210      0.000000      0.000000      0.000000     30.531211658738    114.355791275821     -0.010354      0.015296     -0.048431  1    
441261.00  38534145.453064605594  3379056.513824690599     22.042342688888     22.042342688888      0.000000      0.000000      0.000000     30.531218520208    114.355798340562     -0.008343      0.000697     -0.017652  1    
441262.00  38534145.905850924551  3379055.490685015451     19.395639495924     19.395639495924      0.000000      0.000000      0.000000     30.531209278508    114.355803024922      0.033783      0.006507     -0.113380  1    
441263.00  38534145.456665374339  3379056.514263254590     22.041601625271     22.041601625271      0.000000      0.000000      0.000000     30.531218524062    114.355798378096      0.013911      0.037888     -0.090175  1    
441264.00  38534145.458797596395  3379056.516677652951     22.044454630464     22.044454630464      0.000000      0.000000      0.000000     30.531218545779    114.355798400393      0.004353     -0.005202      0.001612  1    
441265.00  38534145.457367032766  3379056.518730594311     22.048115668818     22.048115668818      0.000000      0.000000      0.000000     30.531218564337    114.355798385554     -0.016394      0.006684     -0.044727  1    
441266.00  38534145.207303352654  3379055.568943547085     20.716358777136     20.716358777136      0.000000      0.000000      0.000000     30.531210004285    114.355795748692      0.000157     -0.003661     -0.044712  5    
441267.00  38534145.090405933559  3379055.786487806588     23.182742726058     23.182742726058      0.000000      0.000000      0.000000     30.531211969881    114.355794537782      0.019986     -0.020719      0.072298  1    
441268.00  38534145.092550113797  3379055.462446182966     21.736448174343     21.736448174343      0.000000      0.000000      0.000000     30.531209046934    114.355794549473      0.014136     -0.016614      0.033816  1    
441269.00  38534145.093897499144  3379055.463805049658     21.739396271296     21.739396271296      0.000000      0.000000      0.000000     30.531209059152    114.355794563557     -0.004925     -0.023266      0.177348  1    
441270.00  38534145.140742376447  3379055.510521951597     22.671294318512     22.671294318512      0.000000      0.000000      0.000000     30.531209479210    114.355795053212     -0.004632      0.013215     -0.063587  5    
441271.00  38534145.276019215584  3379055.543369564693     20.521874943748     20.521874943748      0.000000      0.000000      0.000000     30.531209771650    114.355796463864      0.003627     -0.005768      0.009079  5    
441272.00  38534145.178625553846  3379055.775995152537     22.253460487351     22.253460487351      0.000000      0.000000      0.000000     30.531211872726    114.355795456678     -0.017868      0.048660     -0.027431  1    
441273.00  38534145.321404099464  3379055.536941554397     20.447284265421     20.447284265421      0.000000      0.000000      0.000000     30.531209712377    114.355796936559     -0.037633      0.046505     -0.089343  5    
441274.00  38534145.284143298864  3379055.541106792632     20.862917246297     20.862917246297      0.000000      0.000000      0.000000     30.531209751008    114.355796548442      0.014447     -0.024802      0.069414  5    
441275.00  38534145.678173415363  3379055.355176628102     20.687110985629     20.687110985629      0.000000      0.000000      0.000000     30.531208062688    114.355800648089      0.013004      0.015944      0.084521  4    
441276.00  38534146.213630899787  3379055.302575259469     19.738864986226     19.738864986226      0.000000      0.000000      0.000000     30.531207572982    114.355806225778      0.027393      0.013486     -0.055748  1    
441277.00  38534146.211240492761  3379055.301442726515     19.742178337649     19.742178337649      0.000000      0.000000      0.000000     30.531207562834    114.355806200833      0.021018     -0.004316      0.054121  1    
441278.00  38534146.215741932392  3379055.314978230279     19.703189234249     19.703189234249      0.000000      0.000000      0.000000     30.531207684798    114.355806248183     -0.008700      0.024056     -0.021275  1    
441279.00  38534146.212730787694  3379055.310087034479     19.734433406033     19.734433406033      0.000000      0.000000      0.000000     30.531207640764    114.355806216646     -0.005598     -0.008801     -0.014483  1    
441280.00  38534146.216347388923  3379055.297901167069     19.738572924398     19.738572924398      0.000000      0.000000      0.000000     30.531207530744    114.355806253930      0.024541     -0.063037      0.101110  1    
441281.00  38534146.216184265912  3379055.303363926709     19.727430520579     19.727430520579      0.000000      0.000000      0.000000     30.531207580023    114.355806252410     -0.002856      0.020950     -0.041549  1    
441282.00  38534145.881430715322  3379055.476208240259     19.539038623683     19.539038623683      0.000000      0.000000      0.000000     30.531209148621    114.355802769990      0.002863      0.005644     -0.062419  1    
441283.00  38534146.236429482698  3379055.293933034874     19.674716079608     19.674716079608      0.000000      0.000000      0.000000     30.531207494379    114.355806463053     -0.010080     -0.008123     -0.029183  1    
441284.00  38534146.243264049292  3379055.296970949508     19.672137941234     19.672137941234      0.000000      0.000000      0.000000     30.531207521587    114.355806534369      0.017374     -0.017714      0.070322  1    
441285.00  38534145.840701520443  3379055.830213162117     18.997163373046     18.997163373046      0.000000      0.000000      0.000000     30.531212342937    114.355802357232      0.048657     -0.065485      0.128655  1    
441286.00  38534145.800224050879  3379055.135806017090     20.979806999676     20.979806999676      0.000000      0.000000      0.000000     30.531206080471    114.355801912634      0.027908     -0.003385     -0.024249  4    
441287.00  38534146.205101720989  3379055.305964497384     19.771510635503     19.771510635503      0.000000      0.000000      0.000000     30.531207603796    114.355806137016      0.021513     -0.024510      0.078138  1    
441288.00  38534145.835069142282  3379055.085693442728     20.952535254881     20.952535254881      0.000000      0.000000      0.000000     30.531205627460    114.355802274069      0.027386     -0.019694      0.004047  4    
441289.00  38534146.082844138145  3379055.380180757027     19.520811376162     19.520811376162      0.000000      0.000000      0.000000     30.531208276712    114.355804865543      0.011076      0.004474      0.005401  1    
441290.00  38534146.089370727539  3379055.379741536919     19.497240190394     19.497240190394      0.000000      0.000000      0.000000     30.531208272565    114.355804933535      0.007099     -0.028477      0.085899  1    
441291.00  38534146.097039423883  3379055.382764535025     19.481427310035     19.481427310035      0.000000      0.000000      0.000000     30.531208299614    114.355805013541      0.005098     -0.022463      0.016900  1    
441292.00  38534146.098300084472  3379055.389859556220     19.461751149036     19.461751149036      0.000000      0.000000      0.000000     30.531208363576    114.355805026911      0.011363      0.014843      0.023803  1    
441293.00  38534146.103773474693  3379055.385746961925     19.468785754405     19.468785754405      0.000000      0.000000      0.000000     30.531208326324    114.355805083808      0.010734     -0.033710      0.043752  1    
441294.00  38534146.097606539726  3379055.379113050178     19.479140194133     19.479140194133      0.000000      0.000000      0.000000     30.531208266661    114.355805019331     -0.003026     -0.007205     -0.027838  1    
441295.00  38534146.095891639590  3379055.387901736423     19.464279317297     19.464279317297      0.000000      0.000000      0.000000     30.531208345985    114.355805001750     -0.000589     -0.003961      0.024493  1    
441296.00  38534146.097376227379  3379055.384691370651     19.464535554871     19.464535554871      0.000000      0.000000      0.000000     30.531208316985    114.355805017114     -0.004924      0.007227     -0.050160  1    
441297.00  38534146.095785737038  3379055.386312804651     19.465898049995     19.465898049995      0.000000      0.000000      0.000000     30.531208331656    114.355805000595     -0.018972      0.006329      0.004386  1    
441298.00  38534145.916487500072  3379055.888793874532     18.711261932738     18.711261932738      0.000000      0.000000      0.000000     30.531212869184    114.355803148841     -0.008588      0.000526     -0.038673  1    
441299.00  38534145.661833740771  3379053.895458460785     23.884753633291     23.884753633291      0.000000      0.000000      0.000000     30.531194896358    114.355800429847     -0.003420     -0.017881      0.025145  1    
441300.00  38534145.792179167271  3379055.080044245347     20.762753780000     20.762753780000      0.000000      0.000000      0.000000     30.531205577724    114.355801826974      0.003972     -0.002712     -0.004891  4    
441301.00  38534146.226467989385  3379055.277708207723     19.714832647704     19.714832647704      0.000000      0.000000      0.000000     30.531207348313    114.355806358722      0.008746     -0.002534     -0.023071  1    
441302.00  38534146.219341598451  3379055.287362887058     19.702934212983     19.702934212983      0.000000      0.000000      0.000000     30.531207435602    114.355806284783     -0.016819      0.004881      0.048348  1    
441303.00  38534146.222485281527  3379055.284055868629     19.700763927773     19.700763927773      0.000000      0.000000      0.000000     30.531207405683    114.355806317431     -0.001332      0.024559     -0.058322  1    
441304.00  38534146.221596382558  3379055.285437099636     19.693804409355     19.693804409355      0.000000      0.000000      0.000000     30.531207418167    114.355806308214      0.000951      0.002224     -0.018894  1    
441305.00  38534146.217797353864  3379055.285368366167     19.701220094226     19.701220094226      0.000000      0.000000      0.000000     30.531207417655    114.355806268626     -0.003606      0.014755     -0.008237  1    
441306.00  38534146.224296443164  3379055.283735105302     19.702091512270     19.702091512270      0.000000      0.000000      0.000000     30.531207402738    114.355806336293      0.001318     -0.004150     -0.010356  1    
441307.00  38534145.390890032053  3379054.714513930492     21.997095732950     21.997095732950      0.000000      0.000000      0.000000     30.531202292025    114.355797633562      0.000276      0.007559     -0.029979  1    
441308.00  38534146.237570986152  3379055.293584065046     19.643330544233     19.643330544233      0.000000      0.000000      0.000000     30.531207491199    114.355806474936     -0.014710      0.029241     -0.037040  1    
441309.00  38534146.225913181901  3379055.287548374385     19.684271083213     19.684271083213      0.000000      0.000000      0.000000     30.531207437088    114.355806353264     -0.008746      0.019483     -0.075962  1    
441310.00  38534146.225953832269  3379055.288259866182     19.688327205367     19.688327205367      0.000000      0.000000      0.000000     30.531207443505    114.355806353711      0.008589     -0.003853     -0.030213  1    
441311.00  38534145.753435820341  3379054.837680282071     21.942287511192     21.942287511192      0.000000      0.000000      0.000000     30.531203392681    114.355801415305      0.002666      0.015030     -0.018105  1    
441312.00  38534145.146213546395  3379054.222297885455     22.035013074987     22.035013074987      0.000000      0.000000      0.000000     30.531197859152    114.355795067876      0.000235      0.007430     -0.041478  1    
441313.00  38534146.060600169003  3379055.809687003028     18.903664795682     18.903664795682      0.000000      0.000000      0.000000     30.531212151532    114.355804647882      0.007981     -0.011742     -0.022053  1    
441314.00  38534146.085809506476  3379055.385255422909     19.488051456399     19.488051456399      0.000000      0.000000      0.000000     30.531208322402    114.355804896609      0.007054     -0.010505      0.033924  1    
441315.00  38534146.086445949972  3379055.384028192610     19.498121185228     19.498121185228      0.000000      0.000000      0.000000     30.531208311314    114.355804903200      0.000896     -0.006902      0.069589  1    
441316.00  38534146.045504339039  3379055.798354482278     18.957372189499     18.957372189499      0.000000      0.000000      0.000000     30.531212049741    114.355804490212     -0.004913      0.004777     -0.000857  1    
441317.00  38534146.051439374685  3379055.807520873845     18.939221442677     18.939221442677      0.000000      0.000000      0.000000     30.531212132254    114.355804552356     -0.005800      0.022434     -0.199217  1    
441318.00  38534146.231659777462  3379055.282072027214     19.695148386061     19.695148386061      0.000000      0.000000      0.000000     30.531207387528    114.355806412963     -0.011939     -0.065186      0.113321  1    
441319.00  38534146.234104007483  3379055.292193569709     19.677584777586     19.677584777586      0.000000      0.000000      0.000000     30.531207478755    114.355806438765      0.015278     -0.027349     -0.028666  1    
441320.00  38534146.236946456134  3379055.288272682577     19.674383242615     19.674383242615      0.000000      0.000000      0.000000     30.531207443308    114.355806468254     -0.006831      0.002541     -0.001830  1    
441321.00  38534146.233354844153  3379055.287160735577     19.674581517465     19.674581517465      0.000000      0.000000      0.000000     30.531207433380    114.355806430793      0.001236      0.013960     -0.000727  1    
441322.00  38534146.232411935925  3379055.285820971709     19.689778261818     19.689778261818      0.000000      0.000000      0.000000     30.531207421322    114.355806420924     -0.017405      0.007175     -0.018926  1    
441323.00  38534146.233013801277  3379055.284251858946     19.695743001066     19.695743001066      0.000000      0.000000      0.000000     30.531207407151    114.355806427144      0.016152     -0.006120      0.000430  1    
441324.00  38534146.230555787683  3379055.287245154846     19.686486093327     19.686486093327      0.000000      0.000000      0.000000     30.531207434221    114.355806401630     -0.017051      0.009092     -0.016608  1    
441325.00  38534146.233220182359  3379055.286909561139     19.684064972214     19.684064972214      0.000000      0.000000      0.000000     30.531207431118    114.355806429382     -0.000688     -0.008433      0.031751  1    
441326.00  38534146.233480170369  3379055.288129873108     19.671520045027     19.671520045027      0.000000      0.000000      0.000000     30.531207442118    114.355806432131      0.003833     -0.050767      0.036434  1    
441327.00  38534146.233177542686  3379055.285321616102     19.688138848171     19.688138848171      0.000000      0.000000      0.000000     30.531207416796    114.355806428885     -0.004939      0.006698     -0.026091  1    
441328.00  38534146.233084067702  3379055.284573364072     19.698683108203     19.698683108203      0.000000      0.000000      0.000000     30.531207410049    114.355806427887      0.015272     -0.012303      0.039102  1    
441329.00  38534146.229846045375  3379055.283001272473     19.700080947950     19.700080947950      0.000000      0.000000      0.000000     30.531207395961    114.355806394095      0.001873      0.001264     -0.001880  1    
441330.00  38534146.226741209626  3379055.281287754420     19.711398046464     19.711398046464      0.000000      0.000000      0.000000     30.531207380593    114.355806361687      0.007474     -0.004782      0.016739  1    
441331.00  38534146.228916794062  3379055.283909592312     19.704846772365     19.704846772365      0.000000      0.000000      0.000000     30.531207404181    114.355806384442      0.022021     -0.046067     -0.000508  1    
441332.00  38534146.214176468551  3379055.281618068926     19.744756213389     19.744756213389      0.000000      0.000000      0.000000     30.531207383930    114.355806230774     -0.005907      0.005011      0.009528  1    
441333.00  38534146.212898097932  3379055.279289150145     19.755045481957     19.755045481957      0.000000      0.000000      0.000000     30.531207362960    114.355806217377     -0.015505      0.014362     -0.023773  1    
441334.00  38534146.209033578634  3379055.281154591590     19.755075127818     19.755075127818      0.000000      0.000000      0.000000     30.531207379896    114.355806177170     -0.009559     -0.000063      0.004962  1    
441335.00  38534146.205161944032  3379055.967457749415     17.627146963030     17.627146963030      0.000000      0.000000      0.000000     30.531213570525    114.355806159389     -0.005310      0.012131     -0.066399  1    
441336.00  38534145.981831118464  3379056.054520571604     19.286121811718     19.286121811718      0.000000      0.000000      0.000000     30.531214362195    114.355803835163      0.005144      0.010038     -0.052672  1    
441337.00  38534146.209297724068  3379055.975595775526     17.600115670823     17.600115670823      0.000000      0.000000      0.000000     30.531213643813    114.355806202750     -0.009441      0.029146     -0.053204  1    
441338.00  38534145.988444171846  3379056.048958195373     19.296777025796     19.296777025796      0.000000      0.000000      0.000000     30.531214311834    114.355803903888      0.042001     -0.012980     -0.027118  1    
441339.00  38534146.214716300368  3379055.280390521977     19.754592268728     19.754592268728      0.000000      0.000000      0.000000     30.531207372842    114.355806236359     -0.009730      0.019878     -0.111673  1    
441340.00  38534146.213697649539  3379055.281961765140     19.748351716436     19.748351716436      0.000000      0.000000      0.000000     30.531207387044    114.355806225796     -0.023737      0.002496      0.032085  1    
441341.00  38534145.981777369976  3379056.041210751515     19.305683364160     19.305683364160      0.000000      0.000000      0.000000     30.531214242141    114.355803834166      0.019308     -0.022457      0.029801  1    
441342.00  38534146.202471047640  3379055.293057722505     19.785713101737     19.785713101737      0.000000      0.000000      0.000000     30.531207487450    114.355806109181     -0.004580      0.033562     -0.092484  1    
441343.00  38534145.918926581740  3379057.042372505181     18.246014652774     18.246014652774      0.000000      0.000000      0.000000     30.531223274503    114.355803212176      0.011093      0.008619      0.009540  1    
441344.00  38534145.924942068756  3379057.041885323822     18.234786227345     18.234786227345      0.000000      0.000000      0.000000     30.531223269937    114.355803274841      0.013494     -0.009798      0.008776  1    
441345.00  38534146.071063220501  3379056.167742995545     18.967026075348     18.967026075348      0.000000      0.000000      0.000000     30.531215380933    114.355804768676     -0.017791      0.034329     -0.027607  1    
441346.00  38534146.072126530111  3379056.162929265760     18.974313374609     18.974313374609      0.000000      0.000000      0.000000     30.531215337482    114.355804779597      0.013909     -0.009671     -0.028982  1    
441347.00  38534146.079290106893  3379056.166276211850     18.964371613227     18.964371613227      0.000000      0.000000      0.000000     30.531215367468    114.355804854351     -0.016267      0.025811     -0.039138  1    
441348.00  38534146.084429703653  3379056.171546103898     18.948550210334     18.948550210334      0.000000      0.000000      0.000000     30.531215414857    114.355804908078      0.042663      0.017145      0.019203  1    
441349.00  38534145.950210556388  3379055.444356460124     20.136013382114     20.136013382114      0.000000      0.000000      0.000000     30.531208859357    114.355803485623     -0.034200      0.044311      0.044575  5    
441350.00  38534145.979859165847  3379056.049203000963     19.310768828727     19.310768828727      0.000000      0.000000      0.000000     30.531214314286    114.355803814441      0.004098     -0.006510     -0.018877  1    
441351.00  38534145.984224237502  3379056.043578326702     19.323032942601     19.323032942601      0.000000      0.000000      0.000000     30.531214263427    114.355803859740     -0.005111      0.002812      0.001173  1    
441352.00  38534145.949242264032  3379055.448372280225     20.168628091924     20.168628091924      0.000000      0.000000      0.000000     30.531208895608    114.355803475665      0.015432     -0.013166     -0.005156  5    
441353.00  38534145.949838317931  3379055.453377152327     20.158771006390     20.158771006390      0.000000      0.000000      0.000000     30.531208940735    114.355803482040      0.009916      0.007149      0.008330  5    
441354.00  38534145.950057521462  3379055.454356428236     20.169013454579     20.169013454579      0.000000      0.000000      0.000000     30.531208949562    114.355803484357     -0.000703      0.041856     -0.041895  5    
441355.00  38534145.814009800553  3379056.034036455676     20.757481151260     20.757481151260      0.000000      0.000000      0.000000     30.531214182202    114.355802085807      0.008871     -0.014421      0.018573  1    
441356.00  38534145.713080048561  3379056.294839890208     20.384240437299     20.384240437299      0.000000      0.000000      0.000000     30.531216537546    114.355801042701     -0.003766      0.047329     -0.041759  1    
441357.00  38534145.719763912261  3379056.282979870215     20.391598736867     20.391598736867      0.000000      0.000000      0.000000     30.531216430377    114.355801111957      0.001744     -0.004850      0.035749  1    
441358.00  38534145.964914545417  3379055.441789464094     20.244226132520     20.244226132520      0.000000      0.000000      0.000000     30.531208835784    114.355803638752     -0.005018      0.021664     -0.118762  5    
441359.00  38534145.926645092666  3379054.904163214844     20.804509690031     20.804509690031      0.000000      0.000000      0.000000     30.531203987434    114.355803222315      0.026569     -0.011837      0.006743  1    
441360.00  38534146.528624422848  3379055.529143123422     19.371439961717     19.371439961717      0.000000      0.000000      0.000000     30.531209607682    114.355809515430      0.051496      0.052692     -0.086433  1    
441361.00  38534146.053147569299  3379056.077803616878     21.375617796555     21.375617796555      0.000000      0.000000      0.000000     30.531214570181    114.355804579040      0.013007      0.011271     -0.044769  1    
441362.00  38534146.051531776786  3379056.070468862075     21.393363589421     21.393363589421      0.000000      0.000000      0.000000     30.531214504067    114.355804561962      0.003471      0.009074     -0.091804  1    
441363.00  38534146.048726849258  3379056.086212545633     21.400258316658     21.400258316658      0.000000      0.000000      0.000000     30.531214646156    114.355804533253      0.023399     -0.000626      0.014914  1    
441364.00  38534145.902439966798  3379056.966153553221     20.586064830422     20.586064830422      0.000000      0.000000      0.000000     30.531222587470    114.355803037882     -0.003027      0.011477     -0.014616  1    
441365.00  38534145.925629682839  3379056.965757842641     20.605535834096     20.605535834096      0.000000      0.000000      0.000000     30.531222583240    114.355803279504     -0.034686     -0.036366      0.059693  1    
441366.00  38534145.924261286855  3379056.966713423841     20.592302526347     20.592302526347      0.000000      0.000000      0.000000     30.531222591899    114.355803265277     -0.006647     -0.008343      0.046178  1    
441367.00  38534145.906103789806  3379055.549957926851     20.507141396403     20.507141396403      0.000000      0.000000      0.000000     30.531209813148    114.355803029505     -0.000794     -0.007619      0.011965  4    
441368.00  38534146.261622011662  3379056.822163960896     19.238870427012     19.238870427012      0.000000      0.000000      0.000000     30.531221278449    114.355806775794     -0.000011      0.001049      0.004124  1    
441369.00  38534146.261376172304  3379056.836333014071     19.195961636491     19.195961636491      0.000000      0.000000      0.000000     30.531221406262    114.355806773698     -0.013722     -0.018695      0.010369  1    
441370.00  38534146.260452747345  3379056.833485368174     19.219233863987     19.219233863987      0.000000      0.000000      0.000000     30.531221380602    114.355806763982     -0.015675     -0.005365      0.030092  1    
441371.00  38534146.262327797711  3379056.830349175725     19.228463431820     19.228463431820      0.000000      0.000000      0.000000     30.531221352260    114.355806783417      0.007014     -0.017560      0.003074  1    
441372.00  38534146.259628467262  3379056.836189321708     19.213537160307     19.213537160307      0.000000      0.000000      0.000000     30.531221405016    114.355806755482     -0.016252     -0.001955      0.041152  1    
441373.00  38534145.841455943882  3379055.122621524613     21.151179564185     21.151179564185      0.000000      0.000000      0.000000     30.531205960373    114.355802341833      0.000399     -0.014899      0.025234  1    
441374.00  38534145.796323008835  3379055.496484268922     19.829960271716     19.829960271716      0.000000      0.000000      0.000000     30.531209333934    114.355801883842     -0.021415      0.014233     -0.055943  1    
441375.00  38534145.151251010597  3379055.441354727373     21.654714220203     21.654714220203      0.000000      0.000000      0.000000     30.531208855016    114.355795160438      0.012994     -0.018628      0.031454  1    
441376.00  38534145.153275959194  3379055.454174663872     21.622037418187     21.622037418187      0.000000      0.000000      0.000000     30.531208970596    114.355795181959      0.023805     -0.001924     -0.003506  1    
441377.00  38534145.150004848838  3379055.455218248535     21.630410824902     21.630410824902      0.000000      0.000000      0.000000     30.531208980102    114.355795147908      0.000466      0.007413     -0.010136  1    
441378.00  38534145.154147528112  3379055.453237309121     21.629305719398     21.629305719398      0.000000      0.000000      0.000000     30.531208962116    114.355795191010     -0.019825     -0.004664      0.018387  1    
441379.00  38534145.155147410929  3379055.455119438469     21.630132643506     21.630132643506      0.000000      0.000000      0.000000     30.531208979065    114.355795201490      0.001065     -0.006748      0.003130  1    
441380.00  38534145.149737104774  3379055.453886265866     21.632439872250     21.632439872250      0.000000      0.000000      0.000000     30.531208968095    114.355795145075     -0.014463     -0.019534      0.066843  1    
441381.00  38534145.150913156569  3379055.455262526870     21.619091834873     21.619091834873      0.000000      0.000000      0.000000     30.531208980476    114.355795157374     -0.017661     -0.003668      0.004124  1    
441382.00  38534145.153336964548  3379055.457765788771     21.625446068123     21.625446068123      0.000000      0.000000      0.000000     30.531209002986    114.355795182713      0.028250      0.015666     -0.087746  1    
441383.00  38534146.196447566152  3379055.283198418561     19.847029741853     19.847029741853      0.000000      0.000000      0.000000     30.531207398690    114.355806046092      0.016386     -0.017031      0.033720  1    
441384.00  38534146.197705663741  3379055.293049336411     19.807659426704     19.807659426704      0.000000      0.000000      0.000000     30.531207487510    114.355806059525     -0.005560     -0.004409     -0.008309  1    
441385.00  38534145.584442153573  3379055.578765034676     21.527309259400     21.527309259400      0.000000      0.000000      0.000000     30.531210082144    114.355799678767      0.003057      0.027226     -0.072065  1    
441386.00  38534145.854010604322  3379055.360073744785     22.779767444357     22.779767444357      0.000000      0.000000      0.000000     30.531208101857    114.355802480457     -0.019305     -0.021046      0.076763  1    
441387.00  38534145.893136799335  3379055.386792117730     21.827080304734     21.827080304734      0.000000      0.000000      0.000000     30.531208341746    114.355802889027     -0.054513      0.011185     -0.030920  4    
441388.00  38534145.574853233993  3379055.501011029352     23.896696129814     23.896696129814      0.000000      0.000000      0.000000     30.531209381068    114.355799576296     -0.001924      0.013493     -0.044087  1    
441389.00  38534145.575106933713  3379055.493233783636     23.915569434874     23.915569434874      0.000000      0.000000      0.000000     30.531209310909    114.355799578683      0.000357     -0.008621      0.002581  1    
441390.00  38534145.455327816308  3379055.198221534025     24.259479698725     24.259479698725      0.000000      0.000000      0.000000     30.531206653279    114.355798320898      0.020172     -0.021000      0.039262  1    
441391.00  38534145.459161318839  3379055.198738978710     24.262708973140     24.262708973140      0.000000      0.000000      0.000000     30.531206657838    114.355798360860      0.012292      0.012901     -0.066631  1    
441392.00  38534145.834434553981  3379055.378418825101     21.277551212348     21.277551212348      0.000000      0.000000      0.000000     30.531208267888    114.355802277080      0.010170     -0.013204      0.007194  4    
441393.00  38534145.088227599859  3379054.745151972864     25.591818267480     25.591818267480      0.000000      0.000000      0.000000     30.531202576995    114.355794480854      0.011513     -0.004787      0.015031  1    
441394.00  38534145.851561494172  3379055.454359351192     20.370507482439     20.370507482439      0.000000      0.000000      0.000000     30.531208952392    114.355802458037      0.008642     -0.063481      0.102520  1    
441395.00  38534145.782877758145  3379055.362235666718     21.400385698304     21.400385698304      0.000000      0.000000      0.000000     30.531208123382    114.355801739330     -0.010244      0.013117     -0.005200  4    
441396.00  38534145.776185013354  3379055.348265737295     21.431840218604     21.431840218604      0.000000      0.000000      0.000000     30.531207997562    114.355801669133     -0.004487      0.064010     -0.110826  4    
441397.00  38534145.899407491088  3379055.780131254345     19.563383435830     19.563383435830      0.000000      0.000000      0.000000     30.531211889523    114.355802967297      0.003892      0.005706     -0.032691  1    
441398.00  38534144.755276963115  3379053.981954449788     25.866056628525     25.866056628525      0.000000      0.000000      0.000000     30.531195702356    114.355790986452      0.012986     -0.043025      0.044599  1    
441399.00  38534144.740655720234  3379053.967933670152     25.913663214073     25.913663214073      0.000000      0.000000      0.000000     30.531195576303    114.355790833639     -0.021350      0.026819     -0.036775  1    
441400.00  38534144.755268976092  3379053.982359991409     25.850347945467     25.850347945467      0.000000      0.000000      0.000000     30.531195706014    114.355790986382     -0.014488      0.020144     -0.033313  1    
441401.00  38534144.874488711357  3379054.293446967378     25.474011265673     25.474011265673      0.000000      0.000000      0.000000     30.531198508656    114.355792238867      0.025246     -0.020015     -0.017382  1    
441402.00  38534145.717667400837  3379055.271449046675     21.533859658055     21.533859658055      0.000000      0.000000      0.000000     30.531207306333    114.355801056860      0.019508     -0.069488      0.131328  4    
441403.00  38534145.709770157933  3379055.251254422590     21.501235773787     21.501235773787      0.000000      0.000000      0.000000     30.531207124401    114.355800973908      0.016439     -0.013105     -0.008858  4    
441404.00  38534145.049191378057  3379053.924255528953     22.320234989747     22.320234989747      0.000000      0.000000      0.000000     30.531195173543    114.355794047117     -0.003808      0.029676     -0.007233  1    
441405.00  38534145.050695486367  3379053.930206487421     22.294621757232     22.294621757232      0.000000      0.000000      0.000000     30.531195227178    114.355794062985     -0.010603      0.015386      0.022830  1    
441406.00  38534145.050750210881  3379053.929390571546     22.303065127693     22.303065127693      0.000000      0.000000      0.000000     30.531195219817    114.355794063528     -0.005268      0.012504     -0.069300  1    
441407.00  38534145.902785114944  3379055.423449638765     21.054571216926     21.054571216926      0.000000      0.000000      0.000000     30.531208672125    114.355802990767      0.024887     -0.007449      0.000858  1    
441408.00  38534145.892809614539  3379055.422973279376     21.065502785146     21.065502785146      0.000000      0.000000      0.000000     30.531208668112    114.355802886807      0.005103      0.002903     -0.037188  1    
441409.00  38534145.901683107018  3379055.416874028277     21.063674741425     21.063674741425      0.000000      0.000000      0.000000     30.531208612844    114.355802979067      0.021152     -0.067970      0.080996  1    
441410.00  38534145.886852689087  3379055.430877467617     21.062468296848     21.062468296848      0.000000      0.000000      0.000000     30.531208739578    114.355802824996     -0.004269      0.013049      0.022618  1    
441411.00  38534145.744731239974  3379055.233117068652     21.386735918000     21.386735918000      0.000000      0.000000      0.000000     30.531206959805    114.355801337603      0.027977     -0.026486     -0.012194  4    
441412.00  38534145.088158637285  3379053.839311838616     24.477425162680     24.477425162680      0.000000      0.000000      0.000000     30.531194406234    114.355794450360      0.007236      0.002226     -0.036774  1    
441413.00  38534145.087876975536  3379053.839147785679     24.486598392949     24.486598392949      0.000000      0.000000      0.000000     30.531194404762    114.355794447419      0.023264     -0.012945      0.026903  1    
441414.00  38534145.720347277820  3379055.238797635771     21.416897550225     21.416897550225      0.000000      0.000000      0.000000     30.531207011738    114.355801083711     -0.003661      0.011335     -0.050722  4    
441415.00  38534145.699235275388  3379055.288561140653     21.428794615902     21.428794615902      0.000000      0.000000      0.000000     30.531207461211    114.355800865362      0.026161     -0.020657     -0.068752  4    
441416.00  38534145.829359374940  3379055.107163711451     21.202097304165     21.202097304165      0.000000      0.000000      0.000000     30.531205821286    114.355802215280      0.021685      0.016474      0.010371  1    
441417.00  38534145.827622272074  3379055.090832025278     21.211702684872     21.211702684872      0.000000      0.000000      0.000000     30.531205674022    114.355802196643     -0.005061     -0.010472     -0.019477  1    
441418.00  38534145.171728290617  3379055.474629655480     21.552117677405     21.552117677405      0.000000      0.000000      0.000000     30.531209154577    114.355795374903      0.031506     -0.024525     -0.025427  1    
441419.00  38534145.168262071908  3379055.475455419160     21.552040479146     21.552040479146      0.000000      0.000000      0.000000     30.531209162124    114.355795338812      0.001664     -0.022253      0.094094  1    
441420.00  38534145.837055131793  3379055.104597368743     21.167628639378     21.167628639378      0.000000      0.000000      0.000000     30.531205797918    114.355802295385      0.015413      0.002438      0.015889  1    
441421.00  38534144.919811300933  3379055.858093049843     24.959080321714     24.959080321714      0.000000      0.000000      0.000000     30.531212620621    114.355792762555     -0.032098      0.087934     -0.071382  1    
441422.00  38534145.266772709787  3379055.687919924501     24.351481995545     24.351481995545      0.000000      0.000000      0.000000     30.531211075770    114.355796372268     -0.027098      0.058461     -0.106771  1    
441423.00  38534145.264864660800  3379055.697642800864     24.389149007387     24.389149007387      0.000000      0.000000      0.000000     30.531211163526    114.355796352706      0.027887     -0.070123      0.150885  1    
441424.00  38534144.964873909950  3379055.141658512875     24.879255717620     24.879255717620      0.000000      0.000000      0.000000     30.531206157032    114.355793208554      0.007407      0.025131     -0.017104  6    
441425.00  38534145.245070904493  3379055.153593643568     24.247860250063     24.247860250063      0.000000      0.000000      0.000000     30.531206256715    114.355796128573      0.007894     -0.002354     -0.040018  6    
441426.00  38534145.101239100099  3379055.081610054243     24.801020555198     24.801020555198      0.000000      0.000000      0.000000     30.531205611509    114.355794627493     -0.005704      0.013063     -0.015975  6    
441427.00  38534145.053994290531  3379055.088637776673     24.997517478652     24.997517478652      0.000000      0.000000      0.000000     30.531205676244    114.355794135437      0.005351      0.017401     -0.035950  6    
441428.00  38534144.946853451431  3379055.114539260045     25.657608523965     25.657608523965      0.000000      0.000000      0.000000     30.531205912926    114.355793019891     -0.013693      0.008861      0.001530  6    
441429.00  38534145.500980362296  3379055.210595931392     24.109490763396     24.109490763396      0.000000      0.000000      0.000000     30.531206763599    114.355798797000     -0.006512      0.007635     -0.025094  1    
441430.00  38534145.040761403739  3379055.203431070782     25.371763641946     25.371763641946      0.000000      0.000000      0.000000     30.531206712067    114.355794001325      0.000208      0.029382     -0.050942  6    
441431.00  38534145.074151910841  3379055.243036180269     25.069535644725     25.069535644725      0.000000      0.000000      0.000000     30.531207068358    114.355794350553      0.011462      0.017972     -0.024944  6    
441432.00  38534144.923336789012  3379055.278427576181     25.752943354659     25.752943354659      0.000000      0.000000      0.000000     30.531207391884    114.355792780236      0.000863     -0.013172     -0.016642  6    
441433.00  38534144.755142733455  3379055.114958844613     26.997452065349     26.997452065349      0.000000      0.000000      0.000000     30.531205922166    114.355791022296     -0.005734      0.008337     -0.044446  1    
441434.00  38534145.015142217278  3379055.415074563120     25.051248375326     25.051248375326      0.000000      0.000000      0.000000     30.531208621840    114.355793741332     -0.013339     -0.051353      0.111178  6    
441435.00  38534145.036909602582  3379057.817837605253     22.031459073536     22.031459073536      0.000000      0.000000      0.000000     30.531230294369    114.355794047128      0.021263      0.003825     -0.065678  1    
441436.00  38534144.578854367137  3379055.562503419816     29.394714797847     29.394714797847      0.000000      0.000000      0.000000     30.531209964077    114.355789200099      0.010650     -0.000165     -0.010607  1    
441437.00  38534144.681626573205  3379057.681508820970     21.771515069529     21.771515069529      0.000000      0.000000      0.000000     30.531229074780    114.355790340629      0.002677      0.176439     -0.547910  1    
441438.00  38534145.309812664986  3379056.350955783390     22.837857721373     22.837857721373      0.000000      0.000000      0.000000     30.531217055192    114.355796842536      0.020280      0.037819     -0.061241  1    
441439.00  38534144.635590299964  3379055.522441538982     26.016224235296     26.016224235296      0.000000      0.000000      0.000000     30.531209601100    114.355789789965     -0.001591      0.007624     -0.018319  1    
441440.00  38534144.638874381781  3379055.515776204877     26.022419636138     26.022419636138      0.000000      0.000000      0.000000     30.531209540885    114.355789823966     -0.043243     -0.009238     -0.015190  1    
441441.00  38534144.994826309383  3379055.622908345889     24.206115175039     24.206115175039      0.000000      0.000000      0.000000     30.531210497098    114.355793536474      0.009487     -0.013579      0.005197  5    
441442.00  38534144.846109867096  3379055.660783534870     21.258609978482     21.258609978482      0.000000      0.000000      0.000000     30.531210842968    114.355791988107     -0.013789      0.025482     -0.012187  1    
441443.00  38534144.949191622436  3379055.852749028243     24.907543408684     24.907543408684      0.000000      0.000000      0.000000     30.531212571581    114.355793068520      0.015460     -0.022211      0.010600  1    
441444.00  38534144.954273223877  3379055.862757982221     24.848193746991     24.848193746991      0.000000      0.000000      0.000000     30.531212661718    114.355793121799      0.003527      0.049638     -0.056971  1    
441445.00  38534144.962438799441  3379055.857224383391     24.866518885829     24.866518885829      0.000000      0.000000      0.000000     30.531212611573    114.355793206702      0.000536      0.033851     -0.052094  1    
441446.00  38534144.962834492326  3379055.838130265474     24.880034075119     24.880034075119      0.000000      0.000000      0.000000     30.531212439331    114.355793210197      0.030802     -0.051465      0.043132  1    
441447.00  38534144.956407286227  3379055.844370525330     24.904435614124     24.904435614124      0.000000      0.000000      0.000000     30.531212495801    114.355793143431      0.031600      0.009233     -0.112577  1    
441448.00  38534145.020403936505  3379055.682456846815     24.116550652310     24.116550652310      0.000000      0.000000      0.000000     30.531211033504    114.355793804948      0.024314      0.019774     -0.037988  5    
441449.00  38534145.101716078818  3379055.519498668611     23.828259290196     23.828259290196      0.000000      0.000000      0.000000     30.531209561292    114.355794646857      0.003589     -0.392076     -0.116761  5    
441450.00  38534145.529428005219  3379055.312117912341     22.157761699520     22.157761699520      0.000000      0.000000      0.000000     30.531207678527    114.355799096759      0.447040     -0.709099      0.742026  5    
441451.00  38534145.188711218536  3379055.011609237641     21.166750027798     21.166750027798      0.000000      0.000000      0.000000     30.531204977606    114.355795536643     -0.003928     -0.867357      0.009931  6    
441452.00  38534145.090354211628  3379054.467419879977     20.723174064420     20.723174064420      0.000000      0.000000      0.000000     30.531200071765    114.355794493884      0.104373     -0.484691     -0.095746  6    
441453.00  38534145.639444090426  3379053.281508805696     22.147049015388     22.147049015388      0.000000      0.000000      0.000000     30.531189359111    114.355800176367      0.043455     -1.059564     -0.216851  6    
441454.00  38534145.871837079525  3379052.152204848826     22.753058886155     22.753058886155      0.000000      0.000000      0.000000     30.531179166070    114.355802560758      0.066044     -0.845291     -0.021685  6    
441455.00  38534146.002979978919  3379051.088726091664     23.048492727801     23.048492727801      0.000000      0.000000      0.000000     30.531169569660    114.355803892296     -0.078253     -1.017505      0.172079  6    
441456.00  38534146.117488272488  3379049.898444124963     23.614769311622     23.614769311622      0.000000      0.000000      0.000000     30.531158829946    114.355805046335      0.020563     -0.817183     -0.092642  6    
441457.00  38534146.198099032044  3379048.900262220297     23.443223509006     23.443223509006      0.000000      0.000000      0.000000     30.531149823957    114.355805853479     -0.060062     -1.244005      0.300579  6    
441458.00  38534146.628325238824  3379048.267933335155     22.354017600417     22.354017600417      0.000000      0.000000      0.000000     30.531144108049    114.355810315608     -0.041284     -1.054593     -0.060935  1    
441459.00  38534146.346895501018  3379047.038669387810     22.089090835303     22.089090835303      0.000000      0.000000      0.000000     30.531133027981    114.355807342729     -0.053801     -0.859927      0.138876  6    
441460.00  38534146.338222332299  3379045.975347044878     22.329183009453     22.329183009453      0.000000      0.000000      0.000000     30.531123436960    114.355807217401      0.024679     -0.994267      0.300397  6    
441461.00  38534146.367770083249  3379044.898164866492     22.468450430781     22.468450430781      0.000000      0.000000      0.000000     30.531113719834    114.355807489876     -0.015179     -1.066926     -0.005801  6    
441462.00  38534146.243422240019  3379044.006157780997     22.066738675348     22.066738675348      0.000000      0.000000      0.000000     30.531105677385    114.355806164862      0.043717     -1.044560      0.046625  6    
441463.00  38534145.888406723738  3379043.015922246967     23.173966579139     23.173966579139      0.000000      0.000000      0.000000     30.531096755469    114.355802433085     -0.053012     -1.036695      0.032832  6    
441464.00  38534145.927020378411  3379041.978685777169     22.780457850546     22.780457850546      0.000000      0.000000      0.000000     30.531087398400    114.355802801340      0.052430     -1.158816     -0.082624  6    
441465.00  38534145.960138514638  3379040.943640390877     22.829698367044     22.829698367044      0.000000      0.000000      0.000000     30.531078061250    114.355803112403      0.079862     -1.226573     -0.118695  6    
441466.00  38534145.951632842422  3379039.917515083682     22.988245282322     22.988245282322      0.000000      0.000000      0.000000     30.531068805745    114.355802990045     -0.013728     -0.763116     -0.066439  6    
441467.00  38534146.232289500535  3379039.539937057998     20.310724879615     20.310724879615      0.000000      0.000000      0.000000     30.531065391970    114.355805902046     -0.014456     -1.039941      0.272706  6    
441468.00  38534146.048916757107  3379038.068529192358     22.164311794564     22.164311794564      0.000000      0.000000      0.000000     30.531052124950    114.355803942953      0.080551     -1.194716     -0.368764  6    
441469.00  38534146.227859899402  3379036.908101844601     22.391101936810     22.391101936810      0.000000      0.000000      0.000000     30.531041652694    114.355805769376      0.033708     -0.965310     -0.078125  6    
441470.00  38534146.182119578123  3379036.153504743241     22.046056014486     22.046056014486      0.000000      0.000000      0.000000     30.531034847458    114.355805267961      0.030215     -0.777792      0.045799  5    
441471.00  38534146.153084069490  3379035.338077181950     22.355999058113     22.355999058113      0.000000      0.000000      0.000000     30.531027493051    114.355804938610     -0.076277     -0.941756     -0.334703  5    
441472.00  38534146.211712136865  3379034.439114158973     22.290247101337     22.290247101337      0.000000      0.000000      0.000000     30.531019382652    114.355805519957     -0.034604     -0.871671     -0.140662  5    
441473.00  38534146.259354174137  3379033.677016705740     21.577564055100     21.577564055100      0.000000      0.000000      0.000000     30.531012507105    114.355805991330     -0.000688     -0.825923      0.583644  5    
441474.00  38534146.331636145711  3379032.949025498237     21.444020833820     21.444020833820      0.000000      0.000000      0.000000     30.531005938499    114.355806720570      0.037687     -0.852882     -0.204455  5    
441475.00  38534146.385761186481  3379032.181194954086     21.247741946951     21.247741946951      0.000000      0.000000      0.000000     30.530999011054    114.355807259306     -0.081533     -0.726569     -0.008017  5    
441476.00  38534146.589560054243  3379031.131640670821     19.826739076525     19.826739076525      0.000000      0.000000      0.000000     30.530989538176    114.355809348366     -0.028327     -1.004131      0.390922  6    
441477.00  38534146.720474027097  3379030.083788765594     19.398615864106     19.398615864106      0.000000      0.000000      0.000000     30.530980082728    114.355810678029      0.140842     -1.079268      0.098600  6    
441478.00  38534146.665260292590  3379029.447427188978     17.953666530550     17.953666530550      0.000000      0.000000      0.000000     30.530974344258    114.355810081790      0.286667     -1.067960      0.084746  1    
441479.00  38534147.033792264760  3379028.182100154459     19.202902087942     19.202902087942      0.000000      0.000000      0.000000     30.530962920401    114.355813880256      0.741428     -0.892976     -0.042615  5    
441480.00  38534147.901535443962  3379027.530613385607     19.140297131613     19.140297131613      0.000000      0.000000      0.000000     30.530957019236    114.355822900622      1.035630     -0.440608     -0.110594  5    
441481.00  38534148.654258862138  3379027.195002205670     19.146241494454     19.146241494454      0.000000      0.000000      0.000000     30.530953970570    114.355830732878      0.631232     -0.219568     -0.380993  5    
441482.00  38534149.568610042334  3379027.239745869301     18.165418551303     18.165418551303      0.000000      0.000000      0.000000     30.530954348142    114.355840261781      0.827938     -0.127278      0.167270  1    
441483.00  38534150.098704636097  3379027.265883872285     19.130466520786     19.130466520786      0.000000      0.000000      0.000000     30.530954568823    114.355845786164      0.830057      0.211871      0.179219  1    
441484.00  38534151.235617876053  3379027.369647733867     18.748576621525     18.748576621525      0.000000      0.000000      0.000000     30.530955472426    114.355857636077      0.858365      0.305499     -0.150719  5    
441485.00  38534152.004365026951  3379027.428366792388     19.049985283054     19.049985283054      0.000000      0.000000      0.000000     30.530955980199    114.355865648263      1.090980     -0.064850      0.078992  6    
441486.00  38534152.966556027532  3379027.457973854151     19.091205328703     19.091205328703      0.000000      0.000000      0.000000     30.530956219872    114.355875675153      1.042581     -0.215204      0.027569  1    
441487.00  38534153.656350344419  3379026.900140377227     19.904456789605     19.904456789605      0.000000      0.000000      0.000000     30.530951168529    114.355882844388      0.765781     -0.021523      0.063365  5    
441488.00  38534154.656693771482  3379026.890822738875     18.334856537171     18.334856537171      0.000000      0.000000      0.000000     30.530951056011    114.355893267542      0.915882     -0.006080      0.172371  5    
441489.00  38534155.699958100915  3379026.793111675885     19.702894272283     19.702894272283      0.000000      0.000000      0.000000     30.530950144953    114.355904135021      1.053119     -0.024618      0.041066  5    
441490.00  38534157.013058736920  3379026.660489584319     20.205009543337     20.205009543337      0.000000      0.000000      0.000000     30.530948911312    114.355917813013      0.977311      0.027755      0.056409  5    
441491.00  38534158.573453567922  3379026.453028304968     20.094725598581     20.094725598581      0.000000      0.000000      0.000000     30.530946995574    114.355934065321      1.034164      0.118655     -0.051223  5    
441492.00  38534159.640880048275  3379026.481342119165     20.113787843846     20.113787843846      0.000000      0.000000      0.000000     30.530947220581    114.355945188709      1.240193      0.157455     -0.028887  5    
441493.00  38534160.536183595657  3379026.722266482655     18.744413442910     18.744413442910      0.000000      0.000000      0.000000     30.530949368255    114.355954525589      0.798649     -0.025688      0.118407  5    
441494.00  38534161.190105378628  3379027.364822886419     18.985706222244     18.985706222244      0.000000      0.000000      0.000000     30.530955145558    114.355961360508      0.970769      0.051413     -0.071327  5    
441495.00  38534162.660076782107  3379026.855462600011     18.306878038682     18.306878038682      0.000000      0.000000      0.000000     30.530950509232    114.355976660685      1.282730     -0.057777     -0.179378  5    
441496.00  38534163.281574435532  3379027.055734995287     20.092210775241     20.092210775241      0.000000      0.000000      0.000000     30.530952298014    114.355983143204      1.100325      0.033906     -0.132170  5    
441497.00  38534164.604137606919  3379026.895717820618     21.061150235124     21.061150235124      0.000000      0.000000      0.000000     30.530950816989    114.355996918893      0.998382     -0.091727      0.078183  5    
441498.00  38534165.553009338677  3379026.977760431822     19.571897340938     19.571897340938      0.000000      0.000000      0.000000     30.530951530005    114.356006808723      1.036555     -0.182235     -0.037349  6    
441499.00  38534166.735541090369  3379027.811303834897     17.617726242170     17.617726242170      0.000000      0.000000      0.000000     30.530959014976    114.356019157981      0.848065     -0.142905      0.018744  6    
441500.00  38534167.609111092985  3379027.038798126392     19.617314989679     19.617314989679      0.000000      0.000000      0.000000     30.530952022028    114.356028235068      0.934320     -0.097113     -0.026065  6    
441501.00  38534168.401704646647  3379027.181857710239     20.547674085014     20.547674085014      0.000000      0.000000      0.000000     30.530953289870    114.356036498505      1.171243      0.172391      0.027494  6    
441502.00  38534169.400859326124  3379027.201365577988     20.654923176393     20.654923176393      0.000000      0.000000      0.000000     30.530953437382    114.356046910221      1.159051      0.015641     -0.130752  6    
441503.00  38534171.895230241120  3379026.527246669866     14.153088882565     14.153088882565      0.000000      0.000000      0.000000     30.530947285736    114.356072879095      0.580835     -0.008362     -0.009426  6    
441504.00  38534171.961681440473  3379026.847074479330     17.487466112711     17.487466112711      0.000000      0.000000      0.000000     30.530950168720    114.356073582030      1.022683      0.007658     -0.000939  6    
441505.00  38534171.553660452366  3379027.378463599365     22.858325491659     22.858325491659      0.000000      0.000000      0.000000     30.530954973520    114.356069347981      0.847551     -0.033920     -0.047394  6    
441506.00  38534173.088139407337  3379027.702368359547     19.123370657675     19.123370657675      0.000000      0.000000      0.000000     30.530957851473    114.356085347726      0.735639     -0.125159      0.168110  6    
441507.00  38534174.293463923037  3379027.018512967508     20.289058196358     20.289058196358      0.000000      0.000000      0.000000     30.530951648706    114.356097884568      1.260223     -0.163001      0.021233  5    
441508.00  38534175.610023997724  3379026.873442342971     19.996500990354     19.996500990354      0.000000      0.000000      0.000000     30.530950302660    114.356111598196      1.149713      0.035131      0.013867  5    
441509.00  38534176.376421064138  3379027.646153901238     20.292415931821     20.292415931821      0.000000      0.000000      0.000000     30.530957250763    114.356119609385      0.895271     -0.031645      0.620029  6    
441510.00  38534177.418582193553  3379027.065461971331     22.284203809686     22.284203809686      0.000000      0.000000      0.000000     30.530951983185    114.356130449476      1.348356     -0.029323      0.000999  5    
441511.00  38534178.926990255713  3379026.958035709336     19.163609053008     19.163609053008      0.000000      0.000000      0.000000     30.530950971227    114.356146163375      1.168228     -0.140659      0.205873  6    
441512.00  38534180.451211161911  3379026.738865728024     19.638951588422     19.638951588422      0.000000      0.000000      0.000000     30.530948950877    114.356162038365      1.117964      0.024689     -0.169378  1    
441513.00  38534179.514459669590  3379027.710313222837     28.173744161613     28.173744161613      0.000000      0.000000      0.000000     30.530957740108    114.356152309490      1.148455      0.184265      0.209498  6    
441514.00  38534181.561118312180  3379027.527390791569     24.567127518356     24.567127518356      0.000000      0.000000      0.000000     30.530956031832    114.356173629413      1.475812      0.344902     -0.258202  6    
441515.00  38534183.228342413902  3379027.455221942160     22.755063654855     22.755063654855      0.000000      0.000000      0.000000     30.530955333369    114.356190999316      1.182120     -0.146182      0.403527  6    
441516.00  38534184.476932190359  3379027.428123983089     22.327752405778     22.327752405778      0.000000      0.000000      0.000000     30.530955053374    114.356204008583      1.276024      0.026899      0.130208  6    
441517.00  38534185.886815749109  3379027.593555998523     20.425716303289     20.425716303289      0.000000      0.000000      0.000000     30.530956505421    114.356218704848      1.250421      0.116983      0.093034  6    
441518.00  38534187.061552211642  3379027.658602110110     20.585479097441     20.585479097441      0.000000      0.000000      0.000000     30.530957058675    114.356230947604      1.378332      0.125648     -0.136013  6    
441519.00  38534188.518860042095  3379027.601184199098     20.409098671749     20.409098671749      0.000000      0.000000      0.000000     30.530956499241    114.356246130690      1.432679      0.106066      0.070957  6    
441520.00  38534189.660660713911  3379027.694266546983     20.276540432125     20.276540432125      0.000000      0.000000      0.000000     30.530957306321    114.356258031182      0.941186     -0.063938     -0.218731  6    
441521.00  38534191.031176470220  3379028.435366065707     18.265681528486     18.265681528486      0.000000      0.000000      0.000000     30.530963952058    114.356272336189      1.068551     -0.156930      0.182637  6    
441522.00  38534192.301835335791  3379028.432614179794     17.994271894917     17.994271894917      0.000000      0.000000      0.000000     30.530963891030    114.356285576215      1.291121     -0.127597     -0.269856  6    
441523.00  38534193.452329300344  3379028.438746103086     18.049377004616     18.049377004616      0.000000      0.000000      0.000000     30.530963913557    114.356297564429      1.351199     -0.291008      0.186743  6    
441524.00  38534194.540188618004  3379028.188137383666     17.968830951490     17.968830951490      0.000000      0.000000      0.000000     30.530961622044    114.356308891546      1.150380     -0.134987     -0.048321  6    
441525.00  38534195.836314834654  3379028.143785000313     17.267073439434     17.267073439434      0.000000      0.000000      0.000000     30.530961185045    114.356322395569      1.124103     -0.201290     -0.187505  6    
441526.00  38534196.651032336056  3379027.228542642202     17.862246993929     17.862246993929      0.000000      0.000000      0.000000     30.530952906256    114.356330854699      1.136500     -0.230244     -0.453441  6    
441527.00  38534197.678452551365  3379026.846525465604     17.130111165345     17.130111165345      0.000000      0.000000      0.000000     30.530949431145    114.356341547720      1.385461      0.021170      0.124202  6    
441528.00  38534198.907596878707  3379027.336079332046     18.004780854098     18.004780854098      0.000000      0.000000      0.000000     30.530953811937    114.356354371375      1.324458      0.290999      0.087812  6    
441529.00  38534200.064893245697  3379027.499264781363     18.638090329245     18.638090329245      0.000000      0.000000      0.000000     30.530955250902    114.356366435639      0.989043      0.084801      0.248587  6    
441530.00  38534201.338633373380  3379027.447321748361     18.704464584589     18.704464584589      0.000000      0.000000      0.000000     30.530954746068    114.356379706151      0.976463      0.459631      0.610162  6    
441531.00  38534202.240809977055  3379028.864440736361     18.179676665924     18.179676665924      0.000000      0.000000      0.000000     30.530967502900    114.356389153384      1.058811      0.650591     -0.173296  6    
441532.00  38534202.578505523503  3379027.554601235781     20.729334336706     20.729334336706      0.000000      0.000000      0.000000     30.530955678399    114.356392629004      0.923055      0.840232      0.563863  6    
441533.00  38534203.152588695288  3379029.751048347913     18.349683200940     18.349683200940      0.000000      0.000000      0.000000     30.530975474195    114.356398683205      0.614855      1.184227      0.213764  6    
441534.00  38534203.476640261710  3379030.616927592084     18.327989498153     18.327989498153      0.000000      0.000000      0.000000     30.530983275270    114.356402088296      0.113078      1.239811     -0.158514  6    
441535.00  38534204.170633435249  3379032.032249288633     16.613681077026     16.613681077026      0.000000      0.000000      0.000000     30.530996021823    114.356409366228      0.153437      1.337270     -0.204191  6    
441536.00  38534204.397888690233  3379033.658190902788     19.848855714314     19.848855714314      0.000000      0.000000      0.000000     30.531010681491    114.356411787741     -0.145736      1.190927      0.807571  6    
441537.00  38534204.143075242639  3379033.570122689940     22.646056567319     22.646056567319      0.000000      0.000000      0.000000     30.531009894371    114.356409129714     -0.011836      1.091986     -0.498573  6    
441538.00  38534204.152575492859  3379036.044202796649     19.930957073346     19.930957073346      0.000000      0.000000      0.000000     30.531032210535    114.356409310171     -0.276070      1.253837      0.597192  6    
441539.00  38534204.652036741376  3379035.990050753113     22.361767509021     22.361767509021      0.000000      0.000000      0.000000     30.531031707841    114.356414512719     -0.224274      0.675310     -0.399758  6    
441540.00  38534203.147397913039  3379032.248423339333     25.978974624537     25.978974624537      0.000000      0.000000      0.000000     30.530998000900    114.356398711348     -0.141293      1.118873      0.330466  6    
441541.00  38534204.393876694143  3379037.142359354068     24.066059272736     24.066059272736      0.000000      0.000000      0.000000     30.531042109132    114.356411860663     -0.490093      1.190710      0.984194  6    
441542.00  38534203.331267990172  3379038.303827528842     25.579482469708     25.579482469708      0.000000      0.000000      0.000000     30.531052615972    114.356400826640      0.285097      1.703756     -1.366048  6    
441543.00  38534203.799404568970  3379040.769960713107     21.418530403636     21.418530403636      0.000000      0.000000      0.000000     30.531074847381    114.356405785776     -0.068433      0.736411      1.066466  6    
441544.00  38534203.586862996221  3379042.620275210589     17.447314149700     17.447314149700      0.000000      0.000000      0.000000     30.531091543449    114.356403632042     -0.063258      1.541106      0.146826  6    
441545.00  38534203.289831534028  3379038.757103750017     26.953851056285     26.953851056285      0.000000      0.000000      0.000000     30.531056705747    114.356400409802      0.398695      1.489358     -2.342763  6    
441546.00  38534202.706357456744  3379039.399001474958     23.410284042358     23.410284042358      0.000000      0.000000      0.000000     30.531062512356    114.356394351200      0.020839      1.235135      0.130502  6    
441547.00  38534203.060305349529  3379043.547922873870     21.384974726476     21.384974726476      0.000000      0.000000      0.000000     30.531099925927    114.356398175910     -0.056462      1.102236      0.352232  6    
441548.00  38534203.304864622653  3379045.907897029072     21.936371010728     21.936371010728      0.000000      0.000000      0.000000     30.531121206144    114.356400801900      0.250588      1.343353     -0.337990  6    
441549.00  38534203.440035015345  3379046.478921533097     25.064470888115     25.064470888115      0.000000      0.000000      0.000000     30.531126352986    114.356402229164      0.250588      1.343353     -0.337989  6    
441550.00  38534205.031635314226  3379048.202774209902     23.227451365441     23.227451365441      0.000000      0.000000      0.000000     30.531141856930    114.356418870245      0.060959      1.300296     -0.038792  6    
441551.00  38534204.466312274337  3379050.006777892355     24.677219028585     24.677219028585      0.000000      0.000000      0.000000     30.531158145327    114.356413039037      0.019372      1.338390     -0.096242  6    
441552.00  38534204.212763294578  3379050.076690614689     24.691964766942     24.691964766942      0.000000      0.000000      0.000000     30.531158783173    114.356410399383     -0.033884      1.238466     -0.509994  6    
441553.00  38534204.270988211036  3379048.412512437440     23.271688484587     23.271688484587      0.000000      0.000000      0.000000     30.531143770471    114.356410951283     -0.033884      1.238466     -0.509994  6    
441554.00  38534203.807892084122  3379048.805803350173     22.280440055765     22.280440055765      0.000000      0.000000      0.000000     30.531147331192    114.356406138817     -0.317029      0.808747      2.187304  6    
441555.00  38534203.101173028350  3379049.992710514460     21.096869676374     21.096869676374      0.000000      0.000000      0.000000     30.531158057350    114.356398813955     -0.317029      0.808747      2.187305  6    
441556.00  38534202.150830850005  3379051.973234481178     19.720977878198     19.720977878198      0.000000      0.000000      0.000000     30.531175948949    114.356388976692     -0.317029      0.808746      2.187305  6    
441557.00  38534200.956865288317  3379054.747375944164     18.152765509672     18.152765509672      0.000000      0.000000      0.000000     30.531201005996    114.356376627022     -0.317028      0.808745      2.187305  6    
441558.00  38534199.519276060164  3379058.315135736018     16.392233745195     16.392233745195      0.000000      0.000000      0.000000     30.531233228496    114.356361764938     -0.317028      0.808744      2.187306  6    
441559.00  38534197.838062830269  3379062.676514836960     14.439384091645     14.439384091645      0.000000      0.000000      0.000000     30.531272616457    114.356344390431     -0.317028      0.808742      2.187306  6    
441560.00  38534198.079921253026  3379064.394098999444     13.355803828686     13.355803828686      0.000000      0.000000      0.000000     30.531288102334    114.356346967122     -0.270617      1.205733      0.518985  6    
441561.00  38534198.697212472558  3379065.923182726838     12.383214558475     12.383214558475      0.000000      0.000000      0.000000     30.531301877220    114.356353449588     -0.270617      1.205733      0.518986  6    
441562.00  38534199.689936622977  3379067.263765852433     11.521616250277     11.521616250277      0.000000      0.000000      0.000000     30.531313941112    114.356363837830     -0.270617      1.205733      0.518986  6    
441563.00  38534201.058093808591  3379068.415848230477     10.771008964628     10.771008964628      0.000000      0.000000      0.000000     30.531324294008    114.356378131852     -0.270617      1.205733      0.518986  6    
441564.00  38534202.801684096456  3379069.379429735243     10.131392840296     10.131392840296      0.000000      0.000000      0.000000     30.531332935905    114.356396331653     -0.270617      1.205733      0.518986  6    
441565.00  38534204.920707508922  3379070.154510257766      9.602768092416      9.602768092416      0.000000      0.000000      0.000000     30.531339866803    114.356418437235     -0.270617      1.205733      0.518986  6    
441566.00  38534203.957170255482  3379069.282002796885     21.949124575593     21.949124575593      0.000000      0.000000      0.000000     30.531332024169    114.356408368521      0.040846      0.959261     -0.101670  6    
441567.00  38534201.870351634920  3379068.756486831233     24.956194388680     24.956194388680      0.000000      0.000000      0.000000     30.531327343448    114.356386606730     -0.142350      1.126978      0.032840  6    
441568.00  38534202.802145592868  3379072.325980101712     17.018677249551     17.018677249551      0.000000      0.000000      0.000000     30.531359514052    114.356396433483     -0.066938      1.167314     -0.156695  6    
441569.00  38534203.945067048073  3379072.980424306355     15.235680163838     15.235680163838      0.000000      0.000000      0.000000     30.531365384621    114.356408364188      0.059618      1.310609     -0.807444  6    
441570.00  38534205.406383328140  3379074.825009735301     13.386870756745     13.386870756745      0.000000      0.000000      0.000000     30.531381981299    114.356423651737      0.156925      1.098897     -0.447420  6    
441571.00  38534203.590308964252  3379074.425280566327     16.681916544214     16.681916544214      0.000000      0.000000      0.000000     30.531378427472    114.356404715212     -0.827489      1.262952      1.982325  6    
441572.00  38534201.747802630067  3379073.705324187409     30.239711657166     30.239711657166      0.000000      0.000000      0.000000     30.531371985916    114.356385492725      0.243046      1.213641      0.094660  6    
441573.00  38534201.626359425485  3379074.507930734195     30.914829872549     30.914829872549      0.000000      0.000000      0.000000     30.531379228963    114.356384253722      0.013979      1.000630     -0.553388  6    
441574.00  38534203.225978076458  3379076.833104607183     18.707271669991     18.707271669991      0.000000      0.000000      0.000000     30.531400156654    114.356400998194      0.013979      1.000630     -0.553388  6    
441575.00  38534203.599865958095  3379078.158487291541     15.675430282019     15.675430282019      0.000000      0.000000      0.000000     30.531412101072    114.356404937721     -0.300293      1.123760      0.481402  6    
441576.00  38534203.730286240578  3379079.324863042217     14.466507764533     14.466507764533      0.000000      0.000000      0.000000     30.531422618173    114.356406335098     -0.300293      1.123760      0.481402  6    
441577.00  38534203.617238678038  3379080.332230764441     15.080504011363     15.080504011363      0.000000      0.000000      0.000000     30.531431707946    114.356405190321     -0.300293      1.123760      0.481402  6    
441578.00  38534203.260723441839  3379081.180589633528     17.517418961972     17.517418961972      0.000000      0.000000      0.000000     30.531439370384    114.356401503391     -0.300293      1.123760      0.481402  6    
441579.00  38534202.561517663300  3379082.974719597492     20.983724314719     20.983724314719      0.000000      0.000000      0.000000     30.531455573533    114.356394276788     -0.198328      1.157013      0.835917  6    
441580.00  38534203.929405853152  3379084.754782096948     22.059240372851     22.059240372851      0.000000      0.000000      0.000000     30.531471590872    114.356408588709     -0.094834      1.049689      0.784836  6    
441581.00  38534204.519345968962  3379085.366782269906     25.173561546020     25.173561546020      0.000000      0.000000      0.000000     30.531477094355    114.356414756000      0.306774      1.036445     -0.339069  6    
441582.00  38534199.156102299690  3379085.734445256181     26.244438609108     26.244438609108      0.000000      0.000000      0.000000     30.531480563577    114.356358883441     -0.606242      1.582690     -0.254281  6    
441583.00  38534202.285314016044  3379088.612583804876     24.490136122331     24.490136122331      0.000000      0.000000      0.000000     30.531506435466    114.356391584401      0.559441      0.566812     -0.840157  6    
441584.00  38534204.845892660320  3379090.087437858339     22.506265033968     22.506265033968      0.000000      0.000000      0.000000     30.531519665799    114.356418314044     -0.188643      1.242999      0.290303  6    
441585.00  38534205.337223954499  3379089.434742157348     27.645510171540     27.645510171540      0.000000      0.000000      0.000000     30.531513764418    114.356423412195      0.014925      1.317016      0.091728  6    
441586.00  38534206.332414619625  3379090.176176150329     27.910092087463     27.910092087463      0.000000      0.000000      0.000000     30.531520423852    114.356433806439     -0.010163      1.621711     -0.018444  6    
441587.00  38534204.893275059760  3379093.239209694322     26.084192898124     26.084192898124      0.000000      0.000000      0.000000     30.531548093724    114.356418911552      0.020335      1.312814     -0.340569  6    
441588.00  38534205.151990555227  3379093.256856165361     26.299933892675     26.299933892675      0.000000      0.000000      0.000000     30.531548245522    114.356421607934     -0.057515      1.230957     -0.146292  6    
441589.00  38534205.442934624851  3379093.774260382168     27.396408466622     27.396408466622      0.000000      0.000000      0.000000     30.531552904262    114.356424656594     -0.082854      1.250846      0.205117  6    
441590.00  38534204.422304816544  3379095.520724068396     29.139088596217     29.139088596217      0.000000      0.000000      0.000000     30.531568686621    114.356414079196     -0.346223      1.082663      0.013239  6    
441591.00  38534204.474906377494  3379096.988822232932     30.115584969521     30.115584969521      0.000000      0.000000      0.000000     30.531581927503    114.356414675644      0.159682      1.543312      0.700268  6    
441592.00  38534205.703919865191  3379097.963193608448     28.698896184564     28.698896184564      0.000000      0.000000      0.000000     30.531590681390    114.356427513988      0.318752      1.440180      0.996586  6    
441593.00  38534205.000655643642  3379099.955023127142     26.307167838328     26.307167838328      0.000000      0.000000      0.000000     30.531608667924    114.356420251600      0.041747      1.358068      0.550200  6    
441594.00  38534205.126666322351  3379101.393402409274     24.979153884575     24.979153884575      0.000000      0.000000      0.000000     30.531621638647    114.356421611991      0.012163      1.135309     -0.149157  6    
441595.00  38534205.366235285997  3379102.407949613873     25.773374790326     25.773374790326      0.000000      0.000000      0.000000     30.531630783128    114.356424141697     -0.065122      1.282683      0.081130  6    
441596.00  38534205.179411537945  3379105.628182790708     23.118771486916     23.118771486916      0.000000      0.000000      0.000000     30.531659835256    114.356422301044     -0.099577      1.280337      0.332073  6    
441597.00  38534205.309249542654  3379106.695468493272     23.444015225396     23.444015225396      0.000000      0.000000      0.000000     30.531669458571    114.356423689097      0.015869      1.509417     -0.333125  6    
441598.00  38534204.964885234833  3379107.498325371649     27.110236939974     27.110236939974      0.000000      0.000000      0.000000     30.531676710231    114.356420127273     -0.048882      1.603656     -0.192920  6    
441599.00  38534204.293693453074  3379109.350449243560     26.820150804706     26.820150804706      0.000000      0.000000      0.000000     30.531693435693    114.356413194471      0.165868      1.221054     -0.129639  6    
441600.00  38534203.271090053022  3379109.495514604263     29.402163328603     29.402163328603      0.000000      0.000000      0.000000     30.531694773345    114.356402543760     -0.101465      1.313593      0.428935  6    
441601.00  38534203.357109926641  3379111.845656408928     27.632921375334     27.632921375334      0.000000      0.000000      0.000000     30.531715969390    114.356403517470     -0.010390      1.399825     -0.342333  6    
441602.00  38534203.792605318129  3379112.858937645797     27.643444770947     27.643444770947      0.000000      0.000000      0.000000     30.531725096867    114.356408088682      0.291868      1.323896     -0.381049  6    
441603.00  38534204.498464614153  3379113.460306268651     28.806845685467     28.806845685467      0.000000      0.000000      0.000000     30.531730501147    114.356415463513     -0.137778      1.298531      0.220806  6    
441604.00  38534204.557674512267  3379113.913109221496     30.185748133808     30.185748133808      0.000000      0.000000      0.000000     30.531734583784    114.356416095388      0.012407      1.469631     -0.218097  6    
441605.00  38534203.398813448846  3379115.951008628588     29.176566914655     29.176566914655      0.000000      0.000000      0.000000     30.531752998859    114.356404087201     -0.082782      1.459004      0.553704  6    
441606.00  38534203.986619010568  3379116.909242912196     29.406271012500     29.406271012500      0.000000      0.000000      0.000000     30.531761625466    114.356410243669     -0.106526      0.997507     -0.354726  6    
441607.00  38534204.113851673901  3379117.829978294205     29.848567282781     29.848567282781      0.000000      0.000000      0.000000     30.531769926958    114.356411599748     -0.265833      1.241759     -0.265601  6    
441608.00  38534203.780511513352  3379118.713214689400     30.503455679864     30.503455679864      0.000000      0.000000      0.000000     30.531777903334    114.356408155438     -0.265833      1.241759     -0.265601  6    
441609.00  38534203.719576947391  3379120.353583928663     29.774375108071     29.774375108071      0.000000      0.000000      0.000000     30.531792701353    114.356407574517      0.317888      1.151946     -0.721870  6    
441610.00  38534204.157082982361  3379121.771042780019     27.976963097230     27.976963097230      0.000000      0.000000      0.000000     30.531805474492    114.356412179993      0.086981      1.420861      0.465985  6    
441611.00  38534204.184211805463  3379124.692540102638     24.166265276261     24.166265276261      0.000000      0.000000      0.000000     30.531831825896    114.356412558877      0.003702      0.807162     -1.018466  6    
441612.00  38534203.142597161233  3379125.178220156580     25.369484545663     25.369484545663      0.000000      0.000000      0.000000     30.531836236466    114.356401721270     -0.166658      1.202947      0.114016  6    
441613.00  38534203.048294901848  3379126.460465529934     24.948144873604     24.948144873604      0.000000      0.000000      0.000000     30.531847805126    114.356400780865      0.079253      0.955813      0.055315  6    
441614.00  38534203.253349103034  3379127.782029264141     23.891191145405     23.891191145405      0.000000      0.000000      0.000000     30.531859719908    114.356402961042     -0.318286      1.915798     -0.554714  6    
441615.00  38534203.459564141929  3379128.122546021361     25.999991558492     25.999991558492      0.000000      0.000000      0.000000     30.531862785523    114.356405121011     -0.061249      1.215405     -0.205936  6    
441616.00  38534202.973031625152  3379129.306727319025     24.345288963057     24.345288963057      0.000000      0.000000      0.000000     30.531873480816    114.356400090345     -0.083145      1.376628     -0.139366  6    
441617.00  38534203.320663869381  3379130.189737384673     24.799740823917     24.799740823917      0.000000      0.000000      0.000000     30.531881435739    114.356403741742      0.164035      0.875146     -0.690066  6    
441618.00  38534203.563155576587  3379131.592152229510     22.518144946545     22.518144946545      0.000000      0.000000      0.000000     30.531894078739    114.356406314681     -0.051477      1.424055     -0.066112  6    
441619.00  38534203.200477696955  3379132.235044731293     23.577342495322     23.577342495322      0.000000      0.000000      0.000000     30.531899888027    114.356402556753     -0.040597      0.808657      0.080992  6    
441620.00  38534203.382424421608  3379133.965745327529     22.485407341272     22.485407341272      0.000000      0.000000      0.000000     30.531915493920    114.356404509625     -0.091257      1.318006      0.089798  6    
441621.00  38534203.327105350792  3379135.210456372704     22.819724170491     22.819724170491      0.000000      0.000000      0.000000     30.531926722906    114.356403974187      0.082066      0.958902     -0.744505  6    
441622.00  38534203.298004895449  3379135.643794722855     21.445651918650     21.445651918650      0.000000      0.000000      0.000000     30.531930632487    114.356403685230      0.062349      0.741359      0.067802  6    
441623.00  38534204.238845057786  3379136.485352863092     20.963192692958     20.963192692958      0.000000      0.000000      0.000000     30.531938196601    114.356413516483     -0.001235      0.056092     -0.124169  6    
441624.00  38534204.549762196839  3379135.806797520723     23.392199630849     23.392199630849      0.000000      0.000000      0.000000     30.531932067106    114.356416733891      0.021390      0.022138     -0.074414  6    
441625.00  38534204.527694277465  3379137.104367892724     20.275465342216     20.275465342216      0.000000      0.000000      0.000000     30.531943771940    114.356416546672     -0.115278      0.645476     -0.149867  6    
441626.00  38534204.387553706765  3379138.246713466477     19.703272065148     19.703272065148      0.000000      0.000000      0.000000     30.531954079997    114.356415124026      0.049846      1.209179     -0.903950  6    
441627.00  38534204.729755885899  3379140.406944264658     17.918865961023     17.918865961023      0.000000      0.000000      0.000000     30.531973555724    114.356418760905      0.454422      0.548282      0.524495  6    
441628.00  38534204.715448379517  3379141.880844674539     17.882525585592     17.882525585592      0.000000      0.000000      0.000000     30.531986850850    114.356418660357     -0.178457      1.327278     -0.530629  6    
441629.00  38534203.544122286141  3379140.457447221503     17.791797982529     17.791797982529      0.000000      0.000000      0.000000     30.531974045062    114.356406408277     -0.131499      1.471236     -0.356963  6    
441630.00  38534203.937923960388  3379145.858254115097     17.330422115512     17.330422115512      0.000000      0.000000      0.000000     30.532022749614    114.356410689532     -0.019004      1.263288     -0.546465  6    
441631.00  38534204.940833605826  3379145.898070861120     18.170322775841     18.170322775841      0.000000      0.000000      0.000000     30.532023080176    114.356421141157     -0.060151      0.755594      0.179337  6    
441632.00  38534204.512566082180  3379146.639377373736     18.341161882505     18.341161882505      0.000000      0.000000      0.000000     30.532029779038    114.356416703022      0.080838      1.095545     -0.243657  6    
441633.00  38534204.289914488792  3379148.357828630600     18.776666742750     18.776666742750      0.000000      0.000000      0.000000     30.532045285973    114.356414439581      0.115556      1.048501      0.136960  6    
441634.00  38534204.671734891832  3379149.100877387449     19.887919759378     19.887919759378      0.000000      0.000000      0.000000     30.532051977458    114.356418442618      0.067459      1.139359      0.148058  6    
441635.00  38534204.763806723058  3379149.754777024500     19.369571076706     19.369571076706      0.000000      0.000000      0.000000     30.532057873068    114.356419423539     -0.083315      0.804431     -0.279565  6    
441636.00  38534204.427540600300  3379150.413022415247     18.978321484290     18.978321484290      0.000000      0.000000      0.000000     30.532063820088    114.356415941322     -0.150539      1.017967      0.585525  6    
441637.00  38534204.064470805228  3379149.475351832341     18.796356775798     18.796356775798      0.000000      0.000000      0.000000     30.532055372562    114.356412127258      0.024365      1.146438      0.052564  6    
441638.00  38534203.718108855188  3379152.955140947364     16.543440891430     16.543440891430      0.000000      0.000000      0.000000     30.532086770454    114.356408632753      0.000367      1.371425     -0.385820  6    
441639.00  38534203.431984879076  3379154.160373827908     16.121073769405     16.121073769405      0.000000      0.000000      0.000000     30.532097649922    114.356405691028     -0.139721      0.020869      0.026573  6    
441640.00  38534203.111038319767  3379154.385376728605     14.584926556796     14.584926556796      0.000000      0.000000      0.000000     30.532099688618    114.356402354172      0.002369     -0.010997     -0.019225  1    
441641.00  38534202.793356195092  3379154.811713319737     15.332565830089     15.332565830089      0.000000      0.000000      0.000000     30.532103543268    114.356399057962     -0.019729     -0.029408      0.010406  1    
441642.00  38534202.764127090573  3379154.942092763260     15.297008418478     15.297008418478      0.000000      0.000000      0.000000     30.532104720136    114.356398757688     -0.002854     -0.003990      0.048770  1    
441643.00  38534202.845386266708  3379154.506400056183     17.648980243132     17.648980243132      0.000000      0.000000      0.000000     30.532100787831    114.356399590062     -0.012137     -0.002034     -0.050121  1    
441644.00  38534202.859127178788  3379154.513911387417     17.684158915654     17.684158915654      0.000000      0.000000      0.000000     30.532100855193    114.356399733490      0.013047      0.005816     -0.065132  1    
441645.00  38534202.821418672800  3379154.632660920266     17.632621340454     17.632621340454      0.000000      0.000000      0.000000     30.532101927399    114.356399344477     -0.006019      0.108626      0.021112  1    
441646.00  38534202.194389864802  3379153.213766670320     21.832904930227     21.832904930227      0.000000      0.000000      0.000000     30.532089146715    114.356392764113     -0.007002     -0.014794     -0.022325  1    
441647.00  38534201.436253890395  3379152.375371307135     21.569227785803     21.569227785803      0.000000      0.000000      0.000000     30.532081605921    114.356384836728      0.007932     -0.008436     -0.060025  1    
441648.00  38534202.043489053845  3379156.497372321784     16.080807826482     16.080807826482      0.000000      0.000000      0.000000     30.532118769442    114.356391299848     -0.016575      0.007449     -0.046134  1    
441649.00  38534201.733378365636  3379153.993265718222     16.817321674898     16.817321674898      0.000000      0.000000      0.000000     30.532096191009    114.356387986039     -0.000038      0.004960     -0.000685  1    
441650.00  38534203.292459309101  3379154.748453015927     15.870226658881     15.870226658881      0.000000      0.000000      0.000000     30.532102958428    114.356404256535      0.000943      0.012913      0.043645  1    
441651.00  38534202.962340272963  3379152.850021897350     20.613556855358     20.613556855358      0.000000      0.000000      0.000000     30.532085843814    114.356400754181     -0.015803      0.001635      0.010751  1    
441652.00  38534202.956317335367  3379152.830219542142     20.621128950268     20.621128950268      0.000000      0.000000      0.000000     30.532085665367    114.356400690770     -0.007755      0.016966      0.041170  1    
441653.00  38534202.962674081326  3379152.836696051061     20.608307754621     20.608307754621      0.000000      0.000000      0.000000     30.532085723604    114.356400757221     -0.018133     -0.001995     -0.004119  1    
441654.00  38534202.960653305054  3379152.823895592708     20.637388881296     20.637388881296      0.000000      0.000000      0.000000     30.532085608200    114.356400735743      0.008621     -0.002401     -0.004444  1    
441655.00  38534202.950687438250  3379153.058718113694     20.620106450282     20.620106450282      0.000000      0.000000      0.000000     30.532087726605    114.356400639631     -0.128013      0.590719     -0.232380  1    
441656.00  38534202.312127761543  3379153.615564525593     19.600120256655     19.600120256655      0.000000      0.000000      0.000000     30.532092767613    114.356394004173     -1.031048      0.818250     -0.376257  4    
441657.00  38534201.041704878211  3379153.881481061690     17.650217463262     17.650217463262      0.000000      0.000000      0.000000     30.532095202416    114.356380775118     -1.103524     -0.505872     -0.000867  6    
441658.00  38534200.395711697638  3379152.951179036871     17.376354398206     17.376354398206      0.000000      0.000000      0.000000     30.532086829419    114.356374013236     -0.744317     -0.728694     -0.255736  6    
441659.00  38534199.749911658466  3379153.046672401484     14.403084428981     14.403084428981      0.000000      0.000000      0.000000     30.532087709184    114.356367287142     -0.637379     -0.940730      0.050478  6    
441660.00  38534199.065029338002  3379153.458921900950     14.740370490588     14.740370490588      0.000000      0.000000      0.000000     30.532091447233    114.356360164239     -0.401702     -0.825785     -0.069929  6    
441661.00  38534198.365276113153  3379152.457157881930     16.733947521076     16.733947521076      0.000000      0.000000      0.000000     30.532082431173    114.356352839826     -0.370548     -1.162046      0.301314  6    
441662.00  38534198.265546731651  3379151.232981051784     18.394295147620     18.394295147620      0.000000      0.000000      0.000000     30.532071391827    114.356351760341      0.049999     -0.880391      0.030759  6    
441663.00  38534198.664623409510  3379150.412594283465     18.169820271432     18.169820271432      0.000000      0.000000      0.000000     30.532063980489    114.356355891710      0.262567     -0.742026      0.046939  6    
441664.00  38534198.818901255727  3379149.561408105772     19.187869234011     19.187869234011      0.000000      0.000000      0.000000     30.532056298314    114.356357471260      0.524644     -0.699149     -0.150347  6    
441665.00  38534199.273131757975  3379148.586172534153     18.465101126581     18.465101126581      0.000000      0.000000      0.000000     30.532047488652    114.356362172232      0.022047     -0.822365     -0.052870  6    
441666.00  38534199.988540641963  3379147.970755717717     16.544999185018     16.544999185018      0.000000      0.000000      0.000000     30.532041917146    114.356369606529     -0.277107     -0.836302     -0.102554  6    
441667.00  38534200.185238443315  3379146.634470402729     16.053268929943     16.053268929943      0.000000      0.000000      0.000000     30.532029858122    114.356371612122     -0.251706     -1.142396      0.005683  6    
441668.00  38534200.056334555149  3379145.714359817095     16.441779064015     16.441779064015      0.000000      0.000000      0.000000     30.532021562314    114.356370238648     -0.270846     -1.227056      0.372789  6    
441669.00  38534200.354061283171  3379145.499777442776     16.791375437751     16.791375437751      0.000000      0.000000      0.000000     30.532019618275    114.356373333894      0.146459     -1.008467      0.078297  6    
441670.00  38534199.765097096562  3379144.211553239264     17.816301342100     17.816301342100      0.000000      0.000000      0.000000     30.532008015160    114.356367154475     -0.236780     -1.267450      0.383936  6    
441671.00  38534200.313267290592  3379143.401815299410     16.518266985193     16.518266985193      0.000000      0.000000      0.000000     30.532000695625    114.356372839744      0.107077     -1.243476     -0.092831  6    
441672.00  38534200.641215667129  3379142.868040205911     16.316588805988     16.316588805988      0.000000      0.000000      0.000000     30.531995871577    114.356376239389      0.016232     -0.965133     -0.036139  6    
441673.00  38534200.892486482859  3379141.373257091269     17.083484356292     17.083484356292      0.000000      0.000000      0.000000     30.531982381334    114.356378808411     -0.022128     -1.338051      0.189083  6    
441674.00  38534200.339033409953  3379140.065888838377     18.772649040446     18.772649040446      0.000000      0.000000      0.000000     30.531970604526    114.356372998389      0.009428     -0.869342     -0.076097  6    
441675.00  38534200.532752379775  3379137.936284912750     17.945454872213     17.945454872213      0.000000      0.000000      0.000000     30.531951389780    114.356374946820      0.348261     -1.362623     -0.011196  6    
441676.00  38534200.746676184237  3379136.089410393964     16.882218699902     16.882218699902      0.000000      0.000000      0.000000     30.531934724704    114.356377115093     -0.108534     -1.322942      0.403021  6    
441677.00  38534200.607456289232  3379133.900309201796     17.180911066011     17.180911066011      0.000000      0.000000      0.000000     30.531914982777    114.356375592346     -0.334040     -1.893547     -0.026241  6    
441678.00  38534199.833558611572  3379131.723551939242     20.573142057285     20.573142057285      0.000000      0.000000      0.000000     30.531895370282    114.356367456674     -0.147013     -1.564941      0.203738  6    
441679.00  38534199.691389612854  3379129.974528975319     20.678977028467     20.678977028467      0.000000      0.000000      0.000000     30.531879597985    114.356365917689     -0.086295     -1.899975      0.305806  6    
441680.00  38534199.451318018138  3379128.738668563776     22.870309528895     22.870309528895      0.000000      0.000000      0.000000     30.531868457252    114.356363375457      0.265741     -1.626373      0.197890  6    
441681.00  38534200.539512500167  3379127.241655586753     18.593423223123     18.593423223123      0.000000      0.000000      0.000000     30.531854923041    114.356374665131      0.190158     -1.529994     -0.066726  6    
441682.00  38534201.622177153826  3379125.895364813972     14.359076492488     14.359076492488      0.000000      0.000000      0.000000     30.531842748515    114.356385902144      0.251892     -0.820640      1.195573  6    
441683.00  38534201.143762499094  3379124.930514483713     16.739007592201     16.739007592201      0.000000      0.000000      0.000000     30.531834059112    114.356380885305      0.131438     -1.277905      0.191085  6    
441684.00  38534201.318941146135  3379123.958519686945     18.070967538282     18.070967538282      0.000000      0.000000      0.000000     30.531825286635    114.356382678658      0.087750     -0.232323     -0.208430  6    
441685.00  38534201.798839643598  3379123.644969622139     16.002534064464     16.002534064464      0.000000      0.000000      0.000000     30.531822444706    114.356387668864     -0.224632     -1.008044     -0.297184  6    
441686.00  38534201.406610988081  3379123.378661609255     17.805454304442     17.805454304442      0.000000      0.000000      0.000000     30.531820053763    114.356383573083      0.191959     -1.393306      0.174531  6    
441687.00  38534202.002695582807  3379122.881011022720     18.134720643051     18.134720643051      0.000000      0.000000      0.000000     30.531815547918    114.356389767883     -0.004889      0.058144      0.024806  6    
441688.00  38534200.519651740789  3379122.312614106573     21.715796256438     21.715796256438      0.000000      0.000000      0.000000     30.531810463196    114.356374295890     -0.001180     -0.046005     -0.069949  6    
441689.00  38534199.818660899997  3379121.823300180957     22.407409071922     22.407409071922      0.000000      0.000000      0.000000     30.531806069519    114.356366975474      0.012548     -0.014233      0.025687  6    
441690.00  38534200.191407360137  3379121.888861778658     20.279775901698     20.279775901698      0.000000      0.000000      0.000000     30.531806650267    114.356370861641     -0.147447     -0.292716     -0.212947  6    
441691.00  38534199.717732802033  3379121.689084266778     21.645067670383     21.645067670383      0.000000      0.000000      0.000000     30.531804861755    114.356365919387      0.023756     -0.574433     -0.147075  6    
441692.00  38534199.355881810188  3379121.187427356839     21.107638102025     21.107638102025      0.000000      0.000000      0.000000     30.531800347077    114.356362132393     -0.102096     -0.767485     -0.153256  6    
441693.00  38534199.654069222510  3379119.995362569112     20.381906958297     20.381906958297      0.000000      0.000000      0.000000     30.531789586043    114.356365200249     -0.050636     -0.963694      0.383561  6    
441694.00  38534200.727379351854  3379119.286761235446     21.769447277300     21.769447277300      0.000000      0.000000      0.000000     30.531783163802    114.356376360778      0.083102     -1.176236      0.207810  6    
441695.00  38534199.654547475278  3379118.616067867726     19.664034631103     19.664034631103      0.000000      0.000000      0.000000     30.531777144664    114.356365159819     -0.252053     -0.974490     -0.145239  6    
441696.00  38534200.298181973398  3379117.438002343290     18.617335996591     18.617335996591      0.000000      0.000000      0.000000     30.531766500059    114.356371827683      0.113975     -1.198821      0.288570  6    
441697.00  38534198.750285774469  3379115.231011576485     23.473596958444     23.473596958444      0.000000      0.000000      0.000000     30.531746636914    114.356355625991     -0.010402     -1.013482     -0.131053  6    
441698.00  38534198.436967693269  3379113.590289515909     23.720793278888     23.720793278888      0.000000      0.000000      0.000000     30.531731846379    114.356352307209     -0.041578     -1.074048      0.014351  6    
441699.00  38534198.498526655138  3379112.988748988137     24.800490369089     24.800490369089      0.000000      0.000000      0.000000     30.531726418673    114.356352928846      0.205907     -1.273127      0.528262  6    
441700.00  38534198.675578072667  3379112.081208997406     21.199300945736     21.199300945736      0.000000      0.000000      0.000000     30.531718227532    114.356354743836     -0.038256     -0.978699     -0.067374  6    
441701.00  38534199.382565334439  3379111.317646608688     18.590485687368     18.590485687368      0.000000      0.000000      0.000000     30.531711319978    114.356362085477     -0.018794     -1.077288     -0.188443  6    
441702.00  38534199.673232898116  3379110.011498885229     18.332970798016     18.332970798016      0.000000      0.000000      0.000000     30.531699530120    114.356365071218     -0.206292     -1.106518     -0.213774  6    
441703.00  38534199.349797211587  3379109.154870716389     20.323486417532     20.323486417532      0.000000      0.000000      0.000000     30.531691812473    114.356361672827      0.095924     -1.345031      0.294697  6    
441704.00  38534199.250646822155  3379107.914510963019     22.985436765477     22.985436765477      0.000000      0.000000      0.000000     30.531680627139    114.356360598846     -0.100223     -1.192266     -0.167615  6    
441705.00  38534199.702159285545  3379106.849709040951     22.916507035494     22.916507035494      0.000000      0.000000      0.000000     30.531671009658    114.356365268529     -0.122987     -1.133577      0.197167  6    
441706.00  38534200.425207950175  3379105.582528240047     22.647775834426     22.647775834426      0.000000      0.000000      0.000000     30.531659558961    114.356372760944      0.072009     -1.319962      0.033573  6    
441707.00  38534200.343875832856  3379103.251337669790     29.436257608235     29.436257608235      0.000000      0.000000      0.000000     30.531638533724    114.356371836712     -0.040088     -1.096956      0.384642  6    
441708.00  38534200.288253284991  3379101.554389472120     33.088571746834     33.088571746834      0.000000      0.000000      0.000000     30.531623228679    114.356371201255     -0.054698     -1.144288     -0.095446  6    
441709.00  38534200.154485307634  3379100.457225021441     34.454506305978     34.454506305978      0.000000      0.000000      0.000000     30.531613335966    114.356369771275     -0.177426     -1.249397     -0.185098  6    
441710.00  38534198.594341009855  3379099.721204255708     31.458508172072     31.458508172072      0.000000      0.000000      0.000000     30.531606741456    114.356353490414     -0.045968     -1.282491      0.302155  6    
441711.00  38534199.348242543638  3379098.133412848692     31.776668756269     31.776668756269      0.000000      0.000000      0.000000     30.531592397943    114.356361293755      0.083691     -1.228332     -0.018178  6    
441712.00  38534199.250450268388  3379095.583966636565     32.596860510297     32.596860510297      0.000000      0.000000      0.000000     30.531569404488    114.356360190826      0.093095     -1.287451     -0.125477  6    
441713.00  38534198.656305730343  3379094.845839697868     28.645487278700     28.645487278700      0.000000      0.000000      0.000000     30.531562763448    114.356353975569     -0.025610     -1.232353      0.203222  6    
441714.00  38534198.908088631928  3379093.386322676670     27.213226814754     27.213226814754      0.000000      0.000000      0.000000     30.531549591293    114.356356551081      0.161899     -0.997567      0.088596  6    
441715.00  38534198.488678179681  3379091.208081123419     26.689815404825     26.689815404825      0.000000      0.000000      0.000000     30.531529955304    114.356352109132     -0.030492     -1.112223     -0.074537  6    
441716.00  38534198.316166035831  3379090.511053213850     25.674623138271     25.674623138271      0.000000      0.000000      0.000000     30.531523672964    114.356350288617      0.107356     -1.316182      0.628414  6    
441717.00  38534198.317354097962  3379089.273541149218     25.308051125146     25.308051125146      0.000000      0.000000      0.000000     30.531512510457    114.356350260254      0.128153     -1.128374     -0.106913  6    
441718.00  38534198.725189067423  3379088.813681726810     25.252990775742     25.252990775742      0.000000      0.000000      0.000000     30.531508350858    114.356354494731      0.216536     -0.954411      0.485575  6    
441719.00  38534198.721633434296  3379088.076123515144     26.095613487996     26.095613487996      0.000000      0.000000      0.000000     30.531501698116    114.356354433398     -0.047965     -0.862476     -0.691952  6    
441720.00  38534198.435384631157  3379087.099083525594     26.974579758011     26.974579758011      0.000000      0.000000      0.000000     30.531492893282    114.356351418536      0.100053     -1.131159      0.571267  6    
441721.00  38534198.824852019548  3379086.644903293345     25.211142089218     25.211142089218      0.000000      0.000000      0.000000     30.531488785434    114.356355461809      0.004909     -1.467767     -0.199634  6    
441722.00  38534198.184863649309  3379085.860361502506     23.063884804957     23.063884804957      0.000000      0.000000      0.000000     30.531481727034    114.356348767340     -0.067227     -1.086949      0.605528  6    
441723.00  38534199.458141058683  3379084.773249928840     22.388300755993     22.388300755993      0.000000      0.000000      0.000000     30.531471884898    114.356361999020      0.372746     -1.140065     -0.376463  6    
441724.00  38534199.160568572581  3379083.373673214577     22.083257210441     22.083257210441      0.000000      0.000000      0.000000     30.531459269066    114.356358852254     -0.099171     -1.181658     -0.081981  6    
441725.00  38534198.324236184359  3379082.990735918283     23.855605555698     23.855605555698      0.000000      0.000000      0.000000     30.531455838772    114.356350125117     -0.006321     -1.216581      0.705712  6    
441726.00  38534200.184070497751  3379081.288580093998     25.916900566779     25.916900566779      0.000000      0.000000      0.000000     30.531440432161    114.356369448427      0.098973     -1.165548      0.338265  6    
441727.00  38534200.273875042796  3379080.245557634626     24.056885715574     24.056885715574      0.000000      0.000000      0.000000     30.531431021442    114.356370349843     -0.174489     -1.162148      0.205136  6    
441728.00  38534202.771370105445  3379078.097762431949     23.947099504061     23.947099504061      0.000000      0.000000      0.000000     30.531411576944    114.356396302853     -0.259441     -1.324318     -0.260049  6    
441729.00  38534201.616947852075  3379075.690896025859     30.012625928037     30.012625928037      0.000000      0.000000      0.000000     30.531389899689    114.356384194604     -0.282131     -1.216565      0.658604  6    
441730.00  38534199.457868210971  3379072.518198401667     31.130977262743     31.130977262743      0.000000      0.000000      0.000000     30.531361343198    114.356361592692     -0.237376     -1.423135     -0.579773  6    
441731.00  38534200.091297127306  3379072.222509158310     22.413196227513     22.413196227513      0.000000      0.000000      0.000000     30.531358658000    114.356368183239      0.133221     -1.203902     -0.202577  6    
441732.00  38534201.037439197302  3379070.252267471515     23.385507916100     23.385507916100      0.000000      0.000000      0.000000     30.531340859269    114.356377977097     -0.035941     -1.112157     -0.065848  6    
441733.00  38534199.634174935520  3379066.884526802227     26.915519926697     26.915519926697      0.000000      0.000000      0.000000     30.531310521929    114.356363244312     -0.223113     -1.210451     -0.191627  6    
441734.00  38534200.331012398005  3379067.591033733916     26.277007071301     26.277007071301      0.000000      0.000000      0.000000     30.531316874827    114.356370528564     -0.077632     -1.265756     -0.468817  6    
441735.00  38534200.038419522345  3379066.602253253572     26.308967296034     26.308967296034      0.000000      0.000000      0.000000     30.531307964274    114.356367447214     -0.399604     -0.908545     -0.152054  6    
441736.00  38534201.987923175097  3379066.618013160303     19.751181153581     19.751181153581      0.000000      0.000000      0.000000     30.531308050865    114.356387761405      0.126679     -1.363478      0.167255  6    
441737.00  38534201.132280148566  3379064.249566032086     23.918237856589     23.918237856589      0.000000      0.000000      0.000000     30.531286711639    114.356378767691      0.047936     -1.479230      0.127836  6    
441738.00  38534203.030470617115  3379061.940665362403     22.109902624972     22.109902624972      0.000000      0.000000      0.000000     30.531265831035    114.356398470653      0.137509     -1.356601      0.321259  6    
441739.00  38534199.749632291496  3379061.481958812103     22.508417801000     22.508417801000      0.000000      0.000000      0.000000     30.531261786970    114.356364269494      0.291510     -1.237298     -0.310352  6    
441740.00  38534198.053876198828  3379059.364310907200     30.959918132983     30.959918132983      0.000000      0.000000      0.000000     30.531242733918    114.356346530142      0.071041     -1.273082      0.233480  6    
441741.00  38534198.161958046257  3379058.885878070258     29.991407583468     29.991407583468      0.000000      0.000000      0.000000     30.531238415329    114.356347640595      0.039800      0.051659     -0.123515  6    
441742.00  38534199.758886680007  3379059.348444074392     32.539378480986     32.539378480986      0.000000      0.000000      0.000000     30.531242542204    114.356364295680     -0.017596     -0.659367      0.165023  6    
441743.00  38534201.023483134806  3379059.508380922489     34.089432147332     34.089432147332      0.000000      0.000000      0.000000     30.531243948807    114.356377477931     -1.174569     -0.401414      2.086698  6    
441744.00  38534201.955748230219  3379059.365688909777     34.641568363644     34.641568363644      0.000000      0.000000      0.000000     30.531242635140    114.356387187353     -1.174570     -0.401414      2.086698  6    
441745.00  38534202.555682487786  3379058.920368048828     34.195787003264     34.195787003264      0.000000      0.000000      0.000000     30.531238601204    114.356393423953     -1.174570     -0.401414      2.086698  6    
441746.00  38534202.823286131024  3379058.172418063972     32.752088035457     32.752088035457      0.000000      0.000000      0.000000     30.531231846998    114.356396187732     -1.174570     -0.401413      2.086698  6    
441747.00  38534201.383046731353  3379058.670250820462     23.602516975254     23.602516975254      0.000000      0.000000      0.000000     30.531236378547    114.356381196956     -1.392337      0.165792     -0.187494  6    
441748.00  38534199.060263633728  3379059.484822093509     10.771847260185     10.771847260185      0.000000      0.000000      0.000000     30.531243792258    114.356357020579     -1.392337      0.165792     -0.187493  6    
441749.00  38534197.945005774498  3379059.132378812414     10.188933834434     10.188933834434      0.000000      0.000000      0.000000     30.531240644971    114.356345388086      0.000000      0.000000      0.000000  6    
441750.00  38534197.340589642525  3379058.107505161781     16.544158061966     16.544158061966      0.000000      0.000000      0.000000     30.531231417741    114.356339056383      0.000000      0.000000      0.000000  6    
441751.00  38534203.663097299635  3379056.010744268075     17.027922885492     17.027922885492      0.000000      0.000000      0.000000     30.531212324560    114.356404867311     -1.206844      0.134697     -0.136611  6    
441752.00  38534202.601590901613  3379049.186870939098     20.991103605367     20.991103605367      0.000000      0.000000      0.000000     30.531150802841    114.356393581823     -1.010991     -0.004251     -0.216209  6    
441753.00  38534201.040985547006  3379044.346417334862     24.099365437403     24.099365437403      0.000000      0.000000      0.000000     30.531107185978    114.356377161095     -1.145008     -0.006342     -0.416234  6    
441754.00  38534198.981281355023  3379041.489378587343     26.352704213001     26.352704213001      0.000000      0.000000      0.000000     30.531081473924    114.356355605125     -1.145008     -0.006342     -0.416234  6    
441755.00  38534196.422478049994  3379040.615751423873     27.751117739826     27.751117739826      0.000000      0.000000      0.000000     30.531073666649    114.356328913902     -1.145008     -0.006342     -0.416233  6    
441756.00  38534193.364574931562  3379041.725534171797     28.294605799019     28.294605799019      0.000000      0.000000      0.000000     30.531083764133    114.356297087406     -1.145009     -0.006343     -0.416233  6    
441757.00  38534189.807570904493  3379044.818726754282     27.983170147985     27.983170147985      0.000000      0.000000      0.000000     30.531111766373    114.356260125604     -1.145009     -0.006343     -0.416232  6    
441758.00  38534185.751464456320  3379049.895330686588     26.816814519465     26.816814519465      0.000000      0.000000      0.000000     30.531157673379    114.356218028458     -1.145009     -0.006343     -0.416231  6    
441759.00  38534181.196253657341  3379056.955349087249     24.795544618741     24.795544618741      0.000000      0.000000      0.000000     30.531221485172    114.356170795917     -1.145009     -0.006343     -0.416230  6    
441760.00  38534179.696341961622  3379055.240893668961     30.095743931830     30.095743931830      0.000000      0.000000      0.000000     30.531206063348    114.356155110558     -1.270045      0.112904      0.159620  6    
441761.00  38534176.333457641304  3379059.141727346461     19.683712180704     19.683712180704      0.000000      0.000000      0.000000     30.531241345018    114.356120197952     -1.222238     -0.282231      0.520404  6    
441762.00  38534179.832829862833  3379055.405362476595     30.138664319180     30.138664319180      0.000000      0.000000      0.000000     30.531207542984    114.356156538161     -1.580555      0.601856     -0.956078  6    
441763.00  38534174.341837137938  3379059.775124127511     22.345538120717     22.345538120717      0.000000      0.000000      0.000000     30.531247115039    114.356099466279     -1.299486      0.238084     -0.470359  6    
441764.00  38534177.637501098216  3379058.862146106083     16.066408166662     16.066408166662      0.000000      0.000000      0.000000     30.531238786027    114.356133776772     -1.353676     -0.144235      0.285196  6    
441765.00  38534174.177229613066  3379060.787045324221     15.242456784472     15.242456784472      0.000000      0.000000      0.000000     30.531256247351    114.356097784374     -0.696111     -0.316809      0.585299  6    
441766.00  38534178.606219291687  3379056.799229333177     27.220814903267     27.220814903267      0.000000      0.000000      0.000000     30.531220150733    114.356143802854     -1.148480     -0.106638     -0.128953  6    
441767.00  38534174.118591070175  3379058.696030365303     25.723117273301     25.723117273301      0.000000      0.000000      0.000000     30.531237387870    114.356097104573     -1.446434      0.201849     -0.075554  6    
441768.00  38534172.531455554068  3379059.326478196308     27.428436010145     27.428436010145      0.000000      0.000000      0.000000     30.531243119768    114.356080587500     -0.985384     -0.048001      0.185628  6    
441769.00  38534171.800609037280  3379058.207718052901     26.963151599281     26.963151599281      0.000000      0.000000      0.000000     30.531233049260    114.356072935339     -1.254525      0.151473     -0.158470  6    
441770.00  38534172.750336907804  3379060.710237984546     21.469104836695     21.469104836695      0.000000      0.000000      0.000000     30.531255595178    114.356082913748     -1.087930     -0.091346      0.387505  6    
441771.00  38534177.558253176510  3379052.545534356963     38.881655692123     38.881655692123      0.000000      0.000000      0.000000     30.531181811854    114.356132743184     -1.782326      0.309576     -0.749574  6    
441772.00  38534172.047818139195  3379054.784747280646     32.569155056961     32.569155056961      0.000000      0.000000      0.000000     30.531202166702    114.356075398630     -1.220817     -0.008646     -0.011125  6    
441773.00  38534172.134142123163  3379054.509813446552     27.991556312889     27.991556312889      0.000000      0.000000      0.000000     30.531199684315    114.356076289074     -1.258853     -0.250942      0.651030  6    
441774.00  38534173.850799508393  3379052.138847348280     39.956583612598     39.956583612598      0.000000      0.000000      0.000000     30.531178249090    114.356094098484     -1.628101     -0.090353     -0.155893  6    
441775.00  38534163.718753613532  3379058.484994466417     22.628287198022     22.628287198022      0.000000      0.000000      0.000000     30.531235780444    114.355988732237     -0.308992     -0.647285      1.707750  6    
441776.00  38534168.662578746676  3379054.761294102296     32.584226246923     32.584226246923      0.000000      0.000000      0.000000     30.531202051552    114.356040123974      0.000000      0.000000      0.000000  6    
441777.00  38534162.348654836416  3379059.690701287240     23.696658195928     23.696658195928      0.000000      0.000000      0.000000     30.531246695040    114.355974495581     -0.696679     -0.243491      0.698501  6    
441778.00  38534164.331974186003  3379054.543681976851     30.802574362606     30.802574362606      0.000000      0.000000      0.000000     30.531200211976    114.355994992312     -1.743392      0.183088     -0.192229  6    
441779.00  38534166.995324604213  3379048.192393180914     38.650261645205     38.650261645205      0.000000      0.000000      0.000000     30.531142846922    114.356022535272     -2.100267      0.148978     -0.663357  6    
441780.00  38534158.252832964063  3379058.932002852205     23.693329094909     23.693329094909      0.000000      0.000000      0.000000     30.531239968108    114.355931792523     -1.384664     -0.521406      0.218054  6    
441781.00  38534153.324235491455  3379063.202406161465     17.024495505728     17.024495505728      0.000000      0.000000      0.000000     30.531278627836    114.355880577374     -1.264237     -0.166869      0.143979  6    
441782.00  38534152.209563344717  3379061.003566137515     18.643738990650     18.643738990650      0.000000      0.000000      0.000000     30.531258825818    114.355868890289     -1.264237     -0.166869      0.143980  6    
441783.00  38534152.998405434191  3379058.529712694231     22.087692738511     22.087692738511      0.000000      0.000000      0.000000     30.531236488976    114.355877028619     -1.434467      0.075044     -0.321422  6    
441784.00  38534150.955356538296  3379057.972491239663     21.058127170429     21.058127170429      0.000000      0.000000      0.000000     30.531231520934    114.355855721908     -1.229966      0.546228     -0.357302  6    
441785.00  38534149.448645062745  3379057.588091663551     19.898056130856     19.898056130856      0.000000      0.000000      0.000000     30.531228096494    114.355840009470     -1.779514     -0.142667     -0.000289  6    
441786.00  38534148.739705458283  3379057.286375058815     20.211512820795     20.211512820795      0.000000      0.000000      0.000000     30.531225395157    114.355832612463     -0.651944      0.075839     -0.122176  6    
441787.00  38534147.496501736343  3379057.590296240523     18.791949643753     18.791949643753      0.000000      0.000000      0.000000     30.531228171934    114.355819668382     -1.329920      0.285481      0.093450  6    
441788.00  38534145.359028294683  3379057.987391079310     19.646640569903     19.646640569903      0.000000      0.000000      0.000000     30.531231814591    114.355797409150     -1.633992      0.153935     -0.245950  6    
441789.00  38534144.207037173212  3379057.446238337550     21.247202896513     21.247202896513      0.000000      0.000000      0.000000     30.531226966123    114.355785387716     -1.626127      0.015127      0.085735  6    
441790.00  38534142.647454321384  3379057.661290317308     21.396999107674     21.396999107674      0.000000      0.000000      0.000000     30.531228950288    114.355769144069     -1.597346     -0.104365      0.187520  1    
441791.00  38534140.785547941923  3379057.012809006963     21.781266056933     21.781266056933      0.000000      0.000000      0.000000     30.531223153902    114.355749721855     -1.381810     -0.087914      0.248193  6    
441792.00  38534139.448761194944  3379057.026262725703     23.106440944597     23.106440944597      0.000000      0.000000      0.000000     30.531223313289    114.355735793098     -1.536818     -0.006782      0.058625  6    
441793.00  38534139.561142347753  3379056.255609769374     24.239257819019     24.239257819019      0.000000      0.000000      0.000000     30.531216358729    114.355736938772     -1.383118      0.115227     -0.201322  6    
441794.00  38534137.862580314279  3379056.802293301560     22.737388834357     22.737388834357      0.000000      0.000000      0.000000     30.531221338190    114.355719257874     -1.298797     -0.037122     -0.033455  6    
441795.00  38534136.775978423655  3379056.871643862221     22.628055445850     22.628055445850      0.000000      0.000000      0.000000     30.531221994651    114.355707937858     -1.341876      0.163294     -0.414776  6    
441796.00  38534135.146342508495  3379057.417600570712     21.623763605021     21.623763605021      0.000000      0.000000      0.000000     30.531226965592    114.355690975137     -1.314825      0.027156     -0.120759  6    
441797.00  38534134.160376355052  3379056.768079558853     22.153155658394     22.153155658394      0.000000      0.000000      0.000000     30.531221134899    114.355680680113     -1.121360     -0.216853      0.188398  6    
441798.00  38534133.241425119340  3379056.874443621375     22.930954285897     22.930954285897      0.000000      0.000000      0.000000     30.531222120453    114.355671108218     -1.116128     -0.092565      0.372930  6    
441799.00  38534132.104549370706  3379057.918003640603     22.630185971968     22.630185971968      0.000000      0.000000      0.000000     30.531231565801    114.355659296364     -1.145614     -0.109870     -0.275474  6    
441800.00  38534131.860623575747  3379057.982928035781     23.795152148232     23.795152148232      0.000000      0.000000      0.000000     30.531232158363    114.355656756812     -1.794124      0.445779     -1.249175  6    
441801.00  38534132.509647414088  3379057.069217300974     26.425852681510     26.425852681510      0.000000      0.000000      0.000000     30.531223898145    114.355663489560     -1.794124      0.445779     -1.249175  6    
441802.00  38534131.628750219941  3379057.221201593522     26.538705105893     26.538705105893      0.000000      0.000000      0.000000     30.531225294115    114.355654315683     -0.975399     -0.041430      0.222251  6    
441803.00  38534130.025555223227  3379057.757437469438     25.461570572108     25.461570572108      0.000000      0.000000      0.000000     30.531230176613    114.355637628152     -0.975399     -0.041431      0.222252  6    
441804.00  38534128.478673689067  3379057.918479318731     24.753048734739     24.753048734739      0.000000      0.000000      0.000000     30.531231673222    114.355621515073     -1.136107      0.036595      0.013206  6    
441805.00  38534126.728568300605  3379057.957475645933     23.893606550992     23.893606550992      0.000000      0.000000      0.000000     30.531232074747    114.355603280410     -1.136107      0.036595      0.013206  6    
441806.00  38534124.775238849223  3379057.874426404014     22.883244186640     22.883244186640      0.000000      0.000000      0.000000     30.531231381186    114.355582924160     -1.136107      0.036595      0.013206  6    
441807.00  38534122.618685111403  3379057.669331529178     21.721961832605     21.721961832605      0.000000      0.000000      0.000000     30.531229592538    114.355560446322     -1.136107      0.036595      0.013207  6    
441808.00  38534123.446425437927  3379058.642683781683     23.415821079165     23.415821079165      0.000000      0.000000      0.000000     30.531238348729    114.355569103279     -0.933199     -0.168667      0.066386  6    
441809.00  38534123.719193644822  3379057.630197347607     25.308279592544     25.308279592544      0.000000      0.000000      0.000000     30.531229208249    114.355571912239     -0.382726     -0.602807      1.197468  6    
441810.00  38534124.421542502940  3379054.395419636741     29.358194766566     29.358194766566      0.000000      0.000000      0.000000     30.531200010276    114.355579124385     -0.715024      0.050076      0.191272  6    
441811.00  38534122.530234776437  3379054.847202728502     28.339927957393     28.339927957393      0.000000      0.000000      0.000000     30.531204139186    114.355559431972     -1.316992      0.082014      0.096138  6    
441812.00  38534120.863680452108  3379054.641230411828     27.491309570149     27.491309570149      0.000000      0.000000      0.000000     30.531202328686    114.355542059861     -1.141610     -0.102541      0.027616  6    
441813.00  38534119.996367715299  3379054.227380587719     28.244050532579     28.244050532579      0.000000      0.000000      0.000000     30.531198620383    114.355533008947     -0.954679     -0.050279      0.057746  6    
441814.00  38534119.608914844692  3379056.136255511083     28.238646320999     28.238646320999      0.000000      0.000000      0.000000     30.531215849632    114.355529034424     -1.151057     -0.030852     -0.025356  6    
441815.00  38534115.649500474334  3379057.545080048032     23.977834889665     23.977834889665      0.000000      0.000000      0.000000     30.531228669938    114.355487823950     -1.336804     -0.146509     -0.048917  6    
441816.00  38534114.388359107077  3379056.843913936522     24.671340720728     24.671340720728      0.000000      0.000000      0.000000     30.531222381208    114.355474659940     -1.145185     -0.135156     -0.213625  6    
441817.00  38534114.023205608130  3379056.922988528386     25.743119657040     25.743119657040      0.000000      0.000000      0.000000     30.531223104850    114.355470857670     -1.119232     -0.107504      0.055605  6    
441818.00  38534112.774064727128  3379057.614510016050     25.579294444993     25.579294444993      0.000000      0.000000      0.000000     30.531229377951    114.355457864442     -1.140895      0.143323      0.290268  6    
441819.00  38534112.839633837342  3379056.553741681390     27.660939903930     27.660939903930      0.000000      0.000000      0.000000     30.531219807856    114.355458512830     -1.323214     -0.283194     -0.110611  6    
441820.00  38534112.004680581391  3379056.949421935715     27.940869010054     27.940869010054      0.000000      0.000000      0.000000     30.531223400665    114.355449825686     -1.135916      0.176836     -0.091881  6    
441821.00  38534110.677914559841  3379057.083041522186     27.622219087556     27.622219087556      0.000000      0.000000      0.000000     30.531224643643    114.355436005289     -1.124498     -0.153006      0.044903  6    
441822.00  38534105.939265780151  3379059.404674885795     21.972571830265     21.972571830265      0.000000      0.000000      0.000000     30.531245719690    114.355386705214     -1.130433     -0.035608     -0.023456  6    
441823.00  38534104.749364435673  3379059.659540730529     21.846851106733     21.846851106733      0.000000      0.000000      0.000000     30.531248052423    114.355374314912     -1.348790      0.060606      0.129650  6    
441824.00  38534103.600814387202  3379059.432692470960     21.631729460321     21.631729460321      0.000000      0.000000      0.000000     30.531246038874    114.355362339672     -0.787988     -0.082861     -0.183753  6    
441825.00  38534102.503486789763  3379059.095727019012     21.688152582385     21.688152582385      0.000000      0.000000      0.000000     30.531243030600    114.355350894550     -0.979936     -0.076994      0.112564  6    
441826.00  38534101.673337504268  3379058.531925787684     21.694513038732     21.694513038732      0.000000      0.000000      0.000000     30.531237968652    114.355342225956     -0.419607     -0.027567      0.101514  6    
441827.00  38534101.257974497974  3379058.715257872362     21.714293634519     21.714293634519      0.000000      0.000000      0.000000     30.531239634129    114.355337903929     -0.556781      0.149277      0.013149  5    
441828.00  38534100.805776961148  3379058.657788402401     21.652573132887     21.652573132887      0.000000      0.000000      0.000000     30.531239128600    114.355333190183     -0.171803     -0.032474      0.089908  5    
441829.00  38534100.872570663691  3379058.806984988973     21.449911017902     21.449911017902      0.000000      0.000000      0.000000     30.531240472469    114.355333891065      0.033966     -0.011865     -0.030182  5    
441830.00  38534100.779497765005  3379058.892861918546     20.981155648828     20.981155648828      0.000000      0.000000      0.000000     30.531241249732    114.355332924073     -0.249132      0.028389     -0.002172  5    
441831.00  38534100.158346891403  3379059.070371145383     20.107529417612     20.107529417612      0.000000      0.000000      0.000000     30.531242868534    114.355326457562     -0.346423     -0.008109     -0.038060  5    
441832.00  38534099.730061784387  3379059.629807059653     20.209739482030     20.209739482030      0.000000      0.000000      0.000000     30.531247926870    114.355322013233     -0.732881      0.032381      0.188653  1    
441833.00  38534098.831452019513  3379059.374503607396     19.255922019482     19.255922019482      0.000000      0.000000      0.000000     30.531245649545    114.355312641415     -0.943967      0.074306     -0.036268  1    
441834.00  38534097.941864095628  3379059.254859054461     19.095450337045     19.095450337045      0.000000      0.000000      0.000000     30.531244595618    114.355303368058     -0.810271      0.081958     -0.085526  5    
441835.00  38534096.788756847382  3379059.086226989981     19.369628550485     19.369628550485      0.000000      0.000000      0.000000     30.531243107307    114.355291347244     -1.181490      0.159658     -0.078067  1    
441836.00  38534095.922571837902  3379059.262617803179     19.355128759518     19.355128759518      0.000000      0.000000      0.000000     30.531244722982    114.355282327461     -1.165008      0.137493     -0.041084  6    
441837.00  38534094.746971309185  3379059.094062440563     18.977874685079     18.977874685079      0.000000      0.000000      0.000000     30.531243236000    114.355270072272     -0.864322      0.088860     -0.045503  6    
441838.00  38534093.529607966542  3379058.541342330165     19.929206111468     19.929206111468      0.000000      0.000000      0.000000     30.531238285001    114.355257369310     -1.232356     -0.051819     -0.145240  1    
441839.00  38534092.483871087432  3379059.087684922852     19.684464325197     19.684464325197      0.000000      0.000000      0.000000     30.531243242774    114.355246490753     -0.655438      0.073167     -0.263826  5    
441840.00  38534091.685797445476  3379058.543882337864     20.832497283816     20.832497283816      0.000000      0.000000      0.000000     30.531238360298    114.355238157047     -0.979833      0.054743     -0.313132  1    
441841.00  38534091.440655007958  3379058.182684722356     20.100977689959     20.100977689959      0.000000      0.000000      0.000000     30.531235109226    114.355235590830     -0.890193      0.098650     -0.221714  1    
441842.00  38534089.799582593143  3379058.705272581428     21.735621016473     21.735621016473      0.000000      0.000000      0.000000     30.531239869640    114.355218508148     -0.921008      0.165628     -0.071741  1    
441843.00  38534088.822627156973  3379058.828583525959     20.672768506221     20.672768506221      0.000000      0.000000      0.000000     30.531241009671    114.355208332404     -0.922620     -0.014837     -0.160267  6    
441844.00  38534088.071664877236  3379058.719764604233     20.609676130116     20.609676130116      0.000000      0.000000      0.000000     30.531240049447    114.355200503871     -0.808723     -0.000052     -0.288367  1    
441845.00  38534086.881299719214  3379058.716291137505     20.286779945716     20.286779945716      0.000000      0.000000      0.000000     30.531240051932    114.355188100255     -1.018653      0.011683     -0.065722  5    
441846.00  38534085.953216910362  3379058.738143511117     19.991895679384     19.991895679384      0.000000      0.000000      0.000000     30.531240275406    114.355178430429     -0.682938      0.069999     -0.184059  5    
441847.00  38534085.145703941584  3379058.664500816725     20.602671030909     20.602671030909      0.000000      0.000000      0.000000     30.531239634080    114.355170013797     -1.271999     -0.060010      0.305166  5    
441848.00  38534084.452835217118  3379058.522692426108     21.343244493008     21.343244493008      0.000000      0.000000      0.000000     30.531238374635    114.355162789512     -0.597751     -0.128344      0.488350  5    
441849.00  38534083.465521536767  3379058.621570664458     21.513120473363     21.513120473363      0.000000      0.000000      0.000000     30.531239294571    114.355152505033     -1.620037     -0.278982     -0.019461  5    
441850.00  38534081.719461232424  3379057.927720336244     20.722448718734     20.722448718734      0.000000      0.000000      0.000000     30.531233085569    114.355134288470     -0.856394     -0.948862      0.565249  1    
441851.00  38534081.475216254592  3379056.803325868677     21.995753307827     21.995753307827      0.000000      0.000000      0.000000     30.531222950361    114.355131706567     -0.572969     -1.318975     -0.900700  5    
441852.00  38534080.645103767514  3379055.631324317772     21.725517547689     21.725517547689      0.000000      0.000000      0.000000     30.531212402373    114.355123018416     -0.581174     -0.994997      0.101228  5    
441853.00  38534080.353619545698  3379054.394457526971     21.664358926006     21.664358926006      0.000000      0.000000      0.000000     30.531201253996    114.355119940596     -0.402192     -1.048148     -0.293198  5    
441854.00  38534080.038733154535  3379053.261085713282     21.565755257383     21.565755257383      0.000000      0.000000      0.000000     30.531191039818    114.355116622324     -0.117536     -0.758874     -0.147801  5    
441855.00  38534079.644299983978  3379052.292594435159     22.392749520950     22.392749520950      0.000000      0.000000      0.000000     30.531182315137    114.355112480592     -0.005382     -1.153509      0.059695  6    
441856.00  38534079.621904522181  3379050.717982674018     23.216654882766     23.216654882766      0.000000      0.000000      0.000000     30.531168112626    114.355112195573      0.003331     -1.149323      0.318859  6    
441857.00  38534079.521462306380  3379049.630006508902     23.345738789998     23.345738789998      0.000000      0.000000      0.000000     30.531158301830    114.355111113280     -0.003676     -1.051911      0.058593  6    
441858.00  38534079.621477551758  3379048.575829712208     22.568535414524     22.568535414524      0.000000      0.000000      0.000000     30.531148790215    114.355112120844      0.104668     -1.101254      0.112998  6    
441859.00  38534079.524780847132  3379047.495807747357     22.672879480757     22.672879480757      0.000000      0.000000      0.000000     30.531139051061    114.355111077840      0.059913     -0.965726      0.009089  6    
441860.00  38534079.341012828052  3379046.553171994165     23.107822911814     23.107822911814      0.000000      0.000000      0.000000     30.531130553616    114.355109132069      0.060493     -0.741103     -0.035475  6    
441861.00  38534079.152460947633  3379045.626368299592     23.991939187050     23.991939187050      0.000000      0.000000      0.000000     30.531122199114    114.355107136971      0.251631     -0.914739     -0.272220  6    
441862.00  38534079.072904050350  3379044.701654490549     24.676568432711     24.676568432711      0.000000      0.000000      0.000000     30.531113860367    114.355106277658      0.015268     -0.943997     -0.591575  6    
441863.00  38534079.256595097482  3379044.413937459234     21.905942169949     21.905942169949      0.000000      0.000000      0.000000     30.531111259915    114.355108182261      0.210536     -1.050814     -0.242004  6    
441864.00  38534079.283304743469  3379042.802107185125     23.992584248073     23.992584248073      0.000000      0.000000      0.000000     30.531096720294    114.355108407692      0.189931     -0.968787      0.326328  6    
441865.00  38534078.814890787005  3379041.997047627810     26.742711570114     26.742711570114      0.000000      0.000000      0.000000     30.531089471884    114.355103500455     -0.066779     -1.194383      0.309838  6    
441866.00  38534078.223050773144  3379040.369548240677     23.604997356422     23.604997356422      0.000000      0.000000      0.000000     30.531074808493    114.355097280150      0.081980     -1.254804      0.054619  6    
441867.00  38534077.435256890953  3379038.932067099493     24.068702787161     24.068702787161      0.000000      0.000000      0.000000     30.531061864649    114.355089024261     -0.328527     -1.498649      0.091288  6    
441868.00  38534079.190238110721  3379038.800610539038     19.607110738754     19.607110738754      0.000000      0.000000      0.000000     30.531060629058    114.355107306668     -0.235082     -0.874276      0.174676  6    
441869.00  38534078.191733486950  3379037.584685284644     21.273462370969     21.273462370969      0.000000      0.000000      0.000000     30.531049689654    114.355096862465     -0.081907     -1.028013     -0.011569  6    
441870.00  38534079.282496444881  3379036.519469628576     19.030114538968     19.030114538968      0.000000      0.000000      0.000000     30.531040050330    114.355108193151      0.027738     -1.191070      0.136575  6    
441871.00  38534079.143836058676  3379035.166999013163     21.598721695133     21.598721695133      0.000000      0.000000      0.000000     30.531027854855    114.355106703954     -0.081997     -1.159314      0.100861  6    
441872.00  38534078.761005446315  3379034.097181987949     22.288363110274     22.288363110274      0.000000      0.000000      0.000000     30.531018215876    114.355102679803     -0.035143     -1.067049     -0.160440  6    
441873.00  38534078.574333384633  3379033.104716547299     22.240188318305     22.240188318305      0.000000      0.000000      0.000000     30.531009269045    114.355100702141     -0.157351     -1.149284      0.182162  6    
441874.00  38534078.486217975616  3379031.373717300594     23.693968332373     23.693968332373      0.000000      0.000000      0.000000     30.530993657769    114.355099727200     -0.217196     -1.176456      0.052625  6    
441875.00  38534079.053400069475  3379030.391764257103     21.238729528151     21.238729528151      0.000000      0.000000      0.000000     30.530984784352    114.355105604958      0.083377     -1.286536      0.041839  6    
441876.00  38534078.939291261137  3379029.641109738033     19.151332951151     19.151332951151      0.000000      0.000000      0.000000     30.530978016617    114.355104391330      0.138003     -1.255109      0.108413  6    
441877.00  38534079.615485616028  3379028.154527083971     19.854591540061     19.854591540061      0.000000      0.000000      0.000000     30.530964588296    114.355111388426      0.017691     -1.398266     -0.199525  6    
441878.00  38534080.143063850701  3379026.947311488912     20.822679739445     20.822679739445      0.000000      0.000000      0.000000     30.530953684113    114.355116846124     -0.200525     -1.318961     -0.281350  6    
441879.00  38534080.621028020978  3379025.748666883446     21.160644796677     21.160644796677      0.000000      0.000000      0.000000     30.530942858650    114.355121787129      0.546498     -0.953106     -0.227416  6    
441880.00  38534079.829546011984  3379023.926925965585     22.740927420557     22.740927420557      0.000000      0.000000      0.000000     30.530926448852    114.355113480212      0.300069     -1.499560      0.295068  6    
441881.00  38534078.674094669521  3379023.293247235473     20.699591838755     20.699591838755      0.000000      0.000000      0.000000     30.530920765825    114.355101419758     -0.120827     -1.069595      0.168876  6    
441882.00  38534079.065942399204  3379022.041396553628     20.796023719013     20.796023719013      0.000000      0.000000      0.000000     30.530909462884    114.355105461695     -0.027447     -1.139121      0.419372  5    
441883.00  38534079.177407868207  3379020.897046658210     21.004704119638     21.004704119638      0.000000      0.000000      0.000000     30.530899137574    114.355106585608     -0.376041     -0.860431     -0.192901  5    
441884.00  38534079.266307406127  3379019.824726203457     21.041839856654     21.041839856654      0.000000      0.000000      0.000000     30.530889462616    114.355107476750     -0.345383     -0.819161     -0.273840  5    
441885.00  38534079.399339750409  3379018.729249537457     21.114210261963     21.114210261963      0.000000      0.000000      0.000000     30.530879577534    114.355108826991      0.107668     -1.008395      0.114864  5    
441886.00  38534079.342718034983  3379017.681384031195     20.723839313723     20.723839313723      0.000000      0.000000      0.000000     30.530870127296    114.355108202622     -0.209692     -1.085197      0.187527  5    
441887.00  38534079.195382133126  3379016.581739834510     20.573308779858     20.573308779858      0.000000      0.000000      0.000000     30.530860212585    114.355106631324      0.107879     -1.297384      0.117171  5    
441888.00  38534079.372268997133  3379015.357223511674     20.991003494710     20.991003494710      0.000000      0.000000      0.000000     30.530849162307    114.355108434290      0.081728     -1.301556      0.101258  6    
441889.00  38534079.053154349327  3379014.477121982723     20.273539558984     20.273539558984      0.000000      0.000000      0.000000     30.530841232770    114.355105080282      0.001834     -1.004669      0.113524  5    
441890.00  38534079.009288825095  3379013.339794426691     20.178977939300     20.178977939300      0.000000      0.000000      0.000000     30.530830975213    114.355104585897     -0.047870     -1.076504     -0.229192  5    
441891.00  38534078.988636419177  3379012.190969138406     20.253152932040     20.253152932040      0.000000      0.000000      0.000000     30.530820613286    114.355104333012     -0.003317     -1.407796      0.137811  5    
441892.00  38534078.839578926563  3379011.270710618235     19.725044992752     19.725044992752      0.000000      0.000000      0.000000     30.530812316700    114.355102749662      0.002279     -0.999946      0.074614  5    
441893.00  38534078.865996301174  3379010.187807960901     20.023680371232     20.023680371232      0.000000      0.000000      0.000000     30.530802548064    114.355102989401      0.002038     -0.904372     -0.214984  5    
441894.00  38534078.912056513131  3379009.027445121668     20.247092991136     20.247092991136      0.000000      0.000000      0.000000     30.530792080173    114.355103431274     -0.016927     -1.097006      0.147746  5    
441895.00  38534078.900402568281  3379007.922711986117     20.301814365201     20.301814365201      0.000000      0.000000      0.000000     30.530782115706    114.355103273599      0.023084     -1.039388      0.126534  5    
441896.00  38534078.954721786082  3379006.852871759795     20.347747245803     20.347747245803      0.000000      0.000000      0.000000     30.530772464102    114.355103804499      0.165724     -1.092070     -0.048052  5    
441897.00  38534079.041378453374  3379005.701743259095     20.553390209563     20.553390209563      0.000000      0.000000      0.000000     30.530762078352    114.355104669685     -0.022957     -1.191383      0.392347  5    
441898.00  38534079.193780608475  3379004.494480302092     20.974558774382     20.974558774382      0.000000      0.000000      0.000000     30.530751184397    114.355106218088     -0.022473     -0.799048     -0.243087  5    
441899.00  38534079.101779848337  3379003.479884284548     20.997913636267     20.997913636267      0.000000      0.000000      0.000000     30.530742035257    114.355105226167     -0.196291     -1.149911     -0.475941  5    
441900.00  38534079.070917397738  3379002.380126603413     20.505840772763     20.505840772763      0.000000      0.000000      0.000000     30.530732116214    114.355104868505      0.003476     -1.049550      0.024229  5    
441901.00  38534079.260956674814  3379001.373234335333     20.328351558186     20.328351558186      0.000000      0.000000      0.000000     30.530723028553    114.355106815654      0.125957     -1.148180      0.229395  5    
441902.00  38534079.313504569232  3379000.291751912795     20.069776203483     20.069776203483      0.000000      0.000000      0.000000     30.530713271986    114.355107327715      0.049059     -1.101419     -0.443423  5    
441903.00  38534079.472800590098  3378999.087746090256     20.381271197461     20.381271197461      0.000000      0.000000      0.000000     30.530702407214    114.355108948057      0.197071     -1.179461     -0.059562  5    
441904.00  38534079.940499886870  3378997.931549340487     20.854854093865     20.854854093865      0.000000      0.000000      0.000000     30.530691964926    114.355113783484     -0.024890     -1.159207     -0.301229  5    
441905.00  38534079.843285314739  3378996.877641876228     21.105455158278     21.105455158278      0.000000      0.000000      0.000000     30.530682461341    114.355112735946     -0.293454     -1.305211     -0.064823  6    
441906.00  38534079.697508193552  3378995.808634126093     20.762272329070     20.762272329070      0.000000      0.000000      0.000000     30.530672822929    114.355111181899     -0.170961     -1.356539     -0.057376  6    
441907.00  38534079.853967249393  3378994.568768715486     20.763525605202     20.763525605202      0.000000      0.000000      0.000000     30.530661634782    114.355112771502     -0.007615     -1.033838      0.225369  6    
441908.00  38534079.832743912935  3378993.328241892625     20.729645768180     20.729645768180      0.000000      0.000000      0.000000     30.530650445714    114.355112509659     -0.085013     -1.203366     -0.576249  6    
441909.00  38534080.237215571105  3378991.901436385699     21.824005581439     21.824005581439      0.000000      0.000000      0.000000     30.530637564305    114.355116677383     -0.007148     -1.169714     -0.317205  6    
441910.00  38534080.586398988962  3378990.741636655293     21.926273310557     21.926273310557      0.000000      0.000000      0.000000     30.530627092883    114.355120277771     -0.017843     -1.110800      0.137482  6    
441911.00  38534080.532177813351  3378989.507893535309     22.020479889587     22.020479889587      0.000000      0.000000      0.000000     30.530615965942    114.355119672318     -0.124764     -0.926750     -0.398353  6    
441912.00  38534080.021591670811  3378988.764461358543     20.472222871147     20.472222871147      0.000000      0.000000      0.000000     30.530609274614    114.355114327698      0.028404     -1.031388     -0.163627  6    
441913.00  38534079.892042256892  3378987.869743633084     19.831489395350     19.831489395350      0.000000      0.000000      0.000000     30.530601207854    114.355112948459      0.241455     -1.129738      0.150582  6    
441914.00  38534080.351573728025  3378986.510219126474     20.370141332969     20.370141332969      0.000000      0.000000      0.000000     30.530588931762    114.355117692103     -0.201013     -1.323940     -0.229567  6    
441915.00  38534079.894810244441  3378985.672480151057     19.353160387836     19.353160387836      0.000000      0.000000      0.000000     30.530581388249    114.355112905215      0.221240     -1.091827      0.349604  6    
441916.00  38534079.788338907063  3378984.464490738232     19.138368317857     19.138368317857      0.000000      0.000000      0.000000     30.530570495092    114.355111756169     -0.001925     -1.109554     -0.005754  6    
441917.00  38534079.884411834180  3378983.334997458383     18.606603378430     18.606603378430      0.000000      0.000000      0.000000     30.530560304226    114.355112720178      0.081583     -1.212016      0.051359  5    
441918.00  38534079.376750461757  3378982.223267504945     17.905177730136     17.905177730136      0.000000      0.000000      0.000000     30.530550290733    114.355107393955      0.159264     -1.284465      0.287149  5    
441919.00  38534079.460113681853  3378981.080477057956     18.100994639099     18.100994639099      0.000000      0.000000      0.000000     30.530539980287    114.355108225095     -0.032767     -1.005938      0.073853  5    
441920.00  38534079.499636657536  3378980.026681324001     18.288969216868     18.288969216868      0.000000      0.000000      0.000000     30.530530473826    114.355108602346      0.134706     -1.170411      0.017944  5    
441921.00  38534079.643170416355  3378978.773147826083     18.570604044944     18.570604044944      0.000000      0.000000      0.000000     30.530519162757    114.355110056819      0.001853     -0.864197      0.030599  5    
441922.00  38534079.576138935983  3378977.769356004428     18.618253158405     18.618253158405      0.000000      0.000000      0.000000     30.530510110363    114.355109325431     -0.042403     -1.149506     -0.191801  5    
441923.00  38534079.768457204103  3378976.578872710466     19.163150491193     19.163150491193      0.000000      0.000000      0.000000     30.530499366628    114.355111290299     -0.116022     -0.889886     -0.199138  5    
441924.00  38534079.677464380860  3378975.461759637576     19.316197484732     19.316197484732      0.000000      0.000000      0.000000     30.530489292745    114.355110305520     -0.013402     -0.993338     -0.486732  5    
441925.00  38534079.525885052979  3378974.444707627408     18.903436113149     18.903436113149      0.000000      0.000000      0.000000     30.530480123143    114.355108692722     -0.158864     -0.878255     -0.398763  5    
441926.00  38534079.429403722286  3378973.372966665309     18.822852374986     18.822852374986      0.000000      0.000000      0.000000     30.530470458677    114.355107652242     -0.028301     -1.033713      0.186798  5    
441927.00  38534079.337786182761  3378972.367117807735     18.864709197544     18.864709197544      0.000000      0.000000      0.000000     30.530461388426    114.355106664604     -0.049018     -1.168857      0.051017  5    
441928.00  38534079.281868144870  3378971.277082197368     18.810457457788     18.810457457788      0.000000      0.000000      0.000000     30.530451557789    114.355106046187     -0.085539     -1.053683      0.242303  5    
441929.00  38534079.218210421503  3378970.228156701196     18.977405705489     18.977405705489      0.000000      0.000000      0.000000     30.530442098188    114.355105348473      0.002110     -1.001911      0.580420  5    
441930.00  38534079.282430619001  3378969.134750808589     18.940735226497     18.940735226497      0.000000      0.000000      0.000000     30.530432233738    114.355105981766     -0.001147     -1.188550      0.032848  5    
441931.00  38534079.078991904855  3378967.868102941196     19.382650746964     19.382650746964      0.000000      0.000000      0.000000     30.530420814231    114.355103820415     -0.044901     -1.132429     -0.008410  5    
441932.00  38534079.214018091559  3378966.857789696660     19.196522878483     19.196522878483      0.000000      0.000000      0.000000     30.530411697274    114.355105194220      0.072332     -1.063163      0.139673  1    
441933.00  38534078.685295231640  3378965.651385620236     19.906143171713     19.906143171713      0.000000      0.000000      0.000000     30.530400830408    114.355099645442      0.130751     -0.881298     -0.092120  1    
441934.00  38534078.934416666627  3378964.648533241358     19.798172532581     19.798172532581      0.000000      0.000000      0.000000     30.530391777509    114.355102208344     -0.016005     -1.224188     -0.222160  5    
441935.00  38534079.149732418358  3378963.447002232540     20.433501345105     20.433501345105      0.000000      0.000000      0.000000     30.530380933469    114.355104412478      0.055292     -0.921122     -0.070277  1    
441936.00  38534078.454550266266  3378962.185855629854     19.563736262731     19.563736262731      0.000000      0.000000      0.000000     30.530369577548    114.355097127431      0.027594     -0.978920     -0.043824  1    
441937.00  38534078.541298016906  3378961.143781959079     19.590257873759     19.590257873759      0.000000      0.000000      0.000000     30.530360175480    114.355097997141     -0.029966     -1.135459     -0.069677  1    
441938.00  38534078.572299540043  3378960.406302439980     19.455964679830     19.455964679830      0.000000      0.000000      0.000000     30.530353522464    114.355098295978      0.082804     -1.145122     -0.140462  1    
441939.00  38534079.264095142484  3378959.368995589204     19.318713240325     19.318713240325      0.000000      0.000000      0.000000     30.530344146210    114.355105470332      0.042816     -0.981225      0.097758  1    
441940.00  38534079.586478918791  3378958.636122101452     21.433257320896     21.433257320896      0.000000      0.000000      0.000000     30.530337526465    114.355108805469      0.056385     -0.776774     -0.035406  1    
441941.00  38534079.115276418626  3378957.409666165244     19.939105140045     19.939105140045      0.000000      0.000000      0.000000     30.530326477097    114.355103855390     -0.069620     -1.295733     -0.115345  5    
441942.00  38534079.106933683157  3378956.348252533469     19.738459821790     19.738459821790      0.000000      0.000000      0.000000     30.530316903281    114.355103733639     -0.028932     -1.200553     -0.050158  5    
441943.00  38534079.094372645020  3378955.204655242618     19.744447568431     19.744447568431      0.000000      0.000000      0.000000     30.530306588281    114.355103565238     -0.041878     -1.078681      0.051066  5    
441944.00  38534079.144295141101  3378953.977272559889     19.894413876347     19.894413876347      0.000000      0.000000      0.000000     30.530295515753    114.355104045156      0.069106     -1.170563      0.103466  5    
441945.00  38534079.192841738462  3378952.827982357237     19.762494726107     19.762494726107      0.000000      0.000000      0.000000     30.530285147666    114.355104513298      0.003864     -1.226012      0.142432  5    
441946.00  38534079.105768255889  3378951.746102611069     19.269132188521     19.269132188521      0.000000      0.000000      0.000000     30.530275391480    114.355103570516     -0.047131     -1.035211     -0.233060  5    
441947.00  38534079.178795799613  3378950.605364880990     19.249461114407     19.249461114407      0.000000      0.000000      0.000000     30.530265099842    114.355104294026      0.049033     -1.107626     -0.000966  5    
441948.00  38534079.272334568202  3378949.493264821824     19.190068193711     19.190068193711      0.000000      0.000000      0.000000     30.530255065936    114.355105232198      0.022831     -1.316825      0.236253  1    
441949.00  38534079.265362486243  3378948.305587489624     19.239024220034     19.239024220034      0.000000      0.000000      0.000000     30.530244353171    114.355105120587      0.029237     -1.213752     -0.168632  5    
441950.00  38534079.188662745059  3378947.211708978284     19.182906798087     19.182906798087      0.000000      0.000000      0.000000     30.530234488460    114.355104285505      0.017373     -1.057285     -0.036110  5    
441951.00  38534079.329061016440  3378946.141061287373     19.258039189503     19.258039189503      0.000000      0.000000      0.000000     30.530224827127    114.355105713303      0.100034     -0.980405     -0.148244  5    
441952.00  38534079.581062227488  3378945.470778042451     20.323844561353     20.323844561353      0.000000      0.000000      0.000000     30.530218773951    114.355108317117      0.032783     -1.341226      0.037349  6    
441953.00  38534079.743602201343  3378944.555454834364     20.108497347683     20.108497347683      0.000000      0.000000      0.000000     30.530210513032    114.355109980723      0.103154     -1.182694      0.568604  6    
441954.00  38534079.682927489281  3378943.259494323749     19.128355996683     19.128355996683      0.000000      0.000000      0.000000     30.530198825067    114.355109305989      0.057377     -0.902000     -0.282670  6    
441955.00  38534079.586660318077  3378941.717216244899     19.430891375989     19.430891375989      0.000000      0.000000      0.000000     30.530184916304    114.355108252307      0.093427     -0.904798      0.463875  6    
441956.00  38534079.423315607011  3378940.919247272890     19.576702716760     19.576702716760      0.000000      0.000000      0.000000     30.530177723186    114.355106524109     -0.052161     -1.076608      0.378551  6    
441957.00  38534079.280511878431  3378940.375264391769     19.166538403369     19.166538403369      0.000000      0.000000      0.000000     30.530172820464    114.355105018277     -0.041448     -1.175802     -0.391068  6    
441958.00  38534079.976758629084  3378939.783331036568     21.443888220936     21.443888220936      0.000000      0.000000      0.000000     30.530167461395    114.355112253609      0.067516     -1.175954      0.001300  6    
441959.00  38534080.116829797626  3378940.723627742380     19.077704778872     19.077704778872      0.000000      0.000000      0.000000     30.530175938983    114.355113743971     -0.150284     -1.349625      0.288876  6    
441960.00  38534080.201000936329  3378938.854797712062     18.637424004264     18.637424004264      0.000000      0.000000      0.000000     30.530159079566    114.355114559706     -0.223241     -1.286393     -0.285306  6    
441961.00  38534080.679541714489  3378936.290104930289     19.211823538877     19.211823538877      0.000000      0.000000      0.000000     30.530135932200    114.355119461864     -0.085361     -1.036854      0.170607  6    
441962.00  38534079.810865975916  3378935.254773807246     17.182916492224     17.182916492224      0.000000      0.000000      0.000000     30.530126618084    114.355110376474     -0.077669     -0.830007     -0.265458  6    
441963.00  38534080.536466389894  3378934.273297444452     19.895180350170     19.895180350170      0.000000      0.000000      0.000000     30.530117744466    114.355117904882     -0.004622     -0.861453     -0.132383  6    
441964.00  38534079.648071326315  3378932.929315198679     18.451720070094     18.451720070094      0.000000      0.000000      0.000000     30.530105646847    114.355108603897      0.073632     -1.202539     -0.034836  6    
441965.00  38534079.432263545692  3378932.266865180340     18.985580148175     18.985580148175      0.000000      0.000000      0.000000     30.530099677613    114.355106333492     -0.079606     -1.040905      0.296846  6    
441966.00  38534079.773973844945  3378930.558307548985     20.550667217933     20.550667217933      0.000000      0.000000      0.000000     30.530084256554    114.355109837991     -0.053936     -0.890205     -0.074651  6    
441967.00  38534079.611263163388  3378929.455669546966     20.765279466286     20.765279466286      0.000000      0.000000      0.000000     30.530074315274    114.355108106406     -0.053729     -0.840381     -0.260974  6    
441968.00  38534079.102226816118  3378928.258589746431     20.911815422587     20.911815422587      0.000000      0.000000      0.000000     30.530063531955    114.355102763083      0.025257     -1.144529      0.252750  6    
441969.00  38534078.777384012938  3378927.073667283636     20.378836229444     20.378836229444      0.000000      0.000000      0.000000     30.530052853065    114.355099339418      0.044437     -0.982164     -0.559765  6    
441970.00  38534079.232613585889  3378926.001249414869     18.991185529158     18.991185529158      0.000000      0.000000      0.000000     30.530043166825    114.355104047631     -0.066659     -1.163757     -0.034785  6    
441971.00  38534079.260024555027  3378924.988462131470     17.942888816819     17.942888816819      0.000000      0.000000      0.000000     30.530034030607    114.355104300022      0.095170     -1.160463      0.548063  6    
441972.00  38534079.289878368378  3378923.597779502627     18.578660892323     18.578660892323      0.000000      0.000000      0.000000     30.530021485668    114.355104565470      0.094168     -1.296481      0.017537  6    
441973.00  38534079.270429968834  3378922.269646012690     18.648547021672     18.648547021672      0.000000      0.000000      0.000000     30.530009506328    114.355104319251      0.086576     -1.270803      0.150651  6    
441974.00  38534079.098613642156  3378920.785000490025     19.248019075021     19.248019075021      0.000000      0.000000      0.000000     30.529996119562    114.355102480257      0.140048     -1.354748      0.085589  6    
441975.00  38534079.120722576976  3378919.681414778344     18.165965777822     18.165965777822      0.000000      0.000000      0.000000     30.529986164484    114.355102674424     -0.225567     -1.260671     -0.056225  6    
441976.00  38534079.339223437011  3378918.586081007496     17.707288484089     17.707288484089      0.000000      0.000000      0.000000     30.529976278263    114.355104915221     -0.277490     -1.130509      0.007923  6    
441977.00  38534078.979515388608  3378917.590220590122     17.833751263097     17.833751263097      0.000000      0.000000      0.000000     30.529967305721    114.355101134473     -0.015369     -1.308642     -0.371209  6    
441978.00  38534078.873020105064  3378916.294601759408     17.915411703289     17.915411703289      0.000000      0.000000      0.000000     30.529955622139    114.355099982312     -0.038029     -1.180841      0.026604  6    
441979.00  38534078.728355593979  3378915.096012552734     18.178363853134     18.178363853134      0.000000      0.000000      0.000000     30.529944814857    114.355098435620     -0.145662     -1.111334      0.443355  6    
441980.00  38534078.806882426143  3378913.976193038747     18.287585697137     18.287585697137      0.000000      0.000000      0.000000     30.529934711746    114.355099217116      0.001540     -1.306728      0.276397  6    
441981.00  38534078.845843642950  3378912.754020156804     18.502272963524     18.502272963524      0.000000      0.000000      0.000000     30.529923686523    114.355099582990      0.064758     -1.200892      0.111245  6    
441982.00  38534078.932322144508  3378911.795278309844     18.940935403109     18.940935403109      0.000000      0.000000      0.000000     30.529915036123    114.355100452624     -0.227042     -0.928632      0.542156  6    
441983.00  38534078.992487594485  3378910.619629329070     18.730423303321     18.730423303321      0.000000      0.000000      0.000000     30.529904429947    114.355101040966     -0.068123     -1.260229     -0.122580  6    
441984.00  38534079.321896336973  3378909.775209001731     17.440430158749     17.440430158749      0.000000      0.000000      0.000000     30.529896803839    114.355104445628      0.037465     -1.220365      0.091640  6    
441985.00  38534079.635255575180  3378908.458221890498     17.386654968373     17.386654968373      0.000000      0.000000      0.000000     30.529884915589    114.355107667554     -0.017497     -1.154128      0.347229  6    
441986.00  38534079.429795309901  3378907.433789405040     19.553407899104     19.553407899104      0.000000      0.000000      0.000000     30.529875680944    114.355105493098      0.108833     -1.255115     -0.672233  6    
441987.00  38534079.317051440477  3378906.189104701392     18.493817350827     18.493817350827      0.000000      0.000000      0.000000     30.529864456969    114.355104277501      0.036208     -0.970774     -0.171715  6    
441988.00  38534078.713407054543  3378904.614415242802     20.472706262954     20.472706262954      0.000000      0.000000      0.000000     30.529850270261    114.355097936009     -0.179841     -0.924112      0.299057  6    
441989.00  38534078.833436883986  3378903.402715280652     20.294254930690     20.294254930690      0.000000      0.000000      0.000000     30.529839337201    114.355099146942     -0.084025     -1.102384      0.257071  6    
441990.00  38534079.689990766346  3378901.826852870639     22.150237860158     22.150237860158      0.000000      0.000000      0.000000     30.529825098445    114.355108020333     -0.080935     -1.167580      0.170461  6    
441991.00  38534079.275962874293  3378901.271533309482     21.550934268162     21.550934268162      0.000000      0.000000      0.000000     30.529820101167    114.355103688043      0.126500     -0.905881     -0.202265  6    
441992.00  38534079.220608346164  3378900.171348694246     20.756930366158     20.756930366158      0.000000      0.000000      0.000000     30.529810178967    114.355103075170      0.262561     -1.416141      0.051767  6    
441993.00  38534079.546778216958  3378898.546308551915     21.532658988610     21.532658988610      0.000000      0.000000      0.000000     30.529795511685    114.355106420471     -0.068765     -1.073481      0.145168  6    
441994.00  38534079.760689616203  3378897.022440723609     22.137433812954     22.137433812954      0.000000      0.000000      0.000000     30.529781760175    114.355108599385      0.193945     -1.332091     -0.652690  6    
441995.00  38534080.102767460048  3378895.206470467150     23.054457304068     23.054457304068      0.000000      0.000000      0.000000     30.529765370233    114.355112104178      0.195380     -1.122890     -0.051520  6    
441996.00  38534079.990975998342  3378894.303656511009     22.984639407136     22.984639407136      0.000000      0.000000      0.000000     30.529757229938    114.355110909720      0.132073     -1.130684      0.204438  6    
441997.00  38534079.393442943692  3378892.731076334603     23.898901227862     23.898901227862      0.000000      0.000000      0.000000     30.529743062082    114.355104631982      0.240458     -1.152052      0.244866  6    
441998.00  38534079.175724819303  3378891.926191960461     21.997318672948     21.997318672948      0.000000      0.000000      0.000000     30.529735808130    114.355102337008      0.175528     -1.361177      0.139523  6    
441999.00  38534079.446203932166  3378890.837372673210     22.193386016414     22.193386016414      0.000000      0.000000      0.000000     30.529725979194    114.355105119614     -0.029273     -1.313700      0.171556  6    
442000.00  38534079.686056979001  3378890.133184362203     21.067684638314     21.067684638314      0.000000      0.000000      0.000000     30.529719620535    114.355107595722     -0.143105     -1.051043     -0.017808  6    
442001.00  38534079.490922659636  3378888.889457946178     20.970275693573     20.970275693573      0.000000      0.000000      0.000000     30.529708407544    114.355105521670     -0.215853     -1.110890     -0.319497  6    
442002.00  38534079.646325014532  3378887.757158590946     20.110734695569     20.110734695569      0.000000      0.000000      0.000000     30.529698189681    114.355107103778     -0.084832     -1.302884      0.349875  6    
442003.00  38534079.271127693355  3378886.724600762594     19.261033032089     19.261033032089      0.000000      0.000000      0.000000     30.529688886565    114.355103160442     -0.478007     -1.037173      0.870090  6    
442004.00  38534078.753171704710  3378885.522347806487     19.649854941294     19.649854941294      0.000000      0.000000      0.000000     30.529678056836    114.355097724031      0.157461     -1.284925      0.044957  6    
442005.00  38534078.612757384777  3378885.350993869361     18.246841553599     18.246841553599      0.000000      0.000000      0.000000     30.529676515194    114.355096255328     -0.007613     -1.197252     -0.057516  6    
442006.00  38534078.582601495087  3378884.184429412242     18.531276273541     18.531276273541      0.000000      0.000000      0.000000     30.529665993526    114.355095902843      0.086239     -1.196877     -0.131771  6    
442007.00  38534078.549387946725  3378882.495637834072     18.052019062452     18.052019062452      0.000000      0.000000      0.000000     30.529650761406    114.355095501366     -0.159953     -1.086363     -0.056940  6    
442008.00  38534078.496257916093  3378881.770035426132     18.636415920220     18.636415920220      0.000000      0.000000      0.000000     30.529644217910    114.355094923962      0.086973     -1.116442     -0.905816  6    
442009.00  38534078.120332896709  3378880.999478498939     19.087031515315     19.087031515315      0.000000      0.000000      0.000000     30.529637278088    114.355090981642     -0.230918     -1.037968      0.533096  6    
442010.00  38534077.645221084356  3378879.970411623828     20.329179332592     20.329179332592      0.000000      0.000000      0.000000     30.529628009297    114.355085997342      0.129822     -0.915984     -0.517608  1    
442011.00  38534077.736286908388  3378878.414980883244     21.048920462839     21.048920462839      0.000000      0.000000      0.000000     30.529613976574    114.355086895200     -0.153064     -1.040372      0.287096  6    
442012.00  38534078.585038304329  3378877.301307210699     22.206903269514     22.206903269514      0.000000      0.000000      0.000000     30.529603907027    114.355095702435     -0.136742     -0.983447      0.263355  6    
442013.00  38534078.658463403583  3378876.283807348460     21.836796187796     21.836796187796      0.000000      0.000000      0.000000     30.529594726995    114.355096434127      0.203786     -1.059008      0.075422  6    
442014.00  38534078.677878789604  3378874.061029128265     23.534507504664     23.534507504664      0.000000      0.000000      0.000000     30.529574676768    114.355096563513      0.087242     -1.069275     -0.161719  6    
442015.00  38534078.119689792395  3378873.606673613191     23.005450718105     23.005450718105      0.000000      0.000000      0.000000     30.529570594289    114.355090732426      0.083890     -0.939684      0.298724  6    
442016.00  38534078.584361754358  3378873.433589727152     20.505365997553     20.505365997553      0.000000      0.000000      0.000000     30.529569019859    114.355095568507      0.142064     -0.979679     -0.128666  6    
442017.00  38534078.514124207199  3378871.228377324529     22.316219341941     22.316219341941      0.000000      0.000000      0.000000     30.529549130624    114.355094764310      0.218702     -1.071935      0.002350  6    
442018.00  38534078.218998119235  3378870.869124680292     20.755893755704     20.755893755704      0.000000      0.000000      0.000000     30.529545898511    114.355091677389      0.749972     -1.051629     -2.202890  6    
442019.00  38534078.229257628322  3378870.385365619790     16.893992308527     16.893992308527      0.000000      0.000000      0.000000     30.529541534666    114.355091768422      0.518407     -1.284172      1.275832  6    
442020.00  38534078.133708178997  3378869.078057337087     17.429799616337     17.429799616337      0.000000      0.000000      0.000000     30.529529745332    114.355090729937      0.124794     -1.071935      0.463076  6    
442021.00  38534078.631386257708  3378867.534979465418     19.113344405778     19.113344405778      0.000000      0.000000      0.000000     30.529515812487    114.355095864989      0.126132     -0.991573     -0.064139  6    
442022.00  38534078.921538099647  3378866.177132307552     19.798320198432     19.798320198432      0.000000      0.000000      0.000000     30.529503556334    114.355098843749      0.057770     -1.102697      0.277930  6    
442023.00  38534079.687536545098  3378864.629472958390     21.345222149976     21.345222149976      0.000000      0.000000      0.000000     30.529489574543    114.355106774473     -0.091957     -0.947375     -0.413652  6    
442024.00  38534079.224349334836  3378864.182322437875     19.551272574812     19.551272574812      0.000000      0.000000      0.000000     30.529485554356    114.355101933520     -0.110252     -0.951527     -0.332944  6    
442025.00  38534079.040718495846  3378863.370639911387     18.078414252028     18.078414252028      0.000000      0.000000      0.000000     30.529478238115    114.355099993509     -0.132553     -1.225635     -0.029738  6    
442026.00  38534078.746882326901  3378862.471426037606     17.290922124870     17.290922124870      0.000000      0.000000      0.000000     30.529470135463    114.355096902319      0.125443     -1.433855      0.064091  6    
442027.00  38534078.352060094476  3378861.129398586694     18.490872363560     18.490872363560      0.000000      0.000000      0.000000     30.529458041457    114.355092744356     -0.031760     -1.239951      0.376505  6    
442028.00  38534078.347463116050  3378859.994369481225     18.674247643910     18.674247643910      0.000000      0.000000      0.000000     30.529447803515    114.355092659223      0.057013     -1.011103     -0.127078  6    
442029.00  38534078.329989217222  3378858.858740859199     18.744859689847     18.744859689847      0.000000      0.000000      0.000000     30.529437560530    114.355092439896      0.018604     -1.162798     -0.136074  6    
442030.00  38534078.512329593301  3378857.818201479502     18.754216845147     18.754216845147      0.000000      0.000000      0.000000     30.529428169586    114.355094305698      0.268783     -1.300164      0.069006  6    
442031.00  38534078.748587474227  3378856.591345788911     18.484427735209     18.484427735209      0.000000      0.000000      0.000000     30.529417096519    114.355096727193      0.043421     -1.151162      0.245396  6    
442032.00  38534079.238677196205  3378855.129101327155     18.128250099719     18.128250099719      0.000000      0.000000      0.000000     30.529403893014    114.355101785821      0.236047     -1.110527      0.101414  6    
442033.00  38534079.521335020661  3378853.944516481832     19.068797689863     19.068797689863      0.000000      0.000000      0.000000     30.529393199917    114.355104692176     -0.220691     -0.842582      0.045684  6    
442034.00  38534079.649749726057  3378852.728564039338     19.698847590946     19.698847590946      0.000000      0.000000      0.000000     30.529382228260    114.355105990331     -0.123861     -1.185796      0.062556  6    
442035.00  38534079.407777115703  3378851.710429343861     20.181532374583     20.181532374583      0.000000      0.000000      0.000000     30.529373051458    114.355103435645     -0.180527     -1.255312      0.127138  6    
442036.00  38534079.383886381984  3378850.690023572650     20.044632526115     20.044632526115      0.000000      0.000000      0.000000     30.529363847977    114.355103153236     -0.042210     -1.109343      0.419550  6    
442037.00  38534079.323762238026  3378849.335307226051     20.087132457644     20.087132457644      0.000000      0.000000      0.000000     30.529351630011    114.355102482318     -0.117530     -1.127696      0.259505  6    
442038.00  38534079.487920045853  3378847.937905019615     18.540046891198     18.540046891198      0.000000      0.000000      0.000000     30.529339020646    114.355104146954     -0.025146     -1.160766     -0.038936  6    
442039.00  38534079.009406067431  3378845.870117079001     19.434021617286     19.434021617286      0.000000      0.000000      0.000000     30.529320382586    114.355099093143      0.236497     -1.351714     -1.309318  6    
442040.00  38534079.305164188147  3378845.263407350518     18.924740642309     18.924740642309      0.000000      0.000000      0.000000     30.529314901606    114.355102154954     -0.171483     -1.243614      0.136369  6    
442041.00  38534079.265267319977  3378845.228557722177     18.062204845250     18.062204845250      0.000000      0.000000      0.000000     30.529314588392    114.355101738097     -0.115308     -1.103555     -0.230795  6    
442042.00  38534079.585179239511  3378843.802404345945     18.400075529702     18.400075529702      0.000000      0.000000      0.000000     30.529301715265    114.355105024701     -0.063419     -1.286116      0.518043  6    
442043.00  38534079.273493804038  3378842.148095763288     19.842119693756     19.842119693756      0.000000      0.000000      0.000000     30.529286802091    114.355101722761     -0.239828     -1.263438      1.339432  6    
442044.00  38534079.423176407814  3378841.488216297235     22.346773222089     22.346773222089      0.000000      0.000000      0.000000     30.529280845664    114.355103260762      0.236794     -1.399150     -0.324039  6    
442045.00  38534079.325387805700  3378839.568123396952     22.601263695396     22.601263695396      0.000000      0.000000      0.000000     30.529263529016    114.355102178845      0.106606     -1.162230      0.034246  6    
442046.00  38534078.761818915606  3378838.313442798331     23.211108292453     23.211108292453      0.000000      0.000000      0.000000     30.529252227679    114.355096265466      0.091156     -0.819608      0.018847  6    
442047.00  38534079.284016914666  3378837.112868981902     22.477052806877     22.477052806877      0.000000      0.000000      0.000000     30.529241383556    114.355101667229      0.000912     -0.825132     -0.089103  6    
442048.00  38534079.508836090565  3378836.115673589520     23.312190253288     23.312190253288      0.000000      0.000000      0.000000     30.529232382372    114.355103977065     -0.092686     -0.986575     -0.449317  6    
442049.00  38534079.098506204784  3378834.929571584333     23.214997705072     23.214997705072      0.000000      0.000000      0.000000     30.529221695269    114.355099662641      0.011792     -1.082281      0.139311  6    
442050.00  38534079.319951236248  3378833.397794348188     24.446518700570     24.446518700570      0.000000      0.000000      0.000000     30.529207872200    114.355101919782     -0.177553     -1.467833     -0.115413  6    
442051.00  38534078.604940928519  3378832.065340578090     25.218840547837     25.218840547837      0.000000      0.000000      0.000000     30.529195873642    114.355094425882     -0.057997     -0.712357     -0.287578  6    
442052.00  38534078.264789186418  3378830.658702883869     25.319853380322     25.319853380322      0.000000      0.000000      0.000000     30.529183195292    114.355090835461      0.060220     -0.902950     -0.452411  6    
442053.00  38534077.888714574277  3378829.448828040622     27.620316474698     27.620316474698      0.000000      0.000000      0.000000     30.529172292783    114.355086877191     -0.195001     -0.941226     -0.510814  6    
442054.00  38534078.277983412147  3378829.051165201701     25.593267420307     25.593267420307      0.000000      0.000000      0.000000     30.529168694771    114.355090920208     -0.018529     -0.702482      0.229868  6    
442055.00  38534078.785368837416  3378828.318196594249     23.153225690126     23.153225690126      0.000000      0.000000      0.000000     30.529162068914    114.355096182964      0.004285     -0.556822      0.656592  6    
442056.00  38534078.427656024694  3378827.712076561525     23.663922639564     23.663922639564      0.000000      0.000000      0.000000     30.529156611810    114.355092435824      0.006517     -0.584308     -0.116936  6    
442057.00  38534079.164352416992  3378827.352434559725     22.424036169425     22.424036169425      0.000000      0.000000      0.000000     30.529153346884    114.355100100175      0.061442     -0.488432      0.062108  6    
442058.00  38534079.806232653558  3378826.557360555977     22.304950343445     22.304950343445      0.000000      0.000000      0.000000     30.529146157010    114.355106762286      0.138128     -0.394635      0.286536  6    
442059.00  38534079.603572852910  3378826.366837704554     21.628629765473     21.628629765473      0.000000      0.000000      0.000000     30.529144444231    114.355104644384     -0.015054     -0.496016     -0.121470  6    
442060.00  38534079.549075037241  3378826.206154301763     21.192988602445     21.192988602445      0.000000      0.000000      0.000000     30.529142996399    114.355104071262      0.052432     -0.388906      0.143181  6    
442061.00  38534079.333827212453  3378825.878021471202     20.150007339194     20.150007339194      0.000000      0.000000      0.000000     30.529140042721    114.355101817682     -0.048461     -0.417969     -0.338156  6    
442062.00  38534079.425247393548  3378825.230345322285     20.283676822670     20.283676822670      0.000000      0.000000      0.000000     30.529134198023    114.355102749005     -0.046317     -0.939101     -0.081028  6    
442063.00  38534079.233658820391  3378824.546775732655     20.250210776925     20.250210776925      0.000000      0.000000      0.000000     30.529128037599    114.355100730288      0.057267     -1.389297     -0.035907  6    
442064.00  38534079.051712460816  3378823.817479504738     20.628201106563     20.628201106563      0.000000      0.000000      0.000000     30.529121464443    114.355098810540      0.144240     -0.784084     -0.833331  6    
442065.00  38534079.686264306307  3378823.024575563613     20.199026728980     20.199026728980      0.000000      0.000000      0.000000     30.529114294352    114.355105396360      0.560316     -0.844098     -0.041387  6    
442066.00  38534080.316273160279  3378823.198913800530     20.453138448298     20.453138448298      0.000000      0.000000      0.000000     30.529115849008    114.355111966575      0.856575     -0.900146      0.250964  6    
442067.00  38534080.860784716904  3378821.751499253325     19.835856367834     19.835856367834      0.000000      0.000000      0.000000     30.529102777724    114.355117592731      0.718181     -0.803124     -0.264518  6    
442068.00  38534081.315797671676  3378821.063960066531     20.440492914058     20.440492914058      0.000000      0.000000      0.000000     30.529096563131    114.355122311267      0.801818     -0.607985      0.744555  6    
442069.00  38534082.300681501627  3378820.511308972258     20.291050435044     20.291050435044      0.000000      0.000000      0.000000     30.529091550193    114.355132555315      1.069204     -0.600569     -0.119664  6    
442070.00  38534083.714723765850  3378818.979587784037     20.346351533197     20.346351533197      0.000000      0.000000      0.000000     30.529077693758    114.355147238936      1.122560     -0.181521      0.190713  6    
442071.00  38534084.407020419836  3378820.607684073038     18.532676768489     18.532676768489      0.000000      0.000000      0.000000     30.529092359683    114.355154505864      0.691249     -0.381771      0.833234  6    
442072.00  38534085.074846222997  3378820.312775612809     17.439749022014     17.439749022014      0.000000      0.000000      0.000000     30.529089680612    114.355161454722      1.142893     -0.129395     -0.170768  6    
442073.00  38534086.431088186800  3378821.375623178668     20.893722767010     20.893722767010      0.000000      0.000000      0.000000     30.529099229079    114.355175621209      0.914817     -0.350167     -0.447863  6    
442074.00  38534087.690691903234  3378821.514131292235     20.402251512744     20.402251512744      0.000000      0.000000      0.000000     30.529100442657    114.355188750428      0.800714      0.118485      0.274304  6    
442075.00  38534087.950268298388  3378819.598807900678     20.570665881038     20.570665881038      0.000000      0.000000      0.000000     30.529083158880    114.355191392285      1.090110      0.130551     -0.279006  6    
442076.00  38534089.664822056890  3378819.622791930567     20.980083306320     20.980083306320      0.000000      0.000000      0.000000     30.529083326514    114.355209258179      0.955813      0.163136     -0.103182  6    
442077.00  38534090.881414182484  3378818.781722621992     21.346206518821     21.346206518821      0.000000      0.000000      0.000000     30.529075705427    114.355221907084      1.315065      0.002719      0.156914  6    
442078.00  38534091.528732270002  3378818.990799617022     18.891661094502     18.891661094502      0.000000      0.000000      0.000000     30.529077572933    114.355228658794      0.909783      0.407493      0.660460  6    
442079.00  38534092.883248709142  3378819.517759128474     19.822248538025     19.822248538025      0.000000      0.000000      0.000000     30.529082287679    114.355242789719      0.512632      0.280941      0.268183  6    
442080.00  38534094.661197662354  3378821.692488108296     21.132968368009     21.132968368009      0.000000      0.000000      0.000000     30.529101853434    114.355261386757      1.075029     -0.245168     -0.167649  6    
442081.00  38534095.443633742630  3378819.415090323891     20.509174804203     20.509174804203      0.000000      0.000000      0.000000     30.529081288854    114.355269464751      0.959032      0.072137      0.033663  6    
442082.00  38534096.244341403246  3378819.868383724242     21.485201870091     21.485201870091      0.000000      0.000000      0.000000     30.529085354855    114.355277822748      0.949722     -0.066382     -0.041210  6    
442083.00  38534098.691543176770  3378820.149416552857     18.279377557337     18.279377557337      0.000000      0.000000      0.000000     30.529087820266    114.355303331041      1.100755      0.086747     -0.196266  6    
442084.00  38534099.501206927001  3378819.734421151690     23.054163209163     23.054163209163      0.000000      0.000000      0.000000     30.529084053961    114.355311753859      1.127447     -0.185569      0.284143  6    
442085.00  38534100.959305234253  3378819.292285801377     20.073442517780     20.073442517780      0.000000      0.000000      0.000000     30.529080024424    114.355326932269      1.045967      0.122988      0.002269  6    
442086.00  38534102.586440868676  3378819.652340996079     19.343600054272     19.343600054272      0.000000      0.000000      0.000000     30.529083225919    114.355343898326      1.768106      0.641376      0.799233  6    
442087.00  38534104.382612168789  3378820.814586633816     20.864636081271     20.864636081271      0.000000      0.000000      0.000000     30.529093658444    114.355362652017      1.768106      0.641375      0.799233  6    
442088.00  38534106.347817108035  3378822.779020909686     24.636551184580     24.636551184580      0.000000      0.000000      0.000000     30.529111321982    114.355383193325      1.768106      0.641375      0.799234  6    
442089.00  38534107.500854067504  3378824.021940093488     22.352689425461     22.352689425461      0.000000      0.000000      0.000000     30.529122500463    114.355395248415      1.164939     -0.314670     -0.237394  6    
442090.00  38534106.519347250462  3378818.995502133388     21.085975498892     21.085975498892      0.000000      0.000000      0.000000     30.529077189399    114.355384856400      0.835586      0.095562     -0.421574  6    
442091.00  38534108.379222810268  3378820.375115104020     21.998198821209     21.998198821209      0.000000      0.000000      0.000000     30.529089580781    114.355404281009      0.959098     -0.375050      0.436504  6    
442092.00  38534110.349037878215  3378823.291380872019     25.918897625990     25.918897625990      0.000000      0.000000      0.000000     30.529115829794    114.355424901613      0.956387     -0.085474     -0.029898  6    
442093.00  38534112.568918533623  3378823.931552052964     26.416937014088     26.416937014088      0.000000      0.000000      0.000000     30.529121541101    114.355448053095      0.844426      0.522679      0.538053  6    
442094.00  38534112.036395050585  3378823.925193835981     22.210773831233     22.210773831233      0.000000      0.000000      0.000000     30.529121498886    114.355442504158      1.148271     -0.529807     -0.044521  6    
442095.00  38534113.225303694606  3378823.288394846022     24.426085546613     24.426085546613      0.000000      0.000000      0.000000     30.529115721102    114.355454871303      1.317701      0.163514     -0.032631  6    
442096.00  38534114.540185831487  3378822.757892657537     24.270592755638     24.270592755638      0.000000      0.000000      0.000000     30.529110898542    114.355468554542      0.119999     -0.024748     -0.258405  6    
442097.00  38534117.336013846099  3378822.379623140674     23.881236406974     23.881236406974      0.000000      0.000000      0.000000     30.529107407033    114.355497673770      0.879031     -0.074941     -0.118256  6    
442098.00  38534116.862870551646  3378823.356989472173     20.171721917577     20.171721917577      0.000000      0.000000      0.000000     30.529116236423    114.355492775863      1.061276      0.264036      0.226528  6    
442099.00  38534117.042083859444  3378824.008956391830     19.487491780892     19.487491780892      0.000000      0.000000      0.000000     30.529122112133    114.355494664620      1.081625     -0.147029     -0.276849  6    
442100.00  38534118.526065543294  3378824.382183050271     20.961364497431     20.961364497431      0.000000      0.000000      0.000000     30.529125436484    114.355510139503      1.004560     -0.069894     -0.094827  6    
442101.00  38534119.347858913243  3378825.255004840903     21.031265687197     21.031265687197      0.000000      0.000000      0.000000     30.529133286057    114.355518730999      1.066281      0.320001     -0.061666  6    
442102.00  38534120.152036868036  3378825.868275792338     20.519581393339     20.519581393339      0.000000      0.000000      0.000000     30.529138794956    114.355527130425      0.830538     -0.064467     -0.520735  6    
442103.00  38534121.709329508245  3378825.668399288785     24.629377145320     24.629377145320      0.000000      0.000000      0.000000     30.529136947773    114.355543350365      1.447315     -0.261212     -0.277732  6    
442104.00  38534121.420387424529  3378825.175948868506     24.894172038883     24.894172038883      0.000000      0.000000      0.000000     30.529132514038    114.355540323504      0.651480      0.054123      0.761423  6    
442105.00  38534122.390041992068  3378824.798637315165     24.863458371721     24.863458371721      0.000000      0.000000      0.000000     30.529129083080    114.355550414609      0.871073      0.216702      0.053481  6    
442106.00  38534124.618293367326  3378824.536464574281     24.537236695178     24.537236695178      0.000000      0.000000      0.000000     30.529126654896    114.355573623681      0.871073      0.216701      0.053481  6    
442107.00  38534126.453783199191  3378822.314026299864     29.129287163727     29.129287163727      0.000000      0.000000      0.000000     30.529106556091    114.355592675905      2.889829     -1.409856     -7.827207  6    
442108.00  38534126.827098183334  3378825.137774667237     25.559938311577     25.559938311577      0.000000      0.000000      0.000000     30.529132015960    114.355596658491      1.282199     -0.049633     -1.483416  6    
442109.00  38534128.052654705942  3378825.913544782437     26.236255518161     26.236255518161      0.000000      0.000000      0.000000     30.529138978629    114.355609453893      0.895756     -0.009039      0.776744  6    
442110.00  38534128.569110713899  3378824.931069938932     26.856655490585     26.856655490585      0.000000      0.000000      0.000000     30.529130101923    114.355614802927      2.101837     -1.309032     -4.971222  6    
442111.00  38534128.839397817850  3378826.325443940237     21.826207341626     21.826207341626      0.000000      0.000000      0.000000     30.529142671625    114.355617665043      1.010754     -0.049885     -0.181469  6    
442112.00  38534129.453900143504  3378822.599660094362     22.806642003357     22.806642003357      0.000000      0.000000      0.000000     30.529109047217    114.355623945564      1.179226      0.017421     -0.082823  6    
442113.00  38534130.080170385540  3378821.361694327090     26.520009959117     26.520009959117      0.000000      0.000000      0.000000     30.529097862834    114.355630430432      1.132602      0.169882      0.417226  6    
442114.00  38534130.718207716942  3378822.611543874722     32.966309752315     32.966309752315      0.000000      0.000000      0.000000     30.529109118452    114.355637119642      1.132602      0.169882      0.417226  6    
442115.00  38534133.551525466144  3378820.027109622490     22.796740329824     22.796740329824      0.000000      0.000000      0.000000     30.529085726018    114.355666557006      0.704934     -0.017918     -0.379785  6    
442116.00  38534133.334462322295  3378817.975825473666     22.110094846226     22.110094846226      0.000000      0.000000      0.000000     30.529067229410    114.355664227879      1.314822      0.528091      0.587055  6    
442117.00  38534134.433574713767  3378820.640734171029     20.487982518040     20.487982518040      0.000000      0.000000      0.000000     30.529091235883    114.355675767842      0.894126      0.035678     -0.320376  6    
442118.00  38534134.576539017260  3378814.695384890772     19.940491871908     19.940491871908      0.000000      0.000000      0.000000     30.529037604188    114.355677062135      1.031312     -0.235752     -0.459883  6    
442119.00  38534136.455664053559  3378819.292410770431     22.072424693964     22.072424693964      0.000000      0.000000      0.000000     30.529079016357    114.355696793069      1.614485      0.045807      0.318055  6    
442120.00  38534139.927757129073  3378827.135337893851     15.443315857090     15.443315857090      0.000000      0.000000      0.000000     30.529149661549    114.355733228917      1.221235     -0.053556     -0.129826  6    
442121.00  38534141.879493318498  3378829.764034046326     14.678594054654     14.678594054654      0.000000      0.000000      0.000000     30.529173317117    114.355753651794      1.162260     -0.008891     -0.526524  6    
442122.00  38534142.310866728425  3378827.178490027785     19.778251422569     19.778251422569      0.000000      0.000000      0.000000     30.529149982987    114.355758061598      1.162260     -0.008892     -0.526524  6    
442123.00  38534142.874732501805  3378825.135918571148     19.901459112763     19.901459112763      0.000000      0.000000      0.000000     30.529131542752    114.355763869774      1.290520     -0.067386      0.415000  6    
442124.00  38534144.431250728667  3378826.564537462313     17.187326133251     17.187326133251      0.000000      0.000000      0.000000     30.529144384747    114.355780135163      2.089352     -0.110867     -1.558579  6    
442125.00  38534145.365472435951  3378822.456808100455     17.883318859152     17.883318859152      0.000000      0.000000      0.000000     30.529107306048    114.355789734450     -2.539056      3.383605     19.846775  6    
442126.00  38534145.098164372146  3378825.591486434918      6.876754589379      6.876754589379      0.000000      0.000000      0.000000     30.529135588757    114.355787052214      2.144308     -0.786440     -2.828951  6    
442127.00  38534146.215888626873  3378824.264495582320     27.340752502903     27.340752502903      0.000000      0.000000      0.000000     30.529123587368    114.355798654935      1.269659      0.064882     -0.311974  6    
442128.00  38534148.101121731102  3378822.604515857063     17.971882681362     17.971882681362      0.000000      0.000000      0.000000     30.529108560546    114.355818243910      1.362424      0.093176      0.323688  6    
442129.00  38534149.248816668987  3378821.466595178470     15.730029790662     15.730029790662      0.000000      0.000000      0.000000     30.529098263732    114.355830165124      1.158899      0.175407     -0.729672  6    
442130.00  38534150.787941992283  3378822.718963214662     16.876050033607     16.876050033607      0.000000      0.000000      0.000000     30.529109516414    114.355846243494      1.253148      0.500572      0.787982  6    
442131.00  38534151.899943158031  3378822.266430252232     16.064974439330     16.064974439330      0.000000      0.000000      0.000000     30.529105402878    114.355857815319      0.880988      0.231802     -0.274384  6    
442132.00  38534154.430111639202  3378823.193041097373     16.032925347798     16.032925347798      0.000000      0.000000      0.000000     30.529113688989    114.355884209342      0.077956      0.508458     -1.920442  6    
442133.00  38534154.662478253245  3378820.101885901298     17.699792755768     17.699792755768      0.000000      0.000000      0.000000     30.529085799857    114.355886528901      1.512883     -0.024222     -0.069747  6    
442134.00  38534155.549277327955  3378821.116391472518     18.402395227924     18.402395227924      0.000000      0.000000      0.000000     30.529094925556    114.355895802421      1.174321     -0.115448     -0.263773  6    
442135.00  38534157.921082384884  3378823.351746858098     18.010390540585     18.010390540585      0.000000      0.000000      0.000000     30.529115021170    114.355920589379      1.109003     -0.082505      0.057481  6    
442136.00  38534159.484336331487  3378822.810543049127     19.144943064079     19.144943064079      0.000000      0.000000      0.000000     30.529110094962    114.355936860199      1.253292      0.117973      0.704153  6    
442137.00  38534161.008559793234  3378823.253808642272     21.551331099123     21.551331099123      0.000000      0.000000      0.000000     30.529114049873    114.355952756704      1.186271     -0.257277      0.505016  6    
442138.00  38534160.881854973733  3378822.325455832295     21.964742685668     21.964742685668      0.000000      0.000000      0.000000     30.529105679648    114.355951405952      1.007033     -0.440858     -0.091205  6    
442139.00  38534163.211477309465  3378823.092598025687     21.626244199462     21.626244199462      0.000000      0.000000      0.000000     30.529112533027    114.355975705111      0.782254      0.014239     -0.440147  6    
442140.00  38534164.465019933879  3378823.775116954464     20.882857944816     20.882857944816      0.000000      0.000000      0.000000     30.529118653727    114.355988789077      1.014801      0.014971     -0.286042  6    
442141.00  38534166.656039878726  3378827.355854892638     18.531755618751     18.531755618751      0.000000      0.000000      0.000000     30.529150889951    114.356011736583      0.957917      0.221017      1.135217  6    
442142.00  38534166.535716034472  3378824.982840223238     17.363323103637     17.363323103637      0.000000      0.000000      0.000000     30.529129488555    114.356010404801      1.343201     -0.048982      0.753160  6    
442143.00  38534167.020449757576  3378821.965437070001     21.954013878480     21.954013878480      0.000000      0.000000      0.000000     30.529102257486    114.356015356335      1.363662      0.485904      1.232630  6    
442144.00  38534168.846666768193  3378821.544519140851     21.011022964492     21.011022964492      0.000000      0.000000      0.000000     30.529098408769    114.356034371096      1.183424      0.033854      0.332611  6    
442145.00  38534170.947610571980  3378822.180586358067     26.151021518745     26.151021518745      0.000000      0.000000      0.000000     30.529104086336    114.356056283189      0.265772     -0.174035     -1.983308  6    
442146.00  38534172.084264032543  3378823.445911611430     28.290730323642     28.290730323642      0.000000      0.000000      0.000000     30.529115467326    114.356068168381      1.162117     -0.067264     -0.217770  6    
442147.00  38534172.446467548609  3378822.467484677676     28.280373904854     28.280373904854      0.000000      0.000000      0.000000     30.529106631506    114.356071910243      1.246222      0.086876     -0.246554  6    
442148.00  38534172.034221462905  3378819.245304552838     26.119953162968     26.119953162968      0.000000      0.000000      0.000000     30.529077578869    114.356067508779      1.246222      0.086876     -0.246554  6    
442149.00  38534173.094435080886  3378818.802803658880     26.884276791476     26.884276791476      0.000000      0.000000      0.000000     30.529073557277    114.356078541312      0.754465      0.140166      0.047246  6    
442150.00  38534175.032548859715  3378821.601369868498     21.237713589333     21.237713589333      0.000000      0.000000      0.000000     30.529098745423    114.356098827903      1.191760     -0.083006      0.588588  6    
442151.00  38534176.344028756022  3378821.095771175344     20.672705749050     20.672705749050      0.000000      0.000000      0.000000     30.529094147525    114.356112476476      0.939142     -0.150581     -0.044348  6    
442152.00  38534176.368416815996  3378821.131155456416     25.586822193116     25.586822193116      0.000000      0.000000      0.000000     30.529094466001    114.356112731756      1.050687     -0.401715     -0.201337  6    
442153.00  38534179.177707307041  3378822.528271511663     20.460619647987     20.460619647987      0.000000      0.000000      0.000000     30.529106988113    114.356142049640      0.644619     -0.479947     -0.685431  6    
442154.00  38534177.632186211646  3378818.000029903837     31.504278203472     31.504278203472      0.000000      0.000000      0.000000     30.529066186954    114.356125796822      1.907198     -0.307868      1.101645  6    
442155.00  38534180.507080085576  3378820.903651275672     20.861529534683     20.861529534683      0.000000      0.000000      0.000000     30.529092296019    114.356155847833      0.824022     -0.371190     -0.473362  6    
442156.00  38534180.224709510803  3378819.133438185323     21.013373956084     21.013373956084      0.000000      0.000000      0.000000     30.529076336568    114.356152847378      1.142900     -0.133132     -0.014835  6    
442157.00  38534180.746098645031  3378819.197338677011     21.584453173913     21.584453173913      0.000000      0.000000      0.000000     30.529076898106    114.356158282189      0.877794      0.091913     -0.065774  6    
442158.00  38534182.071247167885  3378821.095352244098     22.574767438695     22.574767438695      0.000000      0.000000      0.000000     30.529093980628    114.356172152266      0.877794      0.091913     -0.065774  6    
442159.00  38534184.200154431164  3378824.827477664687     23.984318896197     23.984318896197      0.000000      0.000000      0.000000     30.529127584118    114.356194457613      0.877794      0.091913     -0.065773  6    
442160.00  38534184.277533270419  3378821.556036172900     19.367034630850     19.367034630850      0.000000      0.000000      0.000000     30.529098073196    114.356195156228      1.098984     -0.325570     -0.771136  6    
442161.00  38534185.141393326223  3378820.265888500027     19.570672574453     19.570672574453      0.000000      0.000000      0.000000     30.529086411331    114.356204114923      1.377261     -0.087421     -0.079266  6    
442162.00  38534186.791732572019  3378820.957037395332     24.595231835730     24.595231835730      0.000000      0.000000      0.000000     30.529092598548    114.356221333678      1.377261     -0.087422     -0.079265  6    
442163.00  38534189.254530042410  3378823.218527618330     23.809598695487     23.809598695487      0.000000      0.000000      0.000000     30.529112927246    114.356247069674      1.648020      0.306814      0.376472  6    
442164.00  38534191.125475764275  3378823.518093063496     25.943312961608     25.943312961608      0.000000      0.000000      0.000000     30.529115576051    114.356266574199      0.981472     -0.315966     -0.697383  6    
442165.00  38534190.651010461152  3378824.031544781756     30.845022046939     30.845022046939      0.000000      0.000000      0.000000     30.529120220953    114.356261647318      0.856256     -1.415541     -2.071536  6    
442166.00  38534192.410517983139  3378822.783738390077     29.160254782997     29.160254782997      0.000000      0.000000      0.000000     30.529108915488    114.356279939765      0.737636     -0.118996     -0.669360  6    
442167.00  38534191.864613428712  3378819.854193183593     19.784555188380     19.784555188380      0.000000      0.000000      0.000000     30.529082506261    114.356274155192      1.320953     -0.045856      0.208067  6    
442168.00  38534194.088694997132  3378819.176474935375     19.554252425209     19.554252425209      0.000000      0.000000      0.000000     30.529076329807    114.356297307108      0.964036     -0.096204     -0.244441  6    
442169.00  38534194.816253036261  3378819.972583017312     20.453419556841     20.453419556841      0.000000      0.000000      0.000000     30.529083490048    114.356304914236      1.066104     -0.066704      0.172872  6    
442170.00  38534196.369879961014  3378820.671943396796     22.121064354666     22.121064354666      0.000000      0.000000      0.000000     30.529089754075    114.356321125555      0.654607     -0.308840      0.109001  6    
442171.00  38534195.707880005240  3378816.851596868597     25.943249467760     25.943249467760      0.000000      0.000000      0.000000     30.529055313045    114.356314101973      0.813249     -0.101413      0.162075  6    
442172.00  38534198.236554421484  3378819.973086554091     22.081969631836     22.081969631836      0.000000      0.000000      0.000000     30.529083397125    114.356340552705      0.597245     -0.072534      0.277704  6    
442173.00  38534200.501973196864  3378825.734407454729     19.877683001570     19.877683001570      0.000000      0.000000      0.000000     30.529135300235    114.356364347318     -0.205491     -0.002857     -0.188293  6    
442174.00  38534199.610195904970  3378824.248583058827     18.319727854803     18.319727854803      0.000000      0.000000      0.000000     30.529121923370    114.356355006364     -0.022654     -0.044686     -0.014400  6    
442175.00  38534199.664998397231  3378822.651247865520     20.516502608545     20.516502608545      0.000000      0.000000      0.000000     30.529107513691    114.356355524804      0.081179     -0.104353      0.098307  6    
442176.00  38534199.225717581809  3378822.783052524086     21.183619907126     21.183619907126      0.000000      0.000000      0.000000     30.529108715101    114.356350951975      0.200825      0.053430      0.108849  6    
442177.00  38534199.970615506172  3378821.679887440056     21.562580954283     21.562580954283      0.000000      0.000000      0.000000     30.529098743217    114.356358677260      0.701190      0.051713      0.134637  6    
442178.00  38534200.807168319821  3378822.455693206284     20.790653418750     20.790653418750      0.000000      0.000000      0.000000     30.529105717219    114.356367419416      0.724844      0.536255     -0.215623  6    
442179.00  38534201.032708525658  3378823.494799506385     19.035764801316     19.035764801316      0.000000      0.000000      0.000000     30.529115083630    114.356369803683      0.427412      0.172090     -0.134693  6    
442180.00  38534200.519688531756  3378822.223252477590     18.370125480928     18.370125480928      0.000000      0.000000      0.000000     30.529103628774    114.356364416315      0.605143      0.083110     -0.063935  6    
442181.00  38534200.643450282514  3378822.232524469029     20.837589259259     20.837589259259      0.000000      0.000000      0.000000     30.529103708881    114.356365706179      0.597397      0.353022     -0.179232  6    
442182.00  38534203.001885592937  3378823.435414286330     18.876969284378     18.876969284378      0.000000      0.000000      0.000000     30.529114491847    114.356390319934      0.564027      0.291626     -0.012986  6    
442183.00  38534202.949698962271  3378822.303415309172     17.746471335180     17.746471335180      0.000000      0.000000      0.000000     30.529104282595    114.356389738896      0.817128      0.487239      0.071880  6    
442184.00  38534203.263725891709  3378821.980518032797     17.954267575406     17.954267575406      0.000000      0.000000      0.000000     30.529101361080    114.356393000327      0.693673      0.754939     -0.526595  6    
442185.00  38534203.727744452655  3378824.347665532958     16.977663050406     16.977663050406      0.000000      0.000000      0.000000     30.529122699753    114.356397913190      0.649013      0.679717      0.049712  6    
442186.00  38534204.494974002242  3378825.013646627311     17.311108951457     17.311108951457      0.000000      0.000000      0.000000     30.529128685099    114.356405929409      0.711897      1.019436     -0.047641  6    
442187.00  38534205.128847673535  3378826.009236762766     17.719497371465     17.719497371465      0.000000      0.000000      0.000000     30.529137647351    114.356412566954      0.488346      0.943566      0.281685  6    
442188.00  38534205.839737288654  3378827.181024174206     18.313928667456     18.313928667456      0.000000      0.000000      0.000000     30.529148196724    114.356420012785      0.557222      1.200535      0.235260  6    
442189.00  38534206.095145009458  3378828.764033665881     23.309601253830     23.309601253830      0.000000      0.000000      0.000000     30.529162468342    114.356422726177     -0.011024      1.510977      0.238212  6    
442190.00  38534205.678115569055  3378830.671144295484     17.927405772731     17.927405772731      0.000000      0.000000      0.000000     30.529179682550    114.356418443653      0.069700      1.140971     -0.072700  6    
442191.00  38534205.953605674207  3378830.250326631125     18.351600237191     18.351600237191      0.000000      0.000000      0.000000     30.529175878882    114.356421300319      0.003412      1.301252     -0.028856  6    
442192.00  38534205.929993703961  3378831.802180815488     17.666787904687     17.666787904687      0.000000      0.000000      0.000000     30.529189877429    114.356421105387      0.208542      1.179412     -0.743618  6    
442193.00  38534205.905145339668  3378832.882720325142     18.673126331531     18.673126331531      0.000000      0.000000      0.000000     30.529199624708    114.356420882053     -0.120744      1.227183      0.275352  6    
442194.00  38534205.770931042731  3378833.651015369687     18.147944828495     18.147944828495      0.000000      0.000000      0.000000     30.529206558629    114.356419508878     -0.078672      1.145654     -0.552658  6    
442195.00  38534205.497255630791  3378834.953170774039     18.076068775728     18.076068775728      0.000000      0.000000      0.000000     30.529218311996    114.356416700139     -0.305285      1.119743      0.251441  6    
442196.00  38534205.226819939911  3378835.602215306833     18.842635509558     18.842635509558      0.000000      0.000000      0.000000     30.529224174149    114.356413903651      0.083625      1.204948     -0.028166  6    
442197.00  38534205.112262524664  3378836.509235592559     18.764395601116     18.764395601116      0.000000      0.000000      0.000000     30.529232358824    114.356412739862      0.250871      1.525802      0.117850  6    
442198.00  38534205.153583347797  3378837.674232004210     17.841349153779     17.841349153779      0.000000      0.000000      0.000000     30.529242866026    114.356413208771      0.250871      1.525802      0.117850  6    
442199.00  38534204.895112432539  3378838.411788082682     15.675297807902     15.675297807902      0.000000      0.000000      0.000000     30.529249526220    114.356410539866      0.111546      0.991108     -0.044520  6    
442200.00  38534204.987606458366  3378839.829028395936     16.785945191979     16.785945191979      0.000000      0.000000      0.000000     30.529262307228    114.356411550290      0.155442      1.349944     -0.262595  6    
442201.00  38534205.062327653170  3378841.031590797007     16.872854368761     16.872854368761      0.000000      0.000000      0.000000     30.529273152327    114.356412368458      0.075559      1.149486     -0.092662  6    
442202.00  38534205.204794541001  3378841.812258656137     17.099526650272     17.099526650272      0.000000      0.000000      0.000000     30.529280189965    114.356413878625      0.044247      1.208234     -0.200675  6    
442203.00  38534205.032899528742  3378842.823372941930     18.950626644306     18.950626644306      0.000000      0.000000      0.000000     30.529289315213    114.356412120821      0.110411      1.228856      1.165236  6    
442204.00  38534204.974349021912  3378844.198376819491     18.540664806031     18.540664806031      0.000000      0.000000      0.000000     30.529301719549    114.356411556015     -0.126781      1.030838      0.205897  6    
442205.00  38534204.564908228815  3378845.902567173354     20.465725121088     20.465725121088      0.000000      0.000000      0.000000     30.529317103180    114.356407345874     -0.078156      1.204278      0.519237  6    
442206.00  38534205.285308092833  3378846.955016108230     18.426430357620     18.426430357620      0.000000      0.000000      0.000000     30.529326575837    114.356414886883     -0.109948      1.161563      0.207185  6    
442207.00  38534205.040544398129  3378847.589232597034     20.736227098852     20.736227098852      0.000000      0.000000      0.000000     30.529332303507    114.356412357399     -0.075411      0.669662      0.105668  6    
442208.00  38534205.877310968935  3378848.696858204901     19.490399640054     19.490399640054      0.000000      0.000000      0.000000     30.529342270546    114.356421112733     -0.158397      0.947600     -0.007545  6    
442209.00  38534205.843359097838  3378849.346333885565     20.692950203083     20.692950203083      0.000000      0.000000      0.000000     30.529348129846    114.356420780349     -0.075096      1.129510      0.155624  6    
442210.00  38534205.911454394460  3378851.044652922545     18.680027844384     18.680027844384      0.000000      0.000000      0.000000     30.529363446906    114.356421545803     -0.068440      1.187462      0.134706  6    
442211.00  38534206.262169755995  3378851.940820566379     17.055008315481     17.055008315481      0.000000      0.000000      0.000000     30.529371520428    114.356425229664      0.025800      1.110489     -0.341292  6    
442212.00  38534205.658889561892  3378852.743497358635     18.810844624415     18.810844624415      0.000000      0.000000      0.000000     30.529378777845    114.356418970087     -0.070012      1.344438     -0.178057  6    
442213.00  38534205.120317414403  3378853.661905402318     24.403852003627     24.403852003627      0.000000      0.000000      0.000000     30.529387077325    114.356413388559     -0.081785      1.052421      0.350941  6    
442214.00  38534204.190170921385  3378855.121345970314     24.869870691560     24.869870691560      0.000000      0.000000      0.000000     30.529400268131    114.356403744750     -0.078896      1.319218      0.165889  6    
442215.00  38534205.081442639232  3378856.265649424400     22.225679489784     22.225679489784      0.000000      0.000000      0.000000     30.529410564454    114.356413069226      0.067612      1.150817     -0.106954  6    
442216.00  38534205.614374384284  3378857.375384062063     20.811823860742     20.811823860742      0.000000      0.000000      0.000000     30.529420559177    114.356418658764      0.035959      1.175369      0.119311  6    
442217.00  38534205.119764871895  3378858.578877493739     22.801420058124     22.801420058124      0.000000      0.000000      0.000000     30.529431428901    114.356413544698     -0.022937      0.899343      0.247135  6    
442218.00  38534204.383236140013  3378859.825621340889     26.553940263577     26.553940263577      0.000000      0.000000      0.000000     30.529442695643    114.356405911325      0.035285      0.949659     -0.227253  6    
442219.00  38534204.490287564695  3378860.804728918709     26.666319115087     26.666319115087      0.000000      0.000000      0.000000     30.529451524236    114.356407059009     -0.026755      1.157365      0.233529  6    
442220.00  38534203.579652108252  3378861.874764029402     27.873081890866     27.873081890866      0.000000      0.000000      0.000000     30.529461202011    114.356397605672      0.018521      1.176686      0.177343  6    
442221.00  38534205.411151967943  3378862.711649619043     22.604787124321     22.604787124321      0.000000      0.000000      0.000000     30.529468698596    114.356416716948      0.093033      0.931703     -0.597682  6    
442222.00  38534205.611749768257  3378863.729120413307     20.720702014863     20.720702014863      0.000000      0.000000      0.000000     30.529477870563    114.356418840623     -0.145473      1.065492      0.019575  6    
442223.00  38534205.546521671116  3378865.065734008793     20.823235621676     20.823235621676      0.000000      0.000000      0.000000     30.529489928805    114.356418204974     -0.023087      1.116846     -0.204083  6    
442224.00  38534204.610885560513  3378865.696958737914     25.053475582972     25.053475582972      0.000000      0.000000      0.000000     30.529495649181    114.356408476687     -0.174383      1.030538     -0.279314  6    
442225.00  38534205.578140683472  3378867.275946866721     20.635672569275     20.635672569275      0.000000      0.000000      0.000000     30.529509864235    114.356418607211      0.108498      1.279665     -0.049687  6    
442226.00  38534205.413355804980  3378868.665761758573     20.847592367791     20.847592367791      0.000000      0.000000      0.000000     30.529522405196    114.356416935959      0.061719      1.212812     -0.688511  6    
442227.00  38534205.818984918296  3378869.629929474555     19.907139011659     19.907139011659      0.000000      0.000000      0.000000     30.529531090519    114.356421194252      0.176073      1.266386      0.098214  6    
442228.00  38534205.660745210946  3378871.289812880103     19.191210171208     19.191210171208      0.000000      0.000000      0.000000     30.529546067337    114.356419600091      0.105630      1.137399     -0.107752  6    
442229.00  38534205.852868892252  3378871.936391885858     19.264501620084     19.264501620084      0.000000      0.000000      0.000000     30.529551894065    114.356421623258     -0.065746      1.050880     -0.026986  6    
442230.00  38534205.137074202299  3378872.746016198769     20.717592088506     20.717592088506      0.000000      0.000000      0.000000     30.529559217357    114.356414191527     -0.133646      1.122892      0.244315  6    
442231.00  38534204.762064985931  3378874.007150428370     19.963389822282     19.963389822282      0.000000      0.000000      0.000000     30.529570603597    114.356410325556      0.130287      1.108545      0.288567  6    
442232.00  38534204.067300945520  3378874.836140790954     22.380932793953     22.380932793953      0.000000      0.000000      0.000000     30.529578100973    114.356403113594     -0.007051      0.934169      0.019942  6    
442233.00  38534204.496260784566  3378875.900985410437     21.105282173492     21.105282173492      0.000000      0.000000      0.000000     30.529587693746    114.356407618303     -0.065213      1.054094     -0.155437  6    
442234.00  38534204.710084319115  3378877.463980181608     22.235738157295     22.235738157295      0.000000      0.000000      0.000000     30.529601786014    114.356409897751     -0.166507      1.025098      0.082784  6    
442235.00  38534205.213073827326  3378878.770238186698     20.958154438064     20.958154438064      0.000000      0.000000      0.000000     30.529613554250    114.356415181780     -0.085642      1.353908      0.181382  6    
442236.00  38534205.754242904484  3378879.528071869165     20.884738525376     20.884738525376      0.000000      0.000000      0.000000     30.529620374557    114.356420845573     -0.161599      1.003156     -0.126430  6    
442237.00  38534205.415398068726  3378880.528976669535     20.427761658095     20.427761658095      0.000000      0.000000      0.000000     30.529629412472    114.356417347855     -0.031306      1.113482      0.539944  6    
442238.00  38534205.077951997519  3378881.157229648903     21.322488271631     21.322488271631      0.000000      0.000000      0.000000     30.529635088992    114.356413852441      0.073789      0.984724     -0.116016  6    
442239.00  38534205.453436776996  3378882.981229645200     18.942028735764     18.942028735764      0.000000      0.000000      0.000000     30.529651530944    114.356417824953      0.139592      1.400888      0.162455  6    
442240.00  38534205.769501619041  3378883.894538175315     18.833131591789     18.833131591789      0.000000      0.000000      0.000000     30.529659760065    114.356421148340     -0.009476      1.321742     -1.149494  6    
442241.00  38534205.981619991362  3378884.822016893886     19.382747735828     19.382747735828      0.000000      0.000000      0.000000     30.529668119966    114.356423389098     -0.048045      1.088319      0.063825  6    
442242.00  38534205.610396705568  3378886.044005330652     19.631364149041     19.631364149041      0.000000      0.000000      0.000000     30.529679153000    114.356419561283      0.045342      0.914623     -0.033510  6    
442243.00  38534205.434219777584  3378887.250977844000     19.327237428166     19.327237428166      0.000000      0.000000      0.000000     30.529690045029    114.356417765306      0.041280      1.158896      0.090856  6    
442244.00  38534205.376451753080  3378888.152002284303     20.925166032277     20.925166032277      0.000000      0.000000      0.000000     30.529698174002    114.356417193046     -0.176358      1.206556      0.009216  6    
442245.00  38534204.952920481563  3378890.020610617474     23.249217645265     23.249217645265      0.000000      0.000000      0.000000     30.529715041100    114.356412841483     -0.264000      1.154489      1.180888  6    
442246.00  38534205.306200273335  3378890.899515727069     22.260313290171     22.260313290171      0.000000      0.000000      0.000000     30.529722958838    114.356416551510      0.172982      0.852265     -0.340511  6    
442247.00  38534205.447730630636  3378892.118404626846     21.779859325849     21.779859325849      0.000000      0.000000      0.000000     30.529733949299    114.356418066355      0.030160      1.077232     -0.163750  6    
442248.00  38534205.569742798805  3378893.085715978872     21.911395253614     21.911395253614      0.000000      0.000000      0.000000     30.529742671061    114.356419369542      0.073573      1.247242     -0.480656  6    
442249.00  38534205.691738881171  3378894.338490552269     21.528407067992     21.528407067992      0.000000      0.000000      0.000000     30.529753967730    114.356420681962      0.092653      0.971596     -1.115558  6    
442250.00  38534205.610722631216  3378895.249046673998     21.543339661323     21.543339661323      0.000000      0.000000      0.000000     30.529762183343    114.356419867774      0.060722      1.099152      0.253070  6    
442251.00  38534205.687175780535  3378896.766474316362     20.929326193407     20.929326193407      0.000000      0.000000      0.000000     30.529775868506    114.356420714362      0.223970      1.048693     -0.469419  6    
442252.00  38534205.786583162844  3378897.779794311617     21.588571934029     21.588571934029      0.000000      0.000000      0.000000     30.529785005915    114.356421783529     -0.315047      0.949928      0.274059  6    
442253.00  38534205.637689501047  3378899.313049726654     21.508609464392     21.508609464392      0.000000      0.000000      0.000000     30.529798840270    114.356420282579      0.089286      1.012953     -1.110285  6    
442254.00  38534205.208258531988  3378899.704291668721     23.069547858089     23.069547858089      0.000000      0.000000      0.000000     30.529802381550    114.356415820894     -0.214289      1.345707      0.020303  6    
442255.00  38534205.120363108814  3378901.200925233308     22.232631187886     22.232631187886      0.000000      0.000000      0.000000     30.529815883833    114.356414954324     -0.121456      1.126160     -0.260552  6    
442256.00  38534205.032243885100  3378902.637585551012     21.701609285548     21.701609285548      0.000000      0.000000      0.000000     30.529828845158    114.356414083448     -0.187913      0.777485     -0.327722  6    
442257.00  38534205.025466658175  3378903.493936384562     21.143852430396     21.143852430396      0.000000      0.000000      0.000000     30.529836569717    114.356414041027      0.105006      1.032973      0.739223  6    
442258.00  38534204.044155441225  3378904.723366547842     24.196734549478     24.196734549478      0.000000      0.000000      0.000000     30.529847687265    114.356403856477      0.081320      1.091194      0.063136  6    
442259.00  38534205.029661595821  3378906.985226805788     21.754162264988     21.754162264988      0.000000      0.000000      0.000000     30.529868061370    114.356414199694      0.028613      1.174237      0.284305  6    
442260.00  38534204.826275974512  3378907.876033749897     22.206021692604     22.206021692604      0.000000      0.000000      0.000000     30.529876102331    114.356412109795      0.092221      1.112610      0.732541  6    
442261.00  38534204.911837711930  3378909.052816062234     20.914821686223     20.914821686223      0.000000      0.000000      0.000000     30.529886714581    114.356413040076      0.060667      1.211983     -0.169154  6    
442262.00  38534204.914553977549  3378909.851015484426     19.709073741920     19.709073741920      0.000000      0.000000      0.000000     30.529893914338    114.356413094661     -0.030095      1.082163      0.338790  6    
442263.00  38534205.138356246054  3378911.196939937305     18.520952857099     18.520952857099      0.000000      0.000000      0.000000     30.529906048326    114.356415470946     -0.023640      1.254716     -0.631780  6    
442264.00  38534205.434708707035  3378912.459377244115     15.476576171815     15.476576171815      0.000000      0.000000      0.000000     30.529917427183    114.356418600439     -0.065848      1.049492      0.497845  6    
442265.00  38534205.410667218268  3378913.746850911528     12.688045394607     12.688045394607      0.000000      0.000000      0.000000     30.529929041004    114.356418392325     -0.193850      1.166268      0.208083  6    
442266.00  38534205.639468505979  3378914.710968241561     15.769474887289     15.769474887289      0.000000      0.000000      0.000000     30.529937730912    114.356420808128     -0.093092      1.297547      0.177486  6    
442267.00  38534205.504549577832  3378915.663372410461     17.133479724638     17.133479724638      0.000000      0.000000      0.000000     30.529946325534    114.356419433664     -0.026201      1.152541     -0.059991  6    
442268.00  38534205.318752154708  3378916.883133794647     19.435386624187     19.435386624187      0.000000      0.000000      0.000000     30.529957333194    114.356417537860      0.042185      1.044912     -0.212246  6    
442269.00  38534205.417257994413  3378917.996021972038     19.712547229603     19.712547229603      0.000000      0.000000      0.000000     30.529967368743    114.356418600913      0.105740      1.248649     -0.101661  6    
442270.00  38534205.325733393431  3378919.053970188834     19.724561659619     19.724561659619      0.000000      0.000000      0.000000     30.529976914146    114.356417682082     -0.122103      1.157734      0.125115  6    
442271.00  38534204.816992804408  3378919.900559039321     21.820412294008     21.820412294008      0.000000      0.000000      0.000000     30.529984564959    114.356412408994     -0.049801      1.331032      0.068778  6    
442272.00  38534204.603980101645  3378920.918029673398     23.201058534905     23.201058534905      0.000000      0.000000      0.000000     30.529993748712    114.356410222951      0.006054      1.298581     -0.065453  6    
442273.00  38534204.529664658010  3378922.111419132911     22.845031200908     22.845031200908      0.000000      0.000000      0.000000     30.530004515317    114.356409487894     -0.000538      1.215586     -0.343144  6    
442274.00  38534204.344726242125  3378923.195674780291     22.573853575625     22.573853575625      0.000000      0.000000      0.000000     30.530014300678    114.356407596577     -0.041411      1.190644     -0.243205  6    
442275.00  38534204.973247542977  3378925.579809020273     19.996138068847     19.996138068847      0.000000      0.000000      0.000000     30.530035787880    114.356414224134      0.006216      1.162953     -0.224165  6    
442276.00  38534204.927419371903  3378926.954769104254     19.764256468974     19.764256468974      0.000000      0.000000      0.000000     30.530048191457    114.356413791888      0.078419      0.992542      0.838878  6    
442277.00  38534204.957281306386  3378928.026005108375     19.405299891718     19.405299891718      0.000000      0.000000      0.000000     30.530057853257    114.356414138315     -0.025602      0.915029     -0.571542  6    
442278.00  38534204.866435952485  3378929.082403318956     19.448631395586     19.448631395586      0.000000      0.000000      0.000000     30.530067384658    114.356413226510     -0.146246      1.124711      0.165396  6    
442279.00  38534204.806997045875  3378930.240719744004     19.412800223567     19.412800223567      0.000000      0.000000      0.000000     30.530077834477    114.356412645309      0.008009      1.035667      0.101999  6    
442280.00  38534204.903084270656  3378931.330109276809     19.263954632916     19.263954632916      0.000000      0.000000      0.000000     30.530087658135    114.356413682388      0.065957      1.253467     -0.153040  6    
442281.00  38534205.052037626505  3378932.568984783255     18.700365883298     18.700365883298      0.000000      0.000000      0.000000     30.530098828664    114.356415275243      0.094306      1.530979     -0.196914  6    
442282.00  38534205.144996322691  3378933.861751944758     18.503403351642     18.503403351642      0.000000      0.000000      0.000000     30.530110486897    114.356416286420      0.205863      1.181839     -0.133280  6    
442283.00  38534205.227426275611  3378935.312912809663     18.146634215489     18.146634215489      0.000000      0.000000      0.000000     30.530123574156    114.356417193106     -0.107049      1.276829     -0.275758  1    
442284.00  38534205.620984300971  3378935.815801492892     17.869401778094     17.869401778094      0.000000      0.000000      0.000000     30.530128099042    114.356421310458      0.112715      0.831668      0.217895  1    
442285.00  38534205.367118179798  3378936.847476326860     19.206757323816     19.206757323816      0.000000      0.000000      0.000000     30.530137412083    114.356418699196      0.026091      0.985934     -0.215856  6    
442286.00  38534205.605988554657  3378937.715577330906     21.629909280688     21.629909280688      0.000000      0.000000      0.000000     30.530145235628    114.356421216761      0.045751      1.242124      0.047116  1    
442287.00  38534205.605546407402  3378939.046059404034     19.243330226280     19.243330226280      0.000000      0.000000      0.000000     30.530157236715    114.356421255964      0.115204      1.194245     -0.258586  6    
442288.00  38534205.613366648555  3378940.232641372830     19.093734093942     19.093734093942      0.000000      0.000000      0.000000     30.530167939574    114.356421376521      0.030411      1.053460     -0.070847  6    
442289.00  38534205.627893351018  3378941.426208788529     19.188105077483     19.188105077483      0.000000      0.000000      0.000000     30.530178705251    114.356421567188      0.163602      0.893216     -0.132413  6    
442290.00  38534205.626906782389  3378942.609166371636     18.821902124211     18.821902124211      0.000000      0.000000      0.000000     30.530189375669    114.356421595860      0.020999      0.976903      0.013378  6    
442291.00  38534205.676457993686  3378943.711221977603     16.859273193404     16.859273193404      0.000000      0.000000      0.000000     30.530199314903    114.356422148462     -0.066128      1.142834      0.341936  1    
442292.00  38534205.660188935697  3378943.993392053992     20.140394186601     20.140394186601      0.000000      0.000000      0.000000     30.530201860568    114.356421988233     -0.031452      1.211876      0.086637  1    
442293.00  38534205.479247309268  3378945.878465562593     18.815213117748     18.815213117748      0.000000      0.000000      0.000000     30.530218869267    114.356420164929      0.042428      1.177237      0.248767  5    
442294.00  38534205.528124429286  3378946.967574459035     18.922258250415     18.922258250415      0.000000      0.000000      0.000000     30.530228691739    114.356420710080      0.124758      1.162607     -0.997129  5    
442295.00  38534205.512553595006  3378948.084615602158     19.122609496117     19.122609496117      0.000000      0.000000      0.000000     30.530238768000    114.356420584617      0.049959      0.977279     -0.250387  5    
442296.00  38534205.536185547709  3378949.174480513670     19.374920795672     19.374920795672      0.000000      0.000000      0.000000     30.530248598011    114.356420866744     -0.036953      1.312294     -0.462011  5    
442297.00  38534205.453065656126  3378950.322468812112     19.164675575681     19.164675575681      0.000000      0.000000      0.000000     30.530258955344    114.356420038452     -0.001058      1.171840      0.026562  5    
442298.00  38534205.557585284114  3378951.170011375099     19.108844453469     19.108844453469      0.000000      0.000000      0.000000     30.530266597279    114.356421155434     -0.095922      1.209584      0.206662  5    
442299.00  38534205.455780021846  3378952.723319801502     18.348135597073     18.348135597073      0.000000      0.000000      0.000000     30.530280611170    114.356420145790     -0.250078      0.589171     -0.913928  6    
442300.00  38534205.468913659453  3378953.267691238783     19.351678542793     19.351678542793      0.000000      0.000000      0.000000     30.530285521078    114.356420300565      0.048258      1.352510     -0.075268  5    
442301.00  38534205.691406108439  3378954.841444658116     18.752297606319     18.752297606319      0.000000      0.000000      0.000000     30.530299710141    114.356422670715      0.140206      1.105110      0.294551  6    
442302.00  38534205.658321641386  3378955.997366878670     18.475265762769     18.475265762769      0.000000      0.000000      0.000000     30.530310137612    114.356422364043      0.137342      1.020592      0.148380  6    
442303.00  38534205.387563228607  3378957.198465462308     18.606318237260     18.606318237260      0.000000      0.000000      0.000000     30.530320979352    114.356419582341      0.035073      1.061281     -0.407345  6    
442304.00  38534205.367124103010  3378958.220371754840     19.040642454289     19.040642454289      0.000000      0.000000      0.000000     30.530330197627    114.356419403018      0.197471      0.881073     -0.249241  6    
442305.00  38534205.173545993865  3378959.209260356147     19.185400065035     19.185400065035      0.000000      0.000000      0.000000     30.530339123013    114.356417418532      0.003184      1.058058     -0.041506  6    
442306.00  38534205.223661579192  3378960.899671564810     16.961373906583     16.961373906583      0.000000      0.000000      0.000000     30.530354369254    114.356417996388     -0.159846      0.808183     -0.520471  6    
442307.00  38534205.339922726154  3378962.132410639431     16.544380653650     16.544380653650      0.000000      0.000000      0.000000     30.530365485363    114.356419248400      0.112279      1.185109     -0.555339  6    
442308.00  38534205.047754392028  3378963.271510579623     16.343990097754     16.343990097754      0.000000      0.000000      0.000000     30.530375768480    114.356416241566     -0.072427      1.072711     -0.023906  6    
442309.00  38534205.216680467129  3378964.746595772449     16.335595204495     16.335595204495      0.000000      0.000000      0.000000     30.530389069073    114.356418050317     -0.061941      1.151623     -0.130547  6    
442310.00  38534204.797054693103  3378965.699602405075     16.027527480386     16.027527480386      0.000000      0.000000      0.000000     30.530397677244    114.356413709271     -0.049544      1.389665     -0.336461  6    
442311.00  38534205.088230073452  3378966.752782896161     16.780670564622     16.780670564622      0.000000      0.000000      0.000000     30.530407168732    114.356416777946     -0.213869      1.405735      0.159715  6    
442312.00  38534205.048172242939  3378968.106626897585     17.673908225261     17.673908225261      0.000000      0.000000      0.000000     30.530419381675    114.356416405129      0.069962      1.247807      0.108140  6    
442313.00  38534205.251905620098  3378969.445867983159     17.867202871479     17.867202871479      0.000000      0.000000      0.000000     30.530431455949    114.356418572094      0.052026      1.198032      0.109249  6    
442314.00  38534205.225418947637  3378970.749509240501     17.880214903504     17.880214903504      0.000000      0.000000      0.000000     30.530443215671    114.356418339033      0.064892      1.124042     -0.797039  6    
442315.00  38534205.233680419624  3378972.270274006296     17.081152810715     17.081152810715      0.000000      0.000000      0.000000     30.530456932878    114.356418475192      0.059037      1.418360      0.038262  6    
442316.00  38534205.382880538702  3378973.676150538027     17.633302327245     17.633302327245      0.000000      0.000000      0.000000     30.530469609764    114.356420076125      0.108344      1.296782     -0.211000  6    
442317.00  38534205.756450369954  3378974.949939151760     18.782676671632     18.782676671632      0.000000      0.000000      0.000000     30.530481088809    114.356424010603     -0.141082      1.109766     -0.166238  6    
442318.00  38534205.944730632007  3378975.858419617172     19.590904980898     19.590904980898      0.000000      0.000000      0.000000     30.530489278022    114.356426002366     -0.040281      0.881811      0.304771  6    
442319.00  38534205.788348399103  3378976.242461951450     18.440257265233     18.440257265233      0.000000      0.000000      0.000000     30.530492746578    114.356424385536     -0.086765      0.441055      0.137504  6    
442320.00  38534205.657096982002  3378976.524896384683     18.470111353323     18.470111353323      0.000000      0.000000      0.000000     30.530495297904    114.356423027218      0.061008      0.763782     -0.087782  6    
442321.00  38534205.856305681169  3378977.253009277862     18.708998850547     18.708998850547      0.000000      0.000000      0.000000     30.530501859873    114.356425126915     -0.007851      0.939834      0.134788  6    
442322.00  38534205.602590315044  3378978.445091037545     18.405673975125     18.405673975125      0.000000      0.000000      0.000000     30.530512619795    114.356422522496     -0.141599      1.115405      0.018408  6    
442323.00  38534205.499189034104  3378979.453571530525     18.725025514141     18.725025514141      0.000000      0.000000      0.000000     30.530521719332    114.356421478280     -0.106678      0.977296      0.402354  6    
442324.00  38534205.995001472533  3378980.466452608351     18.778396744281     18.778396744281      0.000000      0.000000      0.000000     30.530530841482    114.356426677917      0.022766      0.917020      0.086245  6    
442325.00  38534205.717340312898  3378980.501452244353     18.472827874124     18.472827874124      0.000000      0.000000      0.000000     30.530531165097    114.356423785885      0.166017      1.270980     -0.171609  6    
442326.00  38534205.378161355853  3378981.273323595989     18.720146527514     18.720146527514      0.000000      0.000000      0.000000     30.530538137117    114.356420277112     -0.036299      1.018451     -0.148480  6    
442327.00  38534205.504460133612  3378982.243327972945     18.775068240240     18.775068240240      0.000000      0.000000      0.000000     30.530546883048    114.356421625066     -0.202549      1.151795     -0.050657  6    
442328.00  38534205.266352154315  3378983.348010288086     20.012603295036     20.012603295036      0.000000      0.000000      0.000000     30.530556854174    114.356419180394      0.130213      0.729043     -0.055876  6    
442329.00  38534205.198725290596  3378984.509131942876     20.008163958788     20.008163958788      0.000000      0.000000      0.000000     30.530567329529    114.356418513967     -0.061245      0.798444      0.024292  6    
442330.00  38534204.964175604284  3378985.877684930805     19.907923137769     19.907923137769      0.000000      0.000000      0.000000     30.530579680692    114.356416115060      0.039159      1.191487     -0.046643  6    
442331.00  38534204.856970258057  3378987.100648843683     20.382557745092     20.382557745092      0.000000      0.000000      0.000000     30.530590714997    114.356415038267     -0.144773      1.090762     -0.078190  6    
442332.00  38534205.114913076162  3378988.307485515252     20.431465165690     20.431465165690      0.000000      0.000000      0.000000     30.530601593425    114.356417765729      0.081700      1.165483      0.170700  6    
442333.00  38534204.817213602364  3378989.639183004852     21.273822095245     21.273822095245      0.000000      0.000000      0.000000     30.530613613948    114.356414707597     -0.096401      1.209036     -0.008298  6    
442334.00  38534204.812273465097  3378991.180628892500     21.348652187735     21.348652187735      0.000000      0.000000      0.000000     30.530627518076    114.356414706878      0.072468      1.216395     -0.183187  6    
442335.00  38534204.887593716383  3378992.239612913691     20.291235542856     20.291235542856      0.000000      0.000000      0.000000     30.530637068065    114.356415526573      0.054204      1.166913     -0.181008  6    
442336.00  38534204.267676971853  3378993.514298511203     22.052840105258     22.052840105258      0.000000      0.000000      0.000000     30.530648583520    114.356409109107     -0.173590      1.202282      0.362758  6    
442337.00  38534203.792557157576  3378995.009813098237     23.405163617805     23.405163617805      0.000000      0.000000      0.000000     30.530662086745    114.356404207673      0.115919      1.410843     -0.325880  6    
442338.00  38534204.017826765776  3378996.378738328815     22.876059353352     22.876059353352      0.000000      0.000000      0.000000     30.530674428158    114.356406600023      0.088997      1.260024     -0.158709  6    
442339.00  38534203.944853663445  3378997.663551804610     22.788163557649     22.788163557649      0.000000      0.000000      0.000000     30.530686019377    114.356405881959      0.085213      0.960164     -0.013734  6    
442340.00  38534203.858124077320  3378998.866527279839     22.237725773826     22.237725773826      0.000000      0.000000      0.000000     30.530696872801    114.356405017860     -0.482939      1.182771      0.234534  6    
442341.00  38534203.687782697380  3379000.022509911098     21.953800199553     21.953800199553      0.000000      0.000000      0.000000     30.530707304729    114.356403280991      0.173510      1.226425     -0.625627  6    
442342.00  38534203.656674198806  3379001.313013898674     20.999621514231     20.999621514231      0.000000      0.000000      0.000000     30.530718946083    114.356402999337     -0.189192      0.975044      0.276375  6    
442343.00  38534204.226134359837  3379002.286009726580     20.478312246501     20.478312246501      0.000000      0.000000      0.000000     30.530727706365    114.356408965068     -0.141063      1.089351      0.614387  6    
442344.00  38534204.732208415866  3379003.480351978913     19.159988614731     19.159988614731      0.000000      0.000000      0.000000     30.530738465019    114.356414277615     -0.003379      1.259733     -0.471084  6    
442345.00  38534204.602555871010  3379004.543246374000     19.227386323735     19.227386323735      0.000000      0.000000      0.000000     30.530748056123    114.356412961653      0.022909      1.217589      0.185980  6    
442346.00  38534204.658004097641  3379005.721019636374     19.616991686635     19.616991686635      0.000000      0.000000      0.000000     30.530758678168    114.356413578197      0.025182      0.908565      0.045219  6    
442347.00  38534203.949276141822  3379006.740832770709     20.825641388074     20.825641388074      0.000000      0.000000      0.000000     30.530767897180    114.356406226930      0.076794      0.885115     -0.033371  6    
442348.00  38534204.472357995808  3379007.527067693416     20.372136468999     20.372136468999      0.000000      0.000000      0.000000     30.530774974183    114.356411703259     -0.031250      1.244693      0.044308  6    
442349.00  38534204.499277196825  3379008.707953566220     20.155326182023     20.155326182023      0.000000      0.000000      0.000000     30.530785625117    114.356412022638     -0.061597      1.035469      0.466376  6    
442350.00  38534204.021762840450  3379009.850154113956     20.849428378046     20.849428378046      0.000000      0.000000      0.000000     30.530795941485    114.356407084613     -0.079475      0.992657      0.212131  6    
442351.00  38534204.074200399220  3379010.694193081930     20.478578615002     20.478578615002      0.000000      0.000000      0.000000     30.530803553301    114.356407658797     -0.173111      1.026242     -0.180684  6    
442352.00  38534203.989840008318  3379011.845459093805     20.825524272397     20.825524272397      0.000000      0.000000      0.000000     30.530813940233    114.356406817681     -0.089707      1.140333      0.184604  6    
442353.00  38534203.826645419002  3379012.912565611769     20.761947286315     20.761947286315      0.000000      0.000000      0.000000     30.530823570286    114.356405152352      0.128371      0.974987     -0.401317  6    
442354.00  38534203.684006787837  3379013.884434435517     20.937769381329     20.937769381329      0.000000      0.000000      0.000000     30.530832340700    114.356403698077      0.092096      0.954281     -0.746917  6    
442355.00  38534203.535458281636  3379015.260034719016     20.170545965433     20.170545965433      0.000000      0.000000      0.000000     30.530844752978    114.356402195516     -0.002232      0.998076     -0.239363  6    
442356.00  38534203.685403309762  3379016.195066564716     20.752692215145     20.752692215145      0.000000      0.000000      0.000000     30.530853182779    114.356403788711     -0.029578      1.131211     -0.161591  6    
442357.00  38534203.499490767717  3379017.532990944572     22.593821489252     22.593821489252      0.000000      0.000000      0.000000     30.530865256282    114.356401895580     -0.137207      1.314503      0.239352  6    
442358.00  38534203.653860084713  3379018.229508323595     23.385952763259     23.385952763259      0.000000      0.000000      0.000000     30.530871534534    114.356403527023     -0.061559      1.116376     -0.125042  6    
442359.00  38534203.773955173790  3379019.477385132574     22.852938193828     22.852938193828      0.000000      0.000000      0.000000     30.530882787077    114.356404819488      0.023696      0.995346      0.125307  6    
442360.00  38534204.040522851050  3379019.962651126552     22.950464607216     22.950464607216      0.000000      0.000000      0.000000     30.530887156624    114.356407613068      0.061197      0.730016     -0.065940  6    
442361.00  38534203.609122894704  3379021.082473563962     24.558651439846     24.558651439846      0.000000      0.000000      0.000000     30.530897269824    114.356403154807     -0.134534      1.044658      0.210542  6    
442362.00  38534203.875011004508  3379021.890878135338     22.928877064958     22.928877064958      0.000000      0.000000      0.000000     30.530904554130    114.356405951947     -0.224896      0.770519      0.669136  6    
442363.00  38534203.587015166879  3379022.377075936180     23.413358009420     23.413358009420      0.000000      0.000000      0.000000     30.530908947889    114.356402967075     -0.245851      0.805639      0.738166  6    
442364.00  38534204.155761629343  3379023.834424297325     21.103467764333     21.103467764333      0.000000      0.000000      0.000000     30.530922077097    114.356408941330     -0.176015      1.051219     -0.261257  6    
442365.00  38534203.666119128466  3379024.908243708778     20.742091585882     20.742091585882      0.000000      0.000000      0.000000     30.530931777005    114.356403874672     -0.857107      0.643095      0.251896  6    
442366.00  38534202.914777241647  3379025.452170176897     21.142250670120     21.142250670120      0.000000      0.000000      0.000000     30.530936704689    114.356396063690     -0.896853      0.539600      0.308367  6    
442367.00  38534202.153632998466  3379026.264060762245     20.527985250577     20.527985250577      0.000000      0.000000      0.000000     30.530944049713    114.356388159391     -0.792177      0.832090     -0.031531  6    
442368.00  38534201.177242077887  3379026.903640236706     20.509033201262     20.509033201262      0.000000      0.000000      0.000000     30.530949846609    114.356378006572     -1.122075      0.706682      0.290915  6    
442369.00  38534200.275036990643  3379027.845878998749     19.808851434849     19.808851434849      0.000000      0.000000      0.000000     30.530958371405    114.356368636724     -1.184674      0.249676     -0.113166  6    
442370.00  38534199.153293967247  3379028.091094299220     19.952179824933     19.952179824933      0.000000      0.000000      0.000000     30.530960615241    114.356356956367     -1.099356      0.338153     -0.332420  6    
442371.00  38534197.967559814453  3379028.364874169696     19.647270687856     19.647270687856      0.000000      0.000000      0.000000     30.530963118554    114.356344610170     -1.109255      0.013178      0.043116  6    
442372.00  38534195.797039605677  3379028.123681616038     21.080364633352     21.080364633352      0.000000      0.000000      0.000000     30.530961004830    114.356321985664     -1.113533     -0.256821     -0.223685  1    
442373.00  38534195.155260384083  3379027.917795271147     20.117259251885     20.117259251885      0.000000      0.000000      0.000000     30.530959166005    114.356315291622     -1.119947     -0.207456      0.431160  1    
442374.00  38534194.176739811897  3379027.719002870377     20.243298429064     20.243298429064      0.000000      0.000000      0.000000     30.530957400763    114.356305089009     -1.115317     -0.204325      0.404008  6    
442375.00  38534192.962814107537  3379027.479283381719     20.523472072557     20.523472072557      0.000000      0.000000      0.000000     30.530955273062    114.356292432155     -1.060700     -0.110241      0.036400  6    
442376.00  38534191.755078099668  3379027.446457607672     20.551881158724     20.551881158724      0.000000      0.000000      0.000000     30.530955011384    114.356279846608     -1.171269     -0.075503     -0.371299  6    
442377.00  38534190.673908866942  3379027.409526480362     20.391858633608     20.391858633608      0.000000      0.000000      0.000000     30.530954709068    114.356268579737     -1.305423      0.192303      0.088898  6    
442378.00  38534189.327156446874  3379027.374415853061     22.037123880349     22.037123880349      0.000000      0.000000      0.000000     30.530954430739    114.356254545580     -1.104519      0.042077     -0.038073  1    
442379.00  38534188.368028096855  3379027.399147956166     20.767417561263     20.767417561263      0.000000      0.000000      0.000000     30.530954681152    114.356244552390     -1.267824     -0.122777      0.070150  6    
442380.00  38534187.257546365261  3379027.307991491165     20.750848929398     20.750848929398      0.000000      0.000000      0.000000     30.530953890551    114.356232978301     -1.136530     -0.052403     -0.185246  6    
442381.00  38534186.100835882127  3379027.301959747914     20.727269708179     20.727269708179      0.000000      0.000000      0.000000     30.530953869098    114.356220925316     -1.204226      0.016298     -0.080023  6    
442382.00  38534185.109917752445  3379027.233786852565     20.165204305202     20.165204305202      0.000000      0.000000      0.000000     30.530953282402    114.356210597822     -1.204306      0.159438     -0.227297  1    
442383.00  38534183.772555910051  3379027.328009958379     21.071609959938     21.071609959938      0.000000      0.000000      0.000000     30.530954170402    114.356196665771     -1.243902      0.018675      0.080456  1    
442384.00  38534181.552740052342  3379026.506127790082     29.536244384944     29.536244384944      0.000000      0.000000      0.000000     30.530946820182    114.356173508507     -1.209603     -0.062665     -0.028257  1    
442385.00  38534181.244604393840  3379027.115090058651     22.085980596952     22.085980596952      0.000000      0.000000      0.000000     30.530952321856    114.356170317808     -1.106226     -0.024939      0.003052  5    
442386.00  38534180.165046684444  3379027.136739945039     21.932036482729     21.932036482729      0.000000      0.000000      0.000000     30.530952547891    114.356159069656     -1.109667     -0.041724     -0.160543  5    
442387.00  38534178.888469986618  3379027.203595401254     22.078100486659     22.078100486659      0.000000      0.000000      0.000000     30.530953187296    114.356145770078     -1.446693      0.063339     -0.416889  5    
442388.00  38534177.692017294466  3379027.225239082240     22.161380299367     22.161380299367      0.000000      0.000000      0.000000     30.530953416602    114.356133303894     -1.194952      0.035240     -0.012692  5    
442389.00  38534176.655525587499  3379027.177214172669     21.838466026820     21.838466026820      0.000000      0.000000      0.000000     30.530953012934    114.356122502193     -1.141864      0.037657     -0.219295  5    
442390.00  38534175.533990576863  3379027.202849315014     21.804131741636     21.804131741636      0.000000      0.000000      0.000000     30.530953276107    114.356110816774     -1.144194      0.042225      0.152766  5    
442391.00  38534174.393914140761  3379027.204750732984     21.772543077357     21.772543077357      0.000000      0.000000      0.000000     30.530953325728    114.356098937374     -1.173230     -0.010168      0.208981  5    
442392.00  38534173.209926024079  3379027.202579579782     21.899803391658     21.899803391658      0.000000      0.000000      0.000000     30.530953339862    114.356086600287     -1.321649     -0.051474      0.003965  5    
442393.00  38534172.068635590374  3379027.180223718286     21.909711375833     21.909711375833      0.000000      0.000000      0.000000     30.530953170712    114.356074707439     -1.013452      0.048996     -0.113150  5    
442394.00  38534171.107986837626  3379027.126244464424     21.646247800440     21.646247800440      0.000000      0.000000      0.000000     30.530952711171    114.356064695817     -1.058143     -0.068973     -0.193867  5    
442395.00  38534169.824100479484  3379027.019273636863     21.718074045144     21.718074045144      0.000000      0.000000      0.000000     30.530951782844    114.356051314354     -1.159793     -0.065493      0.019522  5    
442396.00  38534168.988514997065  3379027.483243453782     19.812729811296     19.812729811296      0.000000      0.000000      0.000000     30.530955991689    114.356042622914     -1.157943     -0.154699      0.019108  4    
442397.00  38534167.741508692503  3379027.490159458015     20.154514428228     20.154514428228      0.000000      0.000000      0.000000     30.530956089580    114.356029629482     -1.253248      0.052559     -0.221969  4    
442398.00  38534166.483602352440  3379027.453191046137     23.228070103563     23.228070103563      0.000000      0.000000      0.000000     30.530955791938    114.356016521030     -1.168118     -0.106796      0.030804  1    
442399.00  38534165.623404085636  3379027.346868353896     19.390967574902     19.390967574902      0.000000      0.000000      0.000000     30.530954857389    114.356007554368     -0.926681     -0.009371      0.286714  1    
442400.00  38534164.827308394015  3379027.267707528081     22.759108969010     22.759108969010      0.000000      0.000000      0.000000     30.530954166018    114.355999256541     -0.440343      0.014224     -0.003925  1    
442401.00  38534164.056663975120  3379027.062855754513     21.933440448716     21.933440448716      0.000000      0.000000      0.000000     30.530952340176    114.355991219780     -0.974459      0.028280     -0.056756  5    
442402.00  38534162.815847359598  3379026.986952779815     21.707028578967     21.707028578967      0.000000      0.000000      0.000000     30.530951690851    114.355978288121     -1.335841     -0.013658     -0.520064  5    
442403.00  38534161.658546075225  3379026.931337909773     21.036107871681     21.036107871681      0.000000      0.000000      0.000000     30.530951222147    114.355966227349     -1.227672     -0.057979     -0.095345  5    
442404.00  38534160.673588924110  3379027.428119265009     19.895888580009     19.895888580009      0.000000      0.000000      0.000000     30.530955731202    114.355955980549     -1.221136      0.157512     -0.247191  4    
442405.00  38534159.450940012932  3379027.502435145434     19.720979172736     19.720979172736      0.000000      0.000000      0.000000     30.530956436344    114.355943243135     -1.389863      0.084670      0.048363  4    
442406.00  38534158.138834655285  3379027.588935680687     19.820308922790     19.820308922790      0.000000      0.000000      0.000000     30.530957253938    114.355929573996     -1.268585      0.105861     -0.247051  4    
442407.00  38534156.805094100535  3379027.541945009958     19.772198125720     19.772198125720      0.000000      0.000000      0.000000     30.530956868043    114.355915675031     -1.223156     -0.011103     -0.140670  4    
442408.00  38534155.509052723646  3379027.457792068366     20.103464975022     20.103464975022      0.000000      0.000000      0.000000     30.530956145866    114.355902167664     -1.105970     -0.208634     -0.201392  4    
442409.00  38534154.087267622352  3379027.589193955064     21.896490473300     21.896490473300      0.000000      0.000000      0.000000     30.530957371592    114.355887357151     -0.893723     -0.129177      0.057417  4    
442410.00  38534153.033248707652  3379026.945317975711     21.204148781486     21.204148781486      0.000000      0.000000      0.000000     30.530951593770    114.355876353228     -0.807749     -0.156520     -0.260739  5    
442411.00  38534151.933527097106  3379026.893123032525     21.240109009668     21.240109009668      0.000000      0.000000      0.000000     30.530951154266    114.355864892543     -1.185989      0.028234     -0.153243  5    
442412.00  38534150.657125070691  3379026.879943481181     21.213927987963     21.213927987963      0.000000      0.000000      0.000000     30.530951071712    114.355851592151     -1.266121     -0.094987      0.005659  5    
442413.00  38534149.528085477650  3379026.994818010367     21.135919890366     21.135919890366      0.000000      0.000000      0.000000     30.530952140022    114.355839831468     -1.152680      0.217708     -0.050821  5    
442414.00  38534148.541528940201  3379027.775346191600     21.140392966568     21.140392966568      0.000000      0.000000      0.000000     30.530959208536    114.355829577324     -1.287176      0.414915      0.025651  4    
442415.00  38534147.404573015869  3379028.187562792562     21.238902655430     21.238902655430      0.000000      0.000000      0.000000     30.530962959124    114.355817743927     -1.064179      0.599115      0.086388  4    
442416.00  38534146.413598306477  3379028.430076329038     21.037213327363     21.037213327363      0.000000      0.000000      0.000000     30.530965174818    114.355807426058     -0.389897      0.952819      0.045007  5    
442417.00  38534146.108242534101  3379029.596110379323     20.891216966324     20.891216966324      0.000000      0.000000      0.000000     30.530975701245    114.355804282616     -0.246022      1.238647      0.123349  5    
442418.00  38534146.014727815986  3379030.905882781371     20.834623498842     20.834623498842      0.000000      0.000000      0.000000     30.530987518176    114.355803351258     -0.119842      1.282478      0.001151  5    
442419.00  38534145.956893496215  3379032.178114068694     20.615923487581     20.615923487581      0.000000      0.000000      0.000000     30.530998995468    114.355802790452     -0.024132      1.147795      0.060434  5    
442420.00  38534145.395552240312  3379033.209715309087     19.797611624002     19.797611624002      0.000000      0.000000      0.000000     30.531008316582    114.355796975249     -0.017919      1.345835      0.200501  1    
442421.00  38534145.305436059833  3379034.509426488541     20.175444698893     20.175444698893      0.000000      0.000000      0.000000     30.531020042664    114.355796078972     -0.132657      1.291179      0.200739  1    
442422.00  38534145.036409758031  3379036.501700183842     20.279207091779     20.279207091779      0.000000      0.000000      0.000000     30.531038020816    114.355793341235     -0.100139      1.316838      0.040779  1    
442423.00  38534144.950223013759  3379038.011753636878     20.361145310104     20.361145310104      0.000000      0.000000      0.000000     30.531051644093    114.355792492816      0.041287      1.346224     -0.231339  1    
442424.00  38534145.175323508680  3379038.655349907465     20.025390011258     20.025390011258      0.000000      0.000000      0.000000     30.531057442987    114.355794859494     -0.023003      1.417819     -0.147715  1    
442425.00  38534146.111682258546  3379040.311203125399     19.714401481673     19.714401481673      0.000000      0.000000      0.000000     30.531072352294    114.355804670684     -0.070700      1.255985      0.248642  1    
442426.00  38534146.034675814211  3379041.601021172479     19.705396402627     19.705396402627      0.000000      0.000000      0.000000     30.531083988766    114.355803910684     -0.124262      1.069263      0.088272  1    
442427.00  38534145.950280189514  3379042.870113525540     19.692466927692     19.692466927692      0.000000      0.000000      0.000000     30.531095438500    114.355803073008     -0.009162      1.299839     -0.075198  1    
442428.00  38534145.851464681327  3379044.184294105507     19.707581564784     19.707581564784      0.000000      0.000000      0.000000     30.531107295345    114.355802086560     -0.037227      1.315277      0.184586  1    
442429.00  38534145.785472102463  3379045.567265880294     19.706160219386     19.706160219386      0.000000      0.000000      0.000000     30.531119771758    114.355801444384     -0.082244      1.278224      0.100050  1    
442430.00  38534145.723468147218  3379046.905462960247     19.733534343541     19.733534343541      0.000000      0.000000      0.000000     30.531131844186    114.355800842298     -0.025584      1.292260     -0.101537  1    
442431.00  38534145.654957555234  3379048.151572013739     19.781713898294     19.781713898294      0.000000      0.000000      0.000000     30.531143086157    114.355800169386     -0.105133      1.237186      0.076110  1    
442432.00  38534145.583904109895  3379049.418756445404     19.713018455543     19.713018455543      0.000000      0.000000      0.000000     30.531154518302    114.355799470671     -0.107682      1.209293     -0.016674  1    
442433.00  38534145.475650638342  3379050.706959651317     19.721258347854     19.721258347854      0.000000      0.000000      0.000000     30.531166141096    114.355798385025     -0.154706      1.429230     -0.109428  1    
442434.00  38534145.364805899560  3379052.032992006280     19.745984251611     19.745984251611      0.000000      0.000000      0.000000     30.531178105187    114.355797273622     -0.102009      1.388117      0.056120  1    
442435.00  38534145.222287498415  3379053.426465944387     19.769845820963     19.769845820963      0.000000      0.000000      0.000000     30.531190678509    114.355795834399     -0.167896      1.220395     -0.014608  1    
442436.00  38534145.051588557661  3379054.735403710511     19.766643514857     19.766643514857      0.000000      0.000000      0.000000     30.531202490108    114.355794098758     -0.271380      1.271379      0.086387  1    
442437.00  38534144.478867374361  3379056.099739945959     19.738420920447     19.738420920447      0.000000      0.000000      0.000000     30.531214812846    114.355788175902     -0.907690      1.086830     -0.148799  1    
442438.00  38534143.501509435475  3379057.097163598053     19.720772582106     19.720772582106      0.000000      0.000000      0.000000     30.531223837511    114.355778024706     -1.046543      0.990342     -0.022234  1    
442439.00  38534142.499154008925  3379057.976721938234     19.742004545406     19.742004545406      0.000000      0.000000      0.000000     30.531231799731    114.355767609161     -1.231134      0.846497     -0.112692  1    
442440.00  38534141.513543009758  3379058.594123518560     19.748584122397     19.748584122397      0.000000      0.000000      0.000000     30.531237396794    114.355757359474     -0.899983      0.531437      0.220886  1    
442441.00  38534140.669123142958  3379059.065384900197     19.778418947943     19.778418947943      0.000000      0.000000      0.000000     30.531241671642    114.355748576181     -0.731570      0.396560      0.130157  1    
442442.00  38534139.722457103431  3379059.539178824518     19.752278892323     19.752278892323      0.000000      0.000000      0.000000     30.531245972242    114.355738727575     -0.948435      0.398783     -0.150096  1    
442443.00  38534138.478969767690  3379059.721518982667     19.755047711544     19.755047711544      0.000000      0.000000      0.000000     30.531247652345    114.355725776537     -1.355769     -0.017975      0.108529  1    
442444.00  38534137.394897900522  3379059.765748705249     19.738749206066     19.738749206066      0.000000      0.000000      0.000000     30.531248082142    114.355714482055     -1.113044      0.057568      0.098604  1    
442445.00  38534136.216820411384  3379059.785999225918     19.782923659310     19.782923659310      0.000000      0.000000      0.000000     30.531248298318    114.355702207255     -1.275169      0.027581     -0.026353  1    
442446.00  38534135.113319784403  3379059.788667448331     19.745100736618     19.745100736618      0.000000      0.000000      0.000000     30.531248353778    114.355690708961     -1.270407     -0.075647     -0.098883  1    
442447.00  38534139.279064491391  3379052.969946496654     30.046562743373     30.046562743373      0.000000      0.000000      0.000000     30.531186729762    114.355733891560     -1.060470     -0.135369     -0.342927  1    
442448.00  38534137.962872780859  3379053.069597597234     31.580122748390     31.580122748390      0.000000      0.000000      0.000000     30.531187666070    114.355720180239     -0.988382     -0.038306      0.093610  1    
442449.00  38534131.175965376198  3379058.968105544336     21.124508786947     21.124508786947      0.000000      0.000000      0.000000     30.531241064232    114.355649655105     -1.124425     -0.024238      0.093073  5    
442450.00  38534130.052060812712  3379058.920509234536     20.935728469864     20.935728469864      0.000000      0.000000      0.000000     30.531240666876    114.355637942553     -1.187091      0.040891      0.009062  5    
442451.00  38534129.008018866181  3379058.879028682597     20.968685105443     20.968685105443      0.000000      0.000000      0.000000     30.531240322413    114.355627062363     -1.097893     -0.100565      0.057143  5    
442452.00  38534127.874008066952  3379058.947291930672     20.940946187824     20.940946187824      0.000000      0.000000      0.000000     30.531240970406    114.355615248312     -1.083894     -0.057073      0.266172  5    
442453.00  38534132.140639074147  3379054.603119586129     28.008945179172     28.008945179172      0.000000      0.000000      0.000000     30.531201664208    114.355659563493     -1.157208      0.192529     -0.213000  6    
442454.00  38534131.479711741209  3379054.203548194375     28.837665065192     28.837665065192      0.000000      0.000000      0.000000     30.531198078836    114.355652663561     -1.181595     -0.322515     -0.149144  6    
442455.00  38534130.522066384554  3379054.004496378358     29.213065221906     29.213065221906      0.000000      0.000000      0.000000     30.531196310608    114.355642678443     -1.270311     -0.412042     -0.245372  6    
442456.00  38534131.584777444601  3379052.214097626042     32.317150278017     32.317150278017      0.000000      0.000000      0.000000     30.531180130816    114.355653692966     -1.350012      0.050368      0.292680  6    
442457.00  38534130.502286575735  3379051.164603650104     36.227044817060     36.227044817060      0.000000      0.000000      0.000000     30.531170695071    114.355642379029     -1.291050      0.031742      0.126220  1    
442458.00  38534127.973568387330  3379053.506937762722     31.132369430736     31.132369430736      0.000000      0.000000      0.000000     30.531191895068    114.355616106980     -1.159427     -0.221332      0.227563  6    
442459.00  38534124.765078462660  3379055.246297613252     28.606448872946     28.606448872946      0.000000      0.000000      0.000000     30.531207675506    114.355582731951     -1.015512      0.138810      0.124648  6    
442460.00  38534125.125692300498  3379053.874139653519     30.791307511739     30.791307511739      0.000000      0.000000      0.000000     30.531195288256    114.355586444437     -1.008322     -0.001422     -0.228607  6    
442461.00  38534124.226711481810  3379053.700591025874     31.152360475622     31.152360475622      0.000000      0.000000      0.000000     30.531193748397    114.355577071438     -1.058775     -0.086691      0.180814  6    
442462.00  38534122.745550535619  3379053.930641598534     30.711337968707     30.711337968707      0.000000      0.000000      0.000000     30.531195865595    114.355561645433     -1.175102     -0.076872     -0.216059  6    
442463.00  38534119.595363236964  3379055.875480932649     28.168223441578     28.168223441578      0.000000      0.000000      0.000000     30.531213497806    114.355528884652     -0.957611      0.092080      0.115110  6    
442464.00  38534118.591472089291  3379055.851502983831     28.268933604471     28.268933604471      0.000000      0.000000      0.000000     30.531213310067    114.355518423408     -1.137214      0.090731      0.075998  6    
442465.00  38534117.592226251960  3379055.987361346371     28.398200077936     28.398200077936      0.000000      0.000000      0.000000     30.531214563934    114.355508015818     -1.213615      0.110933      0.052527  6    
442466.00  38534116.197543613613  3379057.539309464861     24.884488947690     24.884488947690      0.000000      0.000000      0.000000     30.531228602305    114.355493534321     -1.314874      0.035654      0.098270  6    
442467.00  38534112.981201916933  3379059.498231532052     24.861582113430     24.861582113430      0.000000      0.000000      0.000000     30.531246363408    114.355460084655     -1.278309     -0.044353      0.035438  6    
442468.00  38534111.276574254036  3379059.909930519294     24.170335204341     24.170335204341      0.000000      0.000000      0.000000     30.531250125430    114.355442336101     -1.143670     -0.021464      0.094662  5    
442469.00  38534110.013435624540  3379059.949459932279     24.179063734598     24.179063734598      0.000000      0.000000      0.000000     30.531250517896    114.355429175603     -0.652917     -0.027629      0.098013  5    
442470.00  38534108.970040202141  3379059.902552317362     24.112241392024     24.112241392024      0.000000      0.000000      0.000000     30.531250124444    114.355418301972     -0.991385      0.061858      0.024843  5    
442471.00  38534107.843777708709  3379059.995907966513     23.947573417798     23.947573417798      0.000000      0.000000      0.000000     30.531250998535    114.355406569478     -0.984019      0.032316      0.232121  5    
442472.00  38534106.522072963417  3379060.418847559486     23.611557601020     23.611557601020      0.000000      0.000000      0.000000     30.531254851058    114.355392811315     -1.195922      0.037912     -0.038784  5    
442473.00  38534105.645410813391  3379060.289088823833     23.845029889606     23.845029889606      0.000000      0.000000      0.000000     30.531253705539    114.355383672309     -0.973218     -0.001046     -0.206434  5    
442474.00  38534104.098376564682  3379060.502058041748     23.208710593171     23.208710593171      0.000000      0.000000      0.000000     30.531255670511    114.355367559336     -1.002161     -0.019724      0.037198  5    
442475.00  38534102.939354106784  3379060.616715904325     23.196523971856     23.196523971856      0.000000      0.000000      0.000000     30.531256737676    114.355355486185     -1.322838      0.269011     -0.226969  5    
442476.00  38534101.750530980527  3379060.702436231077     23.104267994873     23.104267994873      0.000000      0.000000      0.000000     30.531257544668    114.355343101563     -1.254663      0.236071      0.003513  5    
442477.00  38534100.104642860591  3379060.827768602408     21.385756776668     21.385756776668      0.000000      0.000000      0.000000     30.531258721951    114.355325955662     -1.115533      0.082151      0.007951  1    
442478.00  38534099.132412426174  3379060.615714608226     22.586288671009     22.586288671009      0.000000      0.000000      0.000000     30.531256836833    114.355315818142     -1.109114      0.101686      0.122834  5    
442479.00  38534097.941541716456  3379060.671718935482     22.596645864658     22.596645864658      0.000000      0.000000      0.000000     30.531257375837    114.355303411209     -1.272744      0.155950      0.159965  5    
442480.00  38534096.472335763276  3379061.046332255006     19.776961491443     19.776961491443      0.000000      0.000000      0.000000     30.531260796633    114.355288114504     -1.113651     -0.132516      0.015950  1    
442481.00  38534095.283473566175  3379060.987561989110     19.737639556639     19.737639556639      0.000000      0.000000      0.000000     30.531260300301    114.355275724731     -0.726726     -0.059859     -0.151919  1    
442482.00  38534094.942067913711  3379060.971947712358     19.687669830397     19.687669830397      0.000000      0.000000      0.000000     30.531260169159    114.355272166800     -0.558887     -0.006901     -0.046899  1    
442483.00  38534094.374585755169  3379060.949113890994     19.622103908099     19.622103908099      0.000000      0.000000      0.000000     30.531259979320    114.355266252934     -0.456201     -0.003987      0.056003  1    
442484.00  38534093.720632560551  3379060.910778767895     19.538943646476     19.538943646476      0.000000      0.000000      0.000000     30.531259652114    114.355259437539     -0.673710     -0.240945     -0.074160  1    
442485.00  38534092.881969422102  3379060.920899582095     19.358571380377     19.358571380377      0.000000      0.000000      0.000000     30.531259767233    114.355250699072     -1.006644      0.096075     -0.167923  1    
442486.00  38534091.866283789277  3379059.523968502879     21.791862487793     21.791862487793      0.000000      0.000000      0.000000     30.531247195640    114.355240069866     -1.122214     -0.123182     -0.147324  1    
442487.00  38534090.702274836600  3379060.814661896322     19.211179874837     19.211179874837      0.000000      0.000000      0.000000     30.531258870886    114.355227983352     -0.989352     -0.072352      0.048899  1    
442488.00  38534089.140235237777  3379059.785935993772     20.857222948223     20.857222948223      0.000000      0.000000      0.000000     30.531249636058    114.355211673271     -1.124382     -0.095605      0.017386  1    
442489.00  38534088.602027252316  3379060.399981960189     21.407952157781     21.407952157781      0.000000      0.000000      0.000000     30.531255190100    114.355206085340     -0.909526     -0.021941     -0.097385  5    
442490.00  38534087.707757130265  3379060.773536155932     21.419631380588     21.419631380588      0.000000      0.000000      0.000000     30.531258584999    114.355196779380     -0.955345     -0.051557      0.132355  1    
442491.00  38534086.629885032773  3379060.493755635340     20.829794238321     20.829794238321      0.000000      0.000000      0.000000     30.531256091971    114.355185538863     -0.792847      0.499164     -0.101563  1    
442492.00  38534086.315684013069  3379061.140088778455     20.853440368548     20.853440368548      0.000000      0.000000      0.000000     30.531261930883    114.355182286124     -0.921077      0.876255     -0.141842  1    
442493.00  38534085.425788335502  3379061.777459262870     21.013358243741     21.013358243741      0.000000      0.000000      0.000000     30.531267705303    114.355173034400     -0.125833      1.093816     -0.491966  5    
442494.00  38534084.979408234358  3379062.639772119466     21.055942685343     21.055942685343      0.000000      0.000000      0.000000     30.531275496127    114.355168411453     -0.456917      1.318734     -0.243117  5    
442495.00  38534084.824088498950  3379064.078749850392     21.055789521895     21.055789521895      0.000000      0.000000      0.000000     30.531288480254    114.355166840251     -0.116626      1.051515      0.148426  1    
442496.00  38534084.742668308318  3379065.185324750375     20.978816665709     20.978816665709      0.000000      0.000000      0.000000     30.531298463977    114.355166028170     -0.090681      1.311470      0.036619  1    
442497.00  38534084.480170257390  3379066.047212057747     20.770860003307     20.770860003307      0.000000      0.000000      0.000000     30.531306245738    114.355163321243      0.031430      1.197349      0.388471  5    
442498.00  38534084.352542489767  3379067.233495216351     20.805747406557     20.805747406557      0.000000      0.000000      0.000000     30.531316949750    114.355162030297     -0.034797      1.167163     -0.138267  5    
442499.00  38534084.371675312519  3379068.914075265639     18.373720827512     18.373720827512      0.000000      0.000000      0.000000     30.531332108197    114.355162284804     -0.045501      0.955330      0.153005  1    
442500.00  38534084.334835976362  3379070.101469220594     18.303308586590     18.303308586590      0.000000      0.000000      0.000000     30.531342819649    114.355161939903     -0.138080      1.608843      0.428580  1    
442501.00  38534084.631891168654  3379070.816069628578     19.830752776936     19.830752776936      0.000000      0.000000      0.000000     30.531349256975    114.355165058644     -0.048734      1.477717     -0.170158  1    
442502.00  38534084.039898708463  3379072.586336120497     20.470266768709     20.470266768709      0.000000      0.000000      0.000000     30.531365241761    114.355158948214     -0.007299      1.421423      0.631481  5    
442503.00  38534084.148313045502  3379073.903566181660     20.408108205535     20.408108205535      0.000000      0.000000      0.000000     30.531377120221    114.355160121106      0.199069      1.415032     -0.288766  5    
442504.00  38534084.072760179639  3379074.998977282085     19.602780682966     19.602780682966      0.000000      0.000000      0.000000     30.531387003079    114.355159369794      0.001744      1.185438      0.161283  1    
442505.00  38534084.488819964230  3379076.489552447572     20.072702877223     20.072702877223      0.000000      0.000000      0.000000     30.531400436390    114.355163754018      0.159140      1.249982     -0.435645  5    
442506.00  38534084.726334512234  3379077.720088999718     20.107867699116     20.107867699116      0.000000      0.000000      0.000000     30.531411529199    114.355166269281      0.158573      1.262003     -0.249801  5    
442507.00  38534085.177229180932  3379079.047023660503     20.505128319375     20.505128319375      0.000000      0.000000      0.000000     30.531423485467    114.355171011115      0.449081      1.134645     -1.354627  5    
442508.00  38534080.257561407983  3379079.962297815830     37.453403719701     37.453403719701      0.000000      0.000000      0.000000     30.531431881062    114.355119778535     -0.280912      1.625640     -0.885843  6    
442509.00  38534086.156466007233  3379079.649486381561     25.061595888808     25.061595888808      0.000000      0.000000      0.000000     30.531428891921    114.355181234467     -0.252174      1.198188      1.210747  6    
442510.00  38534086.433660447598  3379081.895674218424     21.373894440010     21.373894440010      0.000000      0.000000      0.000000     30.531449144873    114.355184196524     -0.050730      1.053451      0.145922  6    
442511.00  38534085.959765523672  3379083.637455432210     20.963603702374     20.963603702374      0.000000      0.000000      0.000000     30.531464869366    114.355179315725      0.180153      1.204309     -1.097354  6    
442512.00  38534085.708628833294  3379084.992547655944     20.679406890646     20.679406890646      0.000000      0.000000      0.000000     30.531477099560    114.355176743363     -0.231176      1.541711     -0.003035  6    
442513.00  38534085.346472501755  3379086.525569430087     20.824916081503     20.824916081503      0.000000      0.000000      0.000000     30.531490937848    114.355173020021      0.052606      1.438100      0.143798  6    
442514.00  38534085.118426062167  3379087.644366240129     22.101120298728     22.101120298728      0.000000      0.000000      0.000000     30.531501035979    114.355170680503     -0.007775      1.214500      0.190991  6    
442515.00  38534085.765139006078  3379087.976354068145     23.006040046923     23.006040046923      0.000000      0.000000      0.000000     30.531504012170    114.355177430108     -0.008584      1.163252     -0.147885  6    
442516.00  38534085.895630083978  3379089.041871771216     23.217678904533     23.217678904533      0.000000      0.000000      0.000000     30.531513619533    114.355178824783     -0.203980      1.303112      0.123833  6    
442517.00  38534086.483788445592  3379089.711247158702     23.506669384427     23.506669384427      0.000000      0.000000      0.000000     30.531519640654    114.355184975325     -0.114612      1.477061      0.232716  6    
442518.00  38534087.417111232877  3379090.470509054605     23.924313678406     23.924313678406      0.000000      0.000000      0.000000     30.531526462755    114.355194725412      0.039020      1.288492      0.034917  6    
442519.00  38534087.521816752851  3379091.553129425738     24.676442544907     24.676442544907      0.000000      0.000000      0.000000     30.531536225118    114.355195851965     -0.196593      1.752934     -0.141594  6    
442520.00  38534086.613364249468  3379092.863843000028     26.495095197111     26.495095197111      0.000000      0.000000      0.000000     30.531548073685    114.355186428951     -0.074580      1.261676      0.294615  6    
442521.00  38534086.393171817064  3379093.904454289004     28.253478254192     28.253478254192      0.000000      0.000000      0.000000     30.531557466352    114.355184168706     -0.142677      1.327250     -0.154285  6    
442522.00  38534085.759574197233  3379095.464554605074     28.457976462319     28.457976462319      0.000000      0.000000      0.000000     30.531571556602    114.355177617846      0.102955      1.220829     -0.473254  6    
442523.00  38534087.015567995608  3379095.976406936999     26.876625641249     26.876625641249      0.000000      0.000000      0.000000     30.531576137880    114.355190722035      0.129143      1.513996     -0.779158  6    
442524.00  38534086.754049897194  3379097.095621159300     28.165868364275     28.165868364275      0.000000      0.000000      0.000000     30.531586240726    114.355188033757     -0.158932      1.256806      0.186215  6    
442525.00  38534084.253663681448  3379099.391641001683     30.118739916943     30.118739916943      0.000000      0.000000      0.000000     30.531607022068    114.355162055196     -0.057773      1.304338     -0.026296  6    
442526.00  38534082.358649142087  3379103.074974123389     27.745900516398     27.745900516398      0.000000      0.000000      0.000000     30.531640299906    114.355142430090     -0.128021      1.454594      0.924661  6    
442527.00  38534083.004012070596  3379105.058141612448     24.238116503693     24.238116503693      0.000000      0.000000      0.000000     30.531658169932    114.355149219816     -0.118101      1.261457     -0.381267  6    
442528.00  38534084.437931813300  3379106.109612288885     20.554540737532     20.554540737532      0.000000      0.000000      0.000000     30.531667613567    114.355164195702     -0.077812      1.388287     -0.318491  6    
442529.00  38534084.865488581359  3379106.024806577712     23.171192514710     23.171192514710      0.000000      0.000000      0.000000     30.531666836466    114.355168648044      0.358928      1.504554      0.171448  6    
442530.00  38534084.672228835523  3379108.055207539350     20.735931534320     20.735931534320      0.000000      0.000000      0.000000     30.531685156364    114.355166700910      0.091661      1.238793     -0.320036  6    
442531.00  38534084.279721990228  3379109.422252210323     19.218118120916     19.218118120916      0.000000      0.000000      0.000000     30.531697498384    114.355162655862      0.137093      1.518458     -0.472584  6    
442532.00  38534085.077767133713  3379110.921918267850     17.063797584735     17.063797584735      0.000000      0.000000      0.000000     30.531711002844    114.355171020673      0.014971      1.059497     -0.072417  6    
442533.00  38534085.089734338224  3379112.190512802452     16.122173462063     16.122173462063      0.000000      0.000000      0.000000     30.531722445346    114.355171186999     -0.052184      0.872911      0.207593  6    
442534.00  38534085.186501808465  3379113.219194445759     15.918149949983     15.918149949983      0.000000      0.000000      0.000000     30.531731721403    114.355172229068     -0.023946      0.797979      0.145630  6    
442535.00  38534084.050382122397  3379114.309207454789     17.682282488793     17.682282488793      0.000000      0.000000      0.000000     30.531741585695    114.355160426506      0.057767      0.828412     -0.181002  6    
442536.00  38534084.056226797402  3379115.323151031975     14.226488445885     14.226488445885      0.000000      0.000000      0.000000     30.531750731395    114.355160520678     -0.079205      1.278770      0.379559  6    
442537.00  38534083.779351875186  3379116.367785194423     14.774847114459     14.774847114459      0.000000      0.000000      0.000000     30.531760161958    114.355157669928     -0.036781      0.921031     -0.060734  6    
442538.00  38534084.247562207282  3379117.324027669150     15.323677144013     15.323677144013      0.000000      0.000000      0.000000     30.531768774055    114.355162580043     -0.028197      1.284167      0.115441  6    
442539.00  38534084.672373287380  3379118.833527385257     12.597866206430     12.597866206430      0.000000      0.000000      0.000000     30.531782377818    114.355167056095     -0.135905      1.056552      0.487440  5    
442540.00  38534084.762525133789  3379119.800820377655     11.355009347200     11.355009347200      0.000000      0.000000      0.000000     30.531791100330    114.355168027215     -0.020571      1.135441     -0.163338  5    
442541.00  38534083.771944172680  3379121.489055749495     11.387458957732     11.387458957732      0.000000      0.000000      0.000000     30.531806356510    114.355157760785     -0.187273      0.993688      0.119888  5    
442542.00  38534085.706933170557  3379122.074382424355      7.552400090732      7.552400090732      0.000000      0.000000      0.000000     30.531811581246    114.355177942528      0.190180      1.323094     -0.410401  6    
442543.00  38534085.785923257470  3379123.554565061815      6.484354573302      6.484354573302      0.000000      0.000000      0.000000     30.531824930389    114.355178814175     -0.048981      1.342901     -0.289213  6    
442544.00  38534085.858317531645  3379125.110252914950      6.255911415443      6.255911415443      0.000000      0.000000      0.000000     30.531838960783    114.355179619572      0.023140      1.259986     -0.285742  6    
442545.00  38534084.215383939445  3379126.052129175048     13.388709614985     13.388709614985      0.000000      0.000000      0.000000     30.531847503264    114.355162531148      0.007943      1.247966     -0.316707  6    
442546.00  38534085.526496872306  3379128.585597917903     11.668088138103     11.668088138103      0.000000      0.000000      0.000000     30.531870318147    114.355176276052     -0.024982      1.261445      0.043527  5    
442547.00  38534084.005299277604  3379129.309314107988     14.295138280839     14.295138280839      0.000000      0.000000      0.000000     30.531876889345    114.355160448950      0.064991      1.325926     -0.056129  5    
442548.00  38534083.968645796180  3379130.637587695848     15.020041145384     15.020041145384      0.000000      0.000000      0.000000     30.531888871539    114.355160110606     -0.009121      1.470367      0.340345  5    
442549.00  38534083.976566217840  3379132.000788807869     15.356985699385     15.356985699385      0.000000      0.000000      0.000000     30.531901167516    114.355160237869      0.125199      1.443750      0.148370  5    
442550.00  38534083.928599402308  3379133.400392747484     15.366306545213     15.366306545213      0.000000      0.000000      0.000000     30.531913793437    114.355159783981     -0.054124      1.389783     -0.269915  5    
442551.00  38534083.861384496093  3379134.726671525277     15.526474440470     15.526474440470      0.000000      0.000000      0.000000     30.531925758505    114.355159127123     -0.133170      1.276784      0.113117  5    
442552.00  38534083.702055983245  3379136.132228863426     16.203458529897     16.203458529897      0.000000      0.000000      0.000000     30.531938441290    114.355157513043     -0.009353      1.145857      0.087214  4    
442553.00  38534083.692668080330  3379137.467283444945     16.256580433808     16.256580433808      0.000000      0.000000      0.000000     30.531950483874    114.355157459028     -0.095134      1.138626      0.176339  1    
442554.00  38534083.954107113183  3379138.895722409710     15.215144718066     15.215144718066      0.000000      0.000000      0.000000     30.531963361101    114.355160230093     -0.047382      1.269852      0.048936  6    
442555.00  38534083.963968731463  3379139.874272222165     19.817851150408     19.817851150408      0.000000      0.000000      0.000000     30.531972187432    114.355160364960      0.051018      1.204506     -0.256303  1    
442556.00  38534084.200303554535  3379140.708871343173     18.089514452033     18.089514452033      0.000000      0.000000      0.000000     30.531979708881    114.355162854954      0.081325      1.255580     -0.338940  1    
442557.00  38534084.172153100371  3379141.476918455679     19.542873820290     19.542873820290      0.000000      0.000000      0.000000     30.531986637537    114.355162586829      0.321620      1.416732     -0.146716  1    
442558.00  38534084.410982422531  3379142.524235033430     19.510444696993     19.510444696993      0.000000      0.000000      0.000000     30.531996077647    114.355165109796      0.049334      0.314567     -0.013946  1    
442559.00  38534084.412725575268  3379142.556626391131     19.477796683088     19.477796683088      0.000000      0.000000      0.000000     30.531996369770    114.355165129022     -0.011470     -0.012180      0.057208  1    
442560.00  38534084.182632796466  3379143.287062950898     16.466146716848     16.466146716848      0.000000      0.000000      0.000000     30.532002964913    114.355162755425     -0.007773      0.042628     -0.058758  1    
442561.00  38534084.064950793982  3379143.598909560125     17.747528079897     17.747528079897      0.000000      0.000000      0.000000     30.532005781141    114.355161539412      0.049399      0.672987     -0.145976  1    
442562.00  38534084.696747243404  3379145.600394493435     13.608232543804     13.608232543804      0.000000      0.000000      0.000000     30.532023816776    114.355168188406     -0.405993      0.312775      0.167139  1    
442563.00  38534082.859203003347  3379145.007318636868     16.897218796425     16.897218796425      0.000000      0.000000      0.000000     30.532018519372    114.355149021740     -0.969286      0.319552     -0.064573  1    
442564.00  38534082.614707142115  3379144.439016854856     17.032055768184     17.032055768184      0.000000      0.000000      0.000000     30.532013400181    114.355146455446     -1.449650      0.231481      0.309671  1    
442565.00  38534080.365191422403  3379144.615519797429     16.143864512444     16.143864512444      0.000000      0.000000      0.000000     30.532015056148    114.355123021292     -1.431553     -1.015865     -0.184121  1    
442566.00  38534080.906597010791  3379143.896621043328     14.914523571730     14.914523571730      0.000000      0.000000      0.000000     30.532008556236    114.355128639148     -0.682980     -1.433727     -0.111927  1    
442567.00  38534078.894826598465  3379141.392498320900     16.454195556231     16.454195556231      0.000000      0.000000      0.000000     30.531986025953    114.355107594352     -0.474209     -1.279434     -0.037535  1    
442568.00  38534078.523364260793  3379141.086763858795     16.948795419186     16.948795419186      0.000000      0.000000      0.000000     30.531983278749    114.355103713686     -0.242889     -1.430925      0.029877  1    
442569.00  38534078.188217073679  3379139.442420934793     17.076993620023     17.076993620023      0.000000      0.000000      0.000000     30.531968456140    114.355100167507     -0.188974     -1.545664      0.298138  1    
442570.00  38534077.558955445886  3379136.623571590520     19.267085114494     19.267085114494      0.000000      0.000000      0.000000     30.531943047726    114.355093518127     -0.171300     -1.690325      0.132670  1    
442571.00  38534078.288082629442  3379134.883690198883     19.079286159948     19.079286159948      0.000000      0.000000      0.000000     30.531927333126    114.355101058542      0.081136     -1.511889     -0.271631  1    
442572.00  38534077.628302998841  3379133.124350242782     18.731345666572     18.731345666572      0.000000      0.000000      0.000000     30.531911482452    114.355094125927      0.037590     -1.860840      0.008286  1    
442573.00  38534077.246940359473  3379131.718844293151     19.562665238976     19.562665238976      0.000000      0.000000      0.000000     30.531898815487    114.355090106023     -0.055603     -0.779814      0.134061  1    
442574.00  38534077.672130562365  3379130.438591187354     20.169901051559     20.169901051559      0.000000      0.000000      0.000000     30.531887255409    114.355094494496      0.144907     -0.987888     -0.058644  1    
442575.00  38534078.258541002870  3379130.357692915015     18.595234331675     18.595234331675      0.000000      0.000000      0.000000     30.531886509045    114.355100602229      0.160947     -0.516578     -0.272794  1    
442576.00  38534078.288538843393  3379129.476378788240     18.542782743461     18.542782743461      0.000000      0.000000      0.000000     30.531878558656    114.355100885892      0.068529     -1.010175      0.145400  1    
442577.00  38534078.508096270263  3379127.469694140833     19.507182722911     19.507182722911      0.000000      0.000000      0.000000     30.531860451937    114.355103107840      0.026398     -0.815664      0.234260  1    
442578.00  38534078.529646426439  3379126.434808154590     19.621896260418     19.621896260418      0.000000      0.000000      0.000000     30.531851116556    114.355103298440     -0.005222     -1.173100      0.068212  1    
442579.00  38534077.616194657981  3379125.241767905187     18.024604738690     18.024604738690      0.000000      0.000000      0.000000     30.531840381163    114.355093741151     -0.127469     -1.403892      0.242514  1    
442580.00  38534077.604499280453  3379124.058718897402     17.956055211835     17.956055211835      0.000000      0.000000      0.000000     30.531829710282    114.355093580473     -0.061175     -1.154437     -0.183889  1    
442581.00  38534077.456515289843  3379123.068914288655     20.139656135812     20.139656135812      0.000000      0.000000      0.000000     30.531820786355    114.355092006010      0.002996     -1.235979     -0.056642  5    
442582.00  38534077.473165236413  3379121.734273746610     18.925811780617     18.925811780617      0.000000      0.000000      0.000000     30.531808747299    114.355092135717      0.038200     -1.312251      0.170417  1    
442583.00  38534077.616417542100  3379120.768068252131     19.954436750151     19.954436750151      0.000000      0.000000      0.000000     30.531800027966    114.355093596703      0.002746     -1.349391     -0.012321  1    
442584.00  38534077.540668748319  3379119.631711147260     19.939075392671     19.939075392671      0.000000      0.000000      0.000000     30.531789780069    114.355092770122     -0.110334     -1.377378      0.468101  1    
442585.00  38534077.704100377858  3379118.317752680276     20.505309203640     20.505309203640      0.000000      0.000000      0.000000     30.531777923399    114.355094429968      0.071225     -1.038041     -0.212745  1    
442586.00  38534077.698902256787  3379116.934309246950     19.993770925328     19.993770925328      0.000000      0.000000      0.000000     30.531765444757    114.355094330417     -0.016615     -1.245321      0.175258  5    
442587.00  38534077.723737098277  3379115.709393464960     19.984574960545     19.984574960545      0.000000      0.000000      0.000000     30.531754395196    114.355094549009      0.058653     -1.088689     -0.436070  5    
442588.00  38534077.419177643955  3379114.645729294978     19.158667861484     19.158667861484      0.000000      0.000000      0.000000     30.531744809495    114.355091340613     -0.059809     -1.194537     -0.032543  1    
442589.00  38534077.533826485276  3379113.378890851978     19.281636539847     19.281636539847      0.000000      0.000000      0.000000     30.531733379237    114.355092493689     -0.047670     -1.264599      0.016189  1    
442590.00  38534077.891634866595  3379111.830546665471     20.946431743912     20.946431743912      0.000000      0.000000      0.000000     30.531719402865    114.355096171243      0.123124     -1.356807      0.173507  5    
442591.00  38534078.031635157764  3379110.521082615480     21.175857211463     21.175857211463      0.000000      0.000000      0.000000     30.531707587400    114.355097587081     -0.142385     -1.584946      0.249345  5    
442592.00  38534077.910339623690  3379109.223174239509     21.425073781982     21.425073781982      0.000000      0.000000      0.000000     30.531695883589    114.355096280605     -0.191821     -1.249046      0.114107  5    
442593.00  38534077.857703804970  3379107.947965981439     21.283905693330     21.283905693330      0.000000      0.000000      0.000000     30.531684382585    114.355095690305      0.146488     -1.355907      0.283076  5    
442594.00  38534077.854477167130  3379106.681346927304     21.549846022390     21.549846022390      0.000000      0.000000      0.000000     30.531672957654    114.355095615130      0.090057     -1.379795      0.256707  5    
442595.00  38534077.799070946872  3379105.446890478022     22.025110244751     22.025110244751      0.000000      0.000000      0.000000     30.531661824314    114.355094997300      0.171516     -1.264060     -0.328169  5    
442596.00  38534077.867754697800  3379104.095489032101     22.225178885274     22.225178885274      0.000000      0.000000      0.000000     30.531649632595    114.355095668646     -0.012616     -1.124037      0.380067  5    
442597.00  38534078.080868050456  3379102.908559034113     22.075695275329     22.075695275329      0.000000      0.000000      0.000000     30.531638920323    114.355097850338      0.044274     -1.368632      0.046263  5    
442598.00  38534078.147479519248  3379101.648753555492     22.024619949050     22.024619949050      0.000000      0.000000      0.000000     30.531627554867    114.355098503095     -0.021173     -1.486213      0.025559  5    
442599.00  38534078.235562860966  3379100.387175551150     22.155892727897     22.155892727897      0.000000      0.000000      0.000000     30.531616172813    114.355099379530     -0.014664     -1.212441     -0.007282  5    
442600.00  38534078.311975508928  3379099.107302736957     22.223550070077     22.223550070077      0.000000      0.000000      0.000000     30.531604626069    114.355100133757      0.136211     -1.285161     -0.014355  5    
442601.00  38534078.292024791241  3379097.965642509982     22.139466348104     22.139466348104      0.000000      0.000000      0.000000     30.531594328753    114.355099888416     -0.042364     -1.095914      0.123970  5    
442602.00  38534078.512125231326  3379096.704568400048     22.204464389943     22.204464389943      0.000000      0.000000      0.000000     30.531582947495    114.355102140479     -0.080630     -1.319028      0.035959  5    
442603.00  38534078.456050381064  3379095.527052417863     22.572900812142     22.572900812142      0.000000      0.000000      0.000000     30.531572327782    114.355101517551      0.066132     -1.172791     -0.042059  5    
442604.00  38534078.517774872482  3379094.402602436021     22.408582320437     22.408582320437      0.000000      0.000000      0.000000     30.531562183384    114.355102123826     -0.062788     -1.151276      0.037503  5    
442605.00  38534078.469046808779  3379093.133440798149     22.403586308472     22.403586308472      0.000000      0.000000      0.000000     30.531550736811    114.355101574444      0.014382     -1.533892      0.202680  5    
442606.00  38534080.740362793207  3379090.531623870134     27.362481422722     27.362481422722      0.000000      0.000000      0.000000     30.531527203669    114.355125156070     -0.022521     -1.047407     -0.044953  1    
442607.00  38534078.913595780730  3379090.702329006046     23.298085195012     23.298085195012      0.000000      0.000000      0.000000     30.531528795328    114.355106126860     -0.139365     -1.237541     -0.004531  5    
442608.00  38534078.949346639216  3379089.670056780800     23.307412696071     23.307412696071      0.000000      0.000000      0.000000     30.531519483119    114.355106465515      0.111175     -1.352059      0.370612  5    
442609.00  38534079.095621198416  3379088.541810862720     23.254453356378     23.254453356378      0.000000      0.000000      0.000000     30.531509302080    114.355107952672     -0.169710     -0.820441     -0.507389  5    
442610.00  38534079.095294348896  3379087.469780549407     23.538396155462     23.538396155462      0.000000      0.000000      0.000000     30.531499632275    114.355107914095     -0.060475     -0.949434     -0.168733  5    
442611.00  38534079.430220574141  3379086.267264687922     22.553241702728     22.553241702728      0.000000      0.000000      0.000000     30.531488775956    114.355111364554     -0.020571     -1.073476      0.237181  5    
442612.00  38534079.412761390209  3379085.178722227924     22.582993648015     22.582993648015      0.000000      0.000000      0.000000     30.531478957697    114.355111146917      0.078322     -1.066969      0.082924  5    
442613.00  38534079.375548765063  3379084.104186383076     22.875072481111     22.875072481111      0.000000      0.000000      0.000000     30.531469266339    114.355110723910      0.129086     -0.762240      0.095794  5    
442614.00  38534079.529277548194  3379083.013456939720     22.397598724812     22.397598724812      0.000000      0.000000      0.000000     30.531459423490    114.355112289969      0.615870     -1.213498      0.723655  5    
442615.00  38534079.427928797901  3379081.998745270073     22.580762950704     22.580762950704      0.000000      0.000000      0.000000     30.531450273573    114.355111200630     -0.200343     -1.182038      0.039075  5    
442616.00  38534079.419918678701  3379080.992660716176     22.868952866644     22.868952866644      0.000000      0.000000      0.000000     30.531441198823    114.355111084157      0.161420     -1.050067      0.085087  5    
442617.00  38534079.456141658127  3379079.940814255271     22.627220283262     22.627220283262      0.000000      0.000000      0.000000     30.531431710040    114.355111427089      0.035261     -1.034358      0.144191  5    
442618.00  38534079.519297793508  3379078.762430889066     22.621911233291     22.621911233291      0.000000      0.000000      0.000000     30.531421079117    114.355112046510      0.170315     -1.263376      0.155243  5    
442619.00  38534079.507870979607  3379077.750167537015     22.147375951521     22.147375951521      0.000000      0.000000      0.000000     30.531411948731    114.355111894233      0.100796     -1.000431      0.051425  1    
442620.00  38534079.588706441224  3379076.508020061068     22.564589114860     22.564589114860      0.000000      0.000000      0.000000     30.531400742147    114.355112695780      0.060757     -1.243205      0.165119  5    
442621.00  38534079.600303791463  3379075.182872632053     22.681119239889     22.681119239889      0.000000      0.000000      0.000000     30.531388788863    114.355112773147      0.126418     -1.391471      0.217177  5    
442622.00  38534079.606894299388  3379073.901467759628     22.713574595749     22.713574595749      0.000000      0.000000      0.000000     30.531377230282    114.355112799779      0.099206     -1.493221      0.324733  5    
442623.00  38534079.686956897378  3379072.666255890392     22.708462714218     22.708462714218      0.000000      0.000000      0.000000     30.531366086281    114.355113593500      0.196943     -1.311814      0.148672  5    
442624.00  38534079.716699577868  3379071.384314828552     22.720937079750     22.720937079750      0.000000      0.000000      0.000000     30.531354522206    114.355113861358     -0.043400     -1.232049      0.330715  5    
442625.00  38534079.714740566909  3379070.162647653371     22.777750801295     22.777750801295      0.000000      0.000000      0.000000     30.531343502709    114.355113800864      0.101766     -1.186656     -0.238678  5    
442626.00  38534079.901629947126  3379069.225361779332     22.896755746566     22.896755746566      0.000000      0.000000      0.000000     30.531335042994    114.355115717486      0.177795     -1.039859     -0.029797  1    
442627.00  38534079.750605441630  3379067.765503989067     22.660209227353     22.660209227353      0.000000      0.000000      0.000000     30.531321879227    114.355114095927      0.023440     -1.161088      0.130044  5    
442628.00  38534079.868145532906  3379066.373960945755     23.220376604237     23.220376604237      0.000000      0.000000      0.000000     30.531309324039    114.355115275031     -0.044463     -1.341266     -0.185731  5    
442629.00  38534079.871902875602  3379065.312925136182     22.768593321554     22.768593321554      0.000000      0.000000      0.000000     30.531299753289    114.355115279371     -0.050033     -1.166745     -0.209152  5    
442630.00  38534079.883793435991  3379064.176955415867     22.772292748094     22.772292748094      0.000000      0.000000      0.000000     30.531289506397    114.355115366000      0.082194     -1.074249      0.071654  5    
442631.00  38534079.886251956224  3379063.191256813239     22.701210713945     22.701210713945      0.000000      0.000000      0.000000     30.531280615233    114.355115359278      0.054247     -0.990048      0.176467  5    
442632.00  38534079.279428757727  3379062.725504954811     22.348455902189     22.348455902189      0.000000      0.000000      0.000000     30.531276431341    114.355109020949      0.077264     -1.073949     -0.184525  1    
442633.00  38534079.857987381518  3379061.125822316855     22.776806918904     22.776806918904      0.000000      0.000000      0.000000     30.531261985621    114.355114996999      0.487779     -1.406202      0.217908  1    
442634.00  38534080.571260444820  3379059.819083401002     22.152477351017     22.152477351017      0.000000      0.000000      0.000000     30.531250178454    114.355122386372      0.739071     -0.927718     -0.149727  5    
442635.00  38534081.637688100338  3379059.162768072449     22.252407506108     22.252407506108      0.000000      0.000000      0.000000     30.531244228139    114.355133476923      1.112144     -0.417964     -0.084940  5    
442636.00  38534082.942496694624  3379058.944957672153     22.301144626923     22.301144626923      0.000000      0.000000      0.000000     30.531242226408    114.355147065770      1.309344     -0.237466      0.004828  5    
442637.00  38534083.974149100482  3379059.035083312541     22.641125041060     22.641125041060      0.000000      0.000000      0.000000     30.531243010047    114.355157818456      1.511420     -0.098868     -0.087080  1    
442638.00  38534085.271669223905  3379058.998386197723     22.116021715105     22.116021715105      0.000000      0.000000      0.000000     30.531242642179    114.355171337300      1.180652      0.080174     -0.216529  5    
442639.00  38534086.298943407834  3379059.149438355118     22.709543877281     22.709543877281      0.000000      0.000000      0.000000     30.531243975503    114.355182046366      0.595832      0.011641     -0.238820  1    
442640.00  38534087.534846030176  3379059.255374709144     22.853644786403     22.853644786403      0.000000      0.000000      0.000000     30.531244895951    114.355194927841      1.258152      0.088584      0.286657  1    
442641.00  38534088.588869199157  3379059.352668602485     23.068675194867     23.068675194867      0.000000      0.000000      0.000000     30.531245743609    114.355205913865      1.313655      0.123162      0.127541  1    
442642.00  38534090.326622419059  3379059.363186982926     22.243406090885     22.243406090885      0.000000      0.000000      0.000000     30.531245789118    114.355224021450      1.885082      0.239994      0.189666  1    
442643.00  38534091.595614060760  3379059.589845644776     22.309812586755     22.309812586755      0.000000      0.000000      0.000000     30.531247797548    114.355237251673      1.346803      0.038913      0.211656  5    
442644.00  38534092.271937690675  3379060.401552323718     20.188804159872     20.188804159872      0.000000      0.000000      0.000000     30.531255100004    114.355244325547      1.671963     -0.013138      0.136648  1    
442645.00  38534094.670859664679  3379059.543329075444     22.189734212123     22.189734212123      0.000000      0.000000      0.000000     30.531247290590    114.355269293942      1.491707     -0.006632      0.171153  1    
442646.00  38534096.372030586004  3379059.438059953507     23.105696188286     23.105696188286      0.000000      0.000000      0.000000     30.531246292715    114.355287016541      1.447956      0.103845      0.417995  1    
442647.00  38534097.561810374260  3379059.608198028989     22.891072975472     22.891072975472      0.000000      0.000000      0.000000     30.531247793569    114.355299419530      1.411513     -0.024853     -0.043598  5    
442648.00  38534098.471702359617  3379059.731638366822     23.586193000898     23.586193000898      0.000000      0.000000      0.000000     30.531248881157    114.355308904578      1.302207     -0.010000      0.004030  1    
442649.00  38534099.286218300462  3379059.423265891615     22.907219546847     22.907219546847      0.000000      0.000000      0.000000     30.531246076462    114.355317381642      1.204077     -0.011580     -0.041068  1    
442650.00  38534100.274163253605  3379059.885185945779     21.925633545965     21.925633545965      0.000000      0.000000      0.000000     30.531250214949    114.355327691107      0.908256      0.023070     -0.007066  1    
442651.00  38534101.516415774822  3379059.664119222201     20.690594350919     20.690594350919      0.000000      0.000000      0.000000     30.531248185604    114.355340628015      0.873370      0.005933     -0.033823  1    
442652.00  38534102.927691444755  3379059.237551671453     20.981862531044     20.981862531044      0.000000      0.000000      0.000000     30.531244297816    114.355355319382      0.892630      0.034203      0.052312  1    
442653.00  38534103.908579267561  3379059.226547672879     20.998967397027     20.998967397027      0.000000      0.000000      0.000000     30.531244170681    114.355365539787      1.066471     -0.023422     -0.129718  1    
442654.00  38534104.330892488360  3379059.305887439288     23.043646526523     23.043646526523      0.000000      0.000000      0.000000     30.531244874331    114.355369942859      1.234832      0.061936      0.081295  1    
442655.00  38534105.269852712750  3379059.414001934696     21.480461149476     21.480461149476      0.000000      0.000000      0.000000     30.531245822847    114.355379730294      0.995949      0.048598      0.100805  1    
442656.00  38534106.729335196316  3379059.678926041350     21.924431226216     21.924431226216      0.000000      0.000000      0.000000     30.531248171005    114.355394946675      1.088404      0.022339     -0.127833  5    
442657.00  38534107.945263341069  3379059.658330599777     21.767768711783     21.767768711783      0.000000      0.000000      0.000000     30.531247950671    114.355407615865      1.382363     -0.264104      0.095754  5    
442658.00  38534109.321832530200  3379059.268526122440     21.613451441750     21.613451441750      0.000000      0.000000      0.000000     30.531244395469    114.355421946798      1.281534     -0.155248     -0.075156  5    
442659.00  38534110.527405858040  3379059.131375194993     21.658355728723     21.658355728723      0.000000      0.000000      0.000000     30.531243124085    114.355434504265      1.697604     -0.139434      0.023967  5    
442660.00  38534111.955827936530  3379058.973058564588     21.352036621422     21.352036621422      0.000000      0.000000      0.000000     30.531241655448    114.355449383100      1.343161     -0.136656     -0.066681  5    
442661.00  38534114.222817860544  3379058.035780974664     21.903012915514     21.903012915514      0.000000      0.000000      0.000000     30.531233136668    114.355472974158      0.989793     -0.181171     -0.123119  1    
442662.00  38534115.306688293815  3379058.052398955449     21.755936433561     21.755936433561      0.000000      0.000000      0.000000     30.531233255749    114.355484268538      1.277245      0.080387      0.012581  1    
442663.00  38534115.702564686537  3379058.834570992738     20.667607648298     20.667607648298      0.000000      0.000000      0.000000     30.531240299759    114.355488419225      1.045122     -0.087913     -0.032923  5    
442664.00  38534117.008087404072  3379058.787546675187     20.734637724236     20.734637724236      0.000000      0.000000      0.000000     30.531239838478    114.355502021114      1.257358     -0.085641      0.172469  5    
442665.00  38534118.290644392371  3379058.784480674658     20.763682962395     20.763682962395      0.000000      0.000000      0.000000     30.531239774356    114.355515385146      1.294720     -0.034089     -0.005355  5    
442666.00  38534119.523614428937  3379058.701501077972     20.803213201463     20.803213201463      0.000000      0.000000      0.000000     30.531238990814    114.355528229861      1.228378      0.061054      0.093177  5    
442667.00  38534120.645339190960  3379058.671570322476     20.762751569971     20.762751569971      0.000000      0.000000      0.000000     30.531238688940    114.355539917152      1.231188     -0.093144      0.157873  5    
442668.00  38534121.489279501140  3379059.015577828512     20.746261744760     20.746261744760      0.000000      0.000000      0.000000     30.531241767923    114.355548722237      1.368649     -0.008523      0.012681  6    
442669.00  38534123.682079948485  3379058.239145800471     21.175743041560     21.175743041560      0.000000      0.000000      0.000000     30.531234702077    114.355571545522      1.118503     -0.002661      0.139852  5    
442670.00  38534127.234228454530  3379056.280581886414     23.772808356211     23.772808356211      0.000000      0.000000      0.000000     30.531216934626    114.355608494252      1.236585      0.091212     -0.063383  6    
442671.00  38534127.028436399996  3379057.547236278653     22.071010068059     22.071010068059      0.000000      0.000000      0.000000     30.531228365821    114.355606391531      1.220328      0.133987     -0.114184  6    
442672.00  38534127.958742558956  3379057.823624962941     21.683129696175     21.683129696175      0.000000      0.000000      0.000000     30.531230832415    114.355616094320      1.216224     -0.221796     -0.060404  6    
442673.00  38534130.820065215230  3379056.332367095165     23.674706837162     23.674706837162      0.000000      0.000000      0.000000     30.531217299746    114.355645860052      1.276243      0.026933      0.311393  6    
442674.00  38534129.414211139083  3379058.588549147826     20.736650243402     20.736650243402      0.000000      0.000000      0.000000     30.531237690707    114.355631285308      0.778045      0.138453     -0.180596  6    
442675.00  38534130.496204689145  3379058.557700410020     20.746956576593     20.746956576593      0.000000      0.000000      0.000000     30.531237381673    114.355642558572      1.057647      0.103094     -0.025098  6    
442676.00  38534134.760094046593  3379055.707368419971     24.379654833116     24.379654833116      0.000000      0.000000      0.000000     30.531211550124    114.355686894262      1.195786      0.172985     -0.116282  6    
442677.00  38534135.071872964501  3379056.252535381820     23.574138120748     23.574138120748      0.000000      0.000000      0.000000     30.531216458712    114.355690160885      1.085417     -0.185495     -0.094049  6    
442678.00  38534133.021439433098  3379058.939635370392     19.988365738653     19.988365738653      0.000000      0.000000      0.000000     30.531240754934    114.355668883849      0.985223     -0.235717     -0.100829  6    
442679.00  38534133.401603177190  3379059.027736695949     19.875240870751     19.875240870751      0.000000      0.000000      0.000000     30.531241538803    114.355672848017      0.558002     -0.058379     -0.121612  3    
442680.00  38534134.024820737541  3379059.029277060647     19.847628962249     19.847628962249      0.000000      0.000000      0.000000     30.531241534969    114.355679341940      0.595965      0.050641      0.120184  1    
442681.00  38534134.899684138596  3379059.048232928384     19.803932986222     19.803932986222      0.000000      0.000000      0.000000     30.531241681066    114.355688458564      0.868971     -0.074176      0.013144  1    
442682.00  38534135.835749275982  3379059.081846312154     19.735737316310     19.735737316310      0.000000      0.000000      0.000000     30.531241957633    114.355698213386      1.023510      0.022229      0.016054  1    
442683.00  38534136.849827371538  3379059.090135973878     19.770711041056     19.770711041056      0.000000      0.000000      0.000000     30.531242003558    114.355708780264      0.817595      0.110086     -0.119609  1    
442684.00  38534138.019169457257  3379059.125551801641     19.755192626268     19.755192626268      0.000000      0.000000      0.000000     30.531242289746    114.355720965871      1.109077      0.010364      0.132527  1    
442685.00  38534139.280797369778  3379059.144034509081     19.772146886215     19.772146886215      0.000000      0.000000      0.000000     30.531242420568    114.355734112532      1.360145     -0.017724     -0.058634  1    
442686.00  38534140.342322058976  3379059.195233678445     19.785797355697     19.785797355697      0.000000      0.000000      0.000000     30.531242852188    114.355745175210      1.013677      0.005009     -0.071569  1    
442687.00  38534141.567934982479  3379059.339157332201     19.716411266476     19.716411266476      0.000000      0.000000      0.000000     30.531244115522    114.355757950721      1.155515      0.075628     -0.119841  1    
442688.00  38534142.700412079692  3379059.432630257215     19.720764570870     19.720764570870      0.000000      0.000000      0.000000     30.531244926434    114.355769754107      0.868104      0.070657      0.138001  1    
442689.00  38534143.784464977682  3379058.994865904562     19.738387153484     19.738387153484      0.000000      0.000000      0.000000     30.531240946913    114.355781035455      1.217323     -0.610570      0.029284  1    
442690.00  38534144.915227487683  3379058.439862595405     19.790825627744     19.790825627744      0.000000      0.000000      0.000000     30.531235908556    114.355792799658      1.049743     -0.528469     -0.318538  1    
442691.00  38534145.880233339965  3379057.948282403871     19.781088935211     19.781088935211      0.000000      0.000000      0.000000     30.531231446996    114.355802838775      0.759373     -0.554383      0.183335  1    
442692.00  38534146.286951035261  3379057.481445836835     19.720222105272     19.720222105272      0.000000      0.000000      0.000000     30.531227224513    114.355807061392      0.262777     -0.529775     -0.395511  1    
442693.00  38534146.349846623838  3379056.675717436709     19.752461655997     19.752461655997      0.000000      0.000000      0.000000     30.531219954977    114.355807690272      0.003552     -0.941055      0.087203  1    
442694.00  38534146.367164731026  3379056.320167298429     19.759729173966     19.759729173966      0.000000      0.000000      0.000000     30.531216747389    114.355807859037     -0.009485     -0.293747     -0.029336  1    
442695.00  38534146.364738769829  3379056.270525541157     19.709690742195     19.709690742195      0.000000      0.000000      0.000000     30.531216299684    114.355807832127     -0.009231      0.013702     -0.016524  1    
442696.00  38534146.368042685091  3379056.136904278770     19.749715356156     19.749715356156      0.000000      0.000000      0.000000     30.531215094314    114.355807862161      0.042481      0.109064     -0.063228  1    
442697.00  38534146.369626402855  3379056.119981711730     19.753971123137     19.753971123137      0.000000      0.000000      0.000000     30.531214941626    114.355807878107      0.011538      0.019899      0.006341  1    
442698.00  38534146.370976001024  3379056.122494541109     19.753012093715     19.753012093715      0.000000      0.000000      0.000000     30.531214964253    114.355807892253      0.000080     -0.022372      0.057216  1    
442699.00  38534146.368847861886  3379056.125239585992     19.738754499704     19.738754499704      0.000000      0.000000      0.000000     30.531214989074    114.355807870168      0.011689     -0.029294     -0.027766  1    
442700.00  38534146.371711432934  3379056.125676954165     19.747443825938     19.747443825938      0.000000      0.000000      0.000000     30.531214992938    114.355807900020      0.000381      0.003488     -0.045549  1    
442701.00  38534146.367408558726  3379056.123155642767     19.751615307294     19.751615307294      0.000000      0.000000      0.000000     30.531214970318    114.355807855102     -0.010005      0.049328      0.037705  1    
442702.00  38534146.372336812317  3379056.126314325258     19.749978269450     19.749978269450      0.000000      0.000000      0.000000     30.531214998669    114.355807906558      0.015350     -0.076726     -0.062574  1    
442703.00  38534146.366425782442  3379056.123363303952     19.754853173159     19.754853173159      0.000000      0.000000      0.000000     30.531214972219    114.355807844868     -0.013341      0.031774     -0.009457  1    
442704.00  38534146.369032867253  3379056.125623143744     19.737708687782     19.737708687782      0.000000      0.000000      0.000000     30.531214992529    114.355807872108      0.002636      0.017757     -0.025058  1    
442705.00  38534146.369136795402  3379056.117901163176     19.750965562649     19.750965562649      0.000000      0.000000      0.000000     30.531214922873    114.355807872937     -0.024458     -0.048646      0.087394  1    
442706.00  38534146.366896912456  3379056.120697069447     19.749863240868     19.749863240868      0.000000      0.000000      0.000000     30.531214948156    114.355807849690      0.011207      0.016373      0.025997  1    
442707.00  38534146.363562911749  3379056.121969691943     19.755729836412     19.755729836412      0.000000      0.000000      0.000000     30.531214959730    114.355807814992     -0.009955     -0.018167     -0.046779  1    
442708.00  38534146.366534024477  3379056.125857920852     19.753069336526     19.753069336526      0.000000      0.000000      0.000000     30.531214994718    114.355807846078     -0.007103     -0.010088      0.079402  1    
442709.00  38534146.367552690208  3379056.122519231401     19.753704329021     19.753704329021      0.000000      0.000000      0.000000     30.531214964573    114.355807856583      0.014321      0.044679      0.022047  1    
442710.00  38534146.368455447257  3379056.124701295979     19.733144375496     19.733144375496      0.000000      0.000000      0.000000     30.531214984230    114.355807866061     -0.008533     -0.047474      0.029019  1    
442711.00  38534146.372531257570  3379056.121844538022     19.740495768376     19.740495768376      0.000000      0.000000      0.000000     30.531214958346    114.355807908437     -0.006899     -0.008613      0.000398  1    
442712.00  38534146.370012968779  3379056.117868287489     19.737502374686     19.737502374686      0.000000      0.000000      0.000000     30.531214922551    114.355807882066     -0.003195     -0.021656     -0.041106  1    
442713.00  38534146.369676060975  3379056.119050909299     19.732816381380     19.732816381380      0.000000      0.000000      0.000000     30.531214933228    114.355807878594      0.007239      0.008103      0.046702  1    
442714.00  38534146.368432655931  3379056.124749378301     19.740363660268     19.740363660268      0.000000      0.000000      0.000000     30.531214984664    114.355807865825     -0.003517      0.022711      0.027234  1    
442715.00  38534146.370406098664  3379056.122720118146     19.738532300107     19.738532300107      0.000000      0.000000      0.000000     30.531214966304    114.355807886322     -0.009353      0.015054      0.006338  1    
442716.00  38534146.371928170323  3379056.116355400998     19.744516849518     19.744516849518      0.000000      0.000000      0.000000     30.531214908851    114.355807901972      0.001355     -0.019539     -0.009061  1    
442717.00  38534146.373610101640  3379056.119695328176     19.733598243445     19.733598243445      0.000000      0.000000      0.000000     30.531214938929    114.355807919608      0.024943      0.011479      0.018280  1    
442718.00  38534146.370846495032  3379056.116373990197     19.739208515733     19.739208515733      0.000000      0.000000      0.000000     30.531214909049    114.355807890702      0.007500     -0.010038      0.016928  1    
442719.00  38534146.371797658503  3379056.124603257049     19.720806667581     19.720806667581      0.000000      0.000000      0.000000     30.531214983251    114.355807900883     -0.001202      0.008032      0.010850  1    
442720.00  38534146.370512984693  3379056.117774837650     19.727070644498     19.727070644498      0.000000      0.000000      0.000000     30.531214921694    114.355807887273     -0.020802      0.051933     -0.078011  1    
442721.00  38534146.368249513209  3379056.125806295779     19.728267168626     19.728267168626      0.000000      0.000000      0.000000     30.531214994203    114.355807863952     -0.009537     -0.018802     -0.030376  1    
442722.00  38534146.374672226608  3379056.115280156489     19.721524644643     19.721524644643      0.000000      0.000000      0.000000     30.531214899074    114.355807930530     -0.004246     -0.035379      0.034723  1    
442723.00  38534146.372312463820  3379056.121054902673     19.739528750069     19.739528750069      0.000000      0.000000      0.000000     30.531214951230    114.355807906131      0.013876      0.026152      0.003345  1    
442724.00  38534146.367286056280  3379056.115608917549     19.744646729901     19.744646729901      0.000000      0.000000      0.000000     30.531214902249    114.355807853577      0.013705     -0.035977     -0.015185  1    
442725.00  38534146.365206383169  3379056.127184538636     19.727870460600     19.727870460600      0.000000      0.000000      0.000000     30.531215006722    114.355807832288     -0.000315      0.020222     -0.009806  1    
442726.00  38534146.369175173342  3379056.114070510026     19.748571068980     19.748571068980      0.000000      0.000000      0.000000     30.531214888319    114.355807873211      0.006495     -0.008018      0.015915  1    
442727.00  38534146.368458822370  3379056.123502579052     19.727586288936     19.727586288936      0.000000      0.000000      0.000000     30.531214973417    114.355807866057      0.007780      0.039970     -0.003202  1    
442728.00  38534146.364264741540  3379056.120966656134     19.727292038500     19.727292038500      0.000000      0.000000      0.000000     30.531214950663    114.355807822272     -0.017304     -0.026452     -0.000108  1    
442729.00  38534146.372917190194  3379056.116862535942     19.738119502552     19.738119502552      0.000000      0.000000      0.000000     30.531214913397    114.355807912294      0.000925      0.001686     -0.023666  1    
442730.00  38534146.370210304856  3379056.120828546118     19.726074681617     19.726074681617      0.000000      0.000000      0.000000     30.531214949248    114.355807884219      0.009368      0.033447     -0.002502  1    
442731.00  38534146.366131946445  3379056.126795489341     19.740199509077     19.740199509077      0.000000      0.000000      0.000000     30.531215003186    114.355807841919     -0.021529     -0.002255      0.074427  1    
442732.00  38534146.364934235811  3379056.123780210968     19.752586407587     19.752586407587      0.000000      0.000000      0.000000     30.531214976022    114.355807829340     -0.004050     -0.017732      0.015924  1    
442733.00  38534146.363414108753  3379056.120462008752     19.756390935741     19.756390935741      0.000000      0.000000      0.000000     30.531214946135    114.355807813391      0.006384     -0.035264      0.038527  1    
442734.00  38534146.374002344906  3379056.126291317865     19.729965428822     19.729965428822      0.000000      0.000000      0.000000     30.531214998414    114.355807923912      0.016611      0.010322     -0.023862  1    
442735.00  38534146.368704333901  3379056.126590414904     19.729085573927     19.729085573927      0.000000      0.000000      0.000000     30.531215001263    114.355807868717     -0.021202     -0.046870      0.052053  1    
442736.00  38534146.374577194452  3379056.118519616313     19.735595653765     19.735595653765      0.000000      0.000000      0.000000     30.531214928297    114.355807929646     -0.001875     -0.003531      0.024400  1    
442737.00  38534146.362272948027  3379056.123941705097     19.744871594012     19.744871594012      0.000000      0.000000      0.000000     30.531214977554    114.355807801615     -0.014451     -0.010930      0.036745  1    
442738.00  38534146.368893131614  3379056.116457298398     19.742123778909     19.742123778909      0.000000      0.000000      0.000000     30.531214909856    114.355807870351      0.013792     -0.031375      0.017150  1    
442739.00  38534146.375881806016  3379056.111722666305     19.732802915387     19.732802915387      0.000000      0.000000      0.000000     30.531214866950    114.355807943016     -0.001847     -0.038895      0.060090  1    
442740.00  38534146.383196450770  3379056.106904855464     19.737274603918     19.737274603918      0.000000      0.000000      0.000000     30.531214823285    114.355808019076      0.019997      0.057430     -0.076298  1    
442741.00  38534146.382504001260  3379056.109541092068     19.736335920170     19.736335920170      0.000000      0.000000      0.000000     30.531214847084    114.355808011947      0.014191      0.003363      0.002767  1    
442742.00  38534146.379140466452  3379056.109428456519     19.724419362843     19.724419362843      0.000000      0.000000      0.000000     30.531214846164    114.355807976896      0.002810     -0.026931      0.001154  1    
442743.00  38534146.381171055138  3379056.111468692776     19.738542694598     19.738542694598      0.000000      0.000000      0.000000     30.531214864509    114.355807998122      0.000758      0.007408      0.031668  1    
442744.00  38534146.382543906569  3379056.111606203951     19.726670039818     19.726670039818      0.000000      0.000000      0.000000     30.531214865710    114.355808012431     -0.011781     -0.007770      0.018461  1    
442745.00  38534146.380420573056  3379056.108538256958     19.730470319279     19.730470319279      0.000000      0.000000      0.000000     30.531214838098    114.355807990205     -0.005617     -0.027305      0.045151  1    
442746.00  38534146.381150141358  3379056.105549042113     19.730809209868     19.730809209868      0.000000      0.000000      0.000000     30.531214811114    114.355807997709     -0.002443      0.003721      0.000379  1    
442747.00  38534146.375004902482  3379056.111756144091     19.739246073179     19.739246073179      0.000000      0.000000      0.000000     30.531214867277    114.355807933880     -0.002608      0.015249     -0.001127  1    
442748.00  38534146.380216263235  3379056.106021919288     19.741893351078     19.741893351078      0.000000      0.000000      0.000000     30.531214815406    114.355807987994     -0.011314     -0.056837     -0.009637  1    
442749.00  38534146.374113835394  3379056.112028092612     19.739591019228     19.739591019228      0.000000      0.000000      0.000000     30.531214869756    114.355807924604     -0.006775     -0.004247     -0.022480  1    
442750.00  38534146.378312356770  3379056.104808066040     19.742702751420     19.742702751420      0.000000      0.000000      0.000000     30.531214804511    114.355807968115      0.000757     -0.016927      0.027296  1    
442751.00  38534146.379083126783  3379056.112388132606     19.732832078822     19.732832078822      0.000000      0.000000      0.000000     30.531214872862    114.355807976396     -0.003843      0.037596     -0.027332  1    
442752.00  38534146.378696449101  3379056.111998418812     19.739590704441     19.739590704441      0.000000      0.000000      0.000000     30.531214869358    114.355807972354      0.008815      0.001552     -0.034800  1    
442753.00  38534146.374464593828  3379056.108702783938     19.729509857483     19.729509857483      0.000000      0.000000      0.000000     30.531214839751    114.355807928150     -0.004325     -0.008712      0.025851  1    
442754.00  38534146.378005839884  3379056.113951930776     19.741924071684     19.741924071684      0.000000      0.000000      0.000000     30.531214886998    114.355807965222      0.012444     -0.045492      0.019060  1    
442755.00  38534146.377178370953  3379056.117661276367     19.741549246944     19.741549246944      0.000000      0.000000      0.000000     30.531214920480    114.355807956722      0.004042      0.007102     -0.023948  1    
442756.00  38534146.375934503973  3379056.104518662207     19.751769999042     19.751769999042      0.000000      0.000000      0.000000     30.531214801968    114.355807943329      0.014387      0.051207     -0.022544  1    
442757.00  38534146.375740379095  3379056.122981104068     19.744086757302     19.744086757302      0.000000      0.000000      0.000000     30.531214968507    114.355807941913      0.022326      0.027972      0.004923  1    
442758.00  38534146.373496122658  3379056.116096965503     19.757489748299     19.757489748299      0.000000      0.000000      0.000000     30.531214906475    114.355807918302      0.001324      0.035777     -0.050781  1    
442759.00  38534146.373496584594  3379056.125140756834     19.745762410574     19.745762410574      0.000000      0.000000      0.000000     30.531214988051    114.355807918604     -0.013992     -0.026109      0.038551  1    
442760.00  38534146.375565759838  3379056.118755714968     19.748401359655     19.748401359655      0.000000      0.000000      0.000000     30.531214930398    114.355807939955      0.025762      0.019149     -0.005501  1    
442761.00  38534146.378195188940  3379056.112985499669     19.733071791939     19.733071791939      0.000000      0.000000      0.000000     30.531214878275    114.355807967163     -0.001884     -0.025165      0.014955  1    
442762.00  38534146.378349743783  3379056.112298184540     19.728975784034     19.728975784034      0.000000      0.000000      0.000000     30.531214872071    114.355807968751     -0.008284     -0.022951     -0.029581  1    
442763.00  38534146.376945719123  3379056.109387116041     19.738438234664     19.738438234664      0.000000      0.000000      0.000000     30.531214845853    114.355807954026      0.003653     -0.017085      0.035100  1    
442764.00  38534146.373093612492  3379056.118884934112     19.762044890784     19.762044890784      0.000000      0.000000      0.000000     30.531214931634    114.355807914199      0.003348     -0.039550     -0.006234  1    
442765.00  38534146.379194788635  3379056.118586488068     19.739188575186     19.739188575186      0.000000      0.000000      0.000000     30.531214928768    114.355807977763     -0.006616      0.002561     -0.076337  1    
442766.00  38534146.377112485468  3379056.117999064270     19.752446473576     19.752446473576      0.000000      0.000000      0.000000     30.531214923529    114.355807956046     -0.005019      0.024925     -0.007378  1    
442767.00  38534146.376618057489  3379056.113798502833     19.746562631801     19.746562631801      0.000000      0.000000      0.000000     30.531214885654    114.355807950756      0.006912      0.002565      0.010884  1    
442768.00  38534146.381498649716  3379056.097544058692     19.726917001419     19.726917001419      0.000000      0.000000      0.000000     30.531214738898    114.355808001077     -0.017791      0.005149      0.041755  1    
442769.00  38534146.381802797318  3379056.096851192880     19.730001272634     19.730001272634      0.000000      0.000000      0.000000     30.531214732640    114.355808004224      0.004456     -0.032194     -0.037263  1    
442770.00  38534146.383298315108  3379056.107031837106     19.762178801931     19.762178801931      0.000000      0.000000      0.000000     30.531214824428    114.355808020142     -0.038165      0.040089     -0.028908  1    
442771.00  38534146.386539600790  3379056.096020168625     19.729904854670     19.729904854670      0.000000      0.000000      0.000000     30.531214725009    114.355808053554      0.022494      0.007974     -0.006417  1    
442772.00  38534146.381990849972  3379056.094527001027     19.737124007195     19.737124007195      0.000000      0.000000      0.000000     30.531214711670    114.355808006107      0.004337      0.008203     -0.042945  1    
442773.00  38534146.385831065476  3379056.091636158060     19.745880625211     19.745880625211      0.000000      0.000000      0.000000     30.531214685485    114.355808046027      0.011070     -0.025222      0.021186  1    
442774.00  38534146.384089179337  3379056.097042862326     19.735865409486     19.735865409486      0.000000      0.000000      0.000000     30.531214734304    114.355808028054      0.007963     -0.016199     -0.017140  1    
442775.00  38534146.383438393474  3379056.101778252516     19.735646423884     19.735646423884      0.000000      0.000000      0.000000     30.531214777036    114.355808021429      0.005396      0.008963     -0.084194  1    
442776.00  38534146.375884108245  3379056.108639501501     19.748082019389     19.748082019389      0.000000      0.000000      0.000000     30.531214839140    114.355807942939      0.002833     -0.012290      0.003872  1    
442777.00  38534146.379135385156  3379056.114221516065     19.759541892447     19.759541892447      0.000000      0.000000      0.000000     30.531214889398    114.355807977001     -0.009345      0.035444     -0.068611  1    
442778.00  38534146.381465688348  3379056.100662728306     19.748968544416     19.748968544416      0.000000      0.000000      0.000000     30.531214767030    114.355808000836     -0.000691     -0.010972     -0.008335  1    
442779.00  38534146.378092512488  3379056.109716095030     19.767889687791     19.767889687791      0.000000      0.000000      0.000000     30.531214848788    114.355807965986     -0.010273      0.032278      0.000541  1    
442780.00  38534146.382208794355  3379056.103480878752     19.749473857693     19.749473857693      0.000000      0.000000      0.000000     30.531214792429    114.355808008672      0.000715     -0.010500      0.023367  1    
442781.00  38534146.384579814970  3379056.100446712226     19.735272553749     19.735272553749      0.000000      0.000000      0.000000     30.531214764993    114.355808033278      0.000479     -0.027251      0.015666  1    
442782.00  38534146.381092675030  3379056.099922804628     19.736783923581     19.736783923581      0.000000      0.000000      0.000000     30.531214760366    114.355807996925      0.008221      0.010467     -0.077929  1    
442783.00  38534146.382359206676  3379056.099875712302     19.737861355767     19.737861355767      0.000000      0.000000      0.000000     30.531214759905    114.355808010121     -0.009009      0.006565      0.005523  1    
442784.00  38534146.383092641830  3379056.098678154871     19.738511607982     19.738511607982      0.000000      0.000000      0.000000     30.531214749082    114.355808017724     -0.004116      0.018291     -0.006626  1    
442785.00  38534146.378484964371  3379056.098994635046     19.753593318164     19.753593318164      0.000000      0.000000      0.000000     30.531214752068    114.355807969723      0.007747     -0.044870     -0.005924  1    
442786.00  38534146.375873781741  3379056.101098030806     19.749705263413     19.749705263413      0.000000      0.000000      0.000000     30.531214771115    114.355807942584      0.016041     -0.026480     -0.013040  1    
442787.00  38534146.385717689991  3379056.094154210296     19.733876882121     19.733876882121      0.000000      0.000000      0.000000     30.531214708201    114.355808044928      0.002116     -0.033564     -0.009178  1    
442788.00  38534146.384604223073  3379056.101011135150     19.731617770158     19.731617770158      0.000000      0.000000      0.000000     30.531214770083    114.355808033551      0.014072     -0.010048     -0.031267  1    
442789.00  38534146.383115597069  3379056.102582443506     19.745633059181     19.745633059181      0.000000      0.000000      0.000000     30.531214784299    114.355808018091     -0.005877     -0.020692     -0.008136  1    
442790.00  38534146.380164563656  3379056.096206100192     19.744117479771     19.744117479771      0.000000      0.000000      0.000000     30.531214726868    114.355807987132      0.020861     -0.009833      0.003448  1    
442791.00  38534146.379775546491  3379056.095329714939     19.752664706670     19.752664706670      0.000000      0.000000      0.000000     30.531214718974    114.355807983050     -0.012903      0.018193     -0.014756  1    
442792.00  38534146.383314587176  3379056.096495246515     19.730650635436     19.730650635436      0.000000      0.000000      0.000000     30.531214729386    114.355808019965      0.007750      0.050710     -0.071623  1    
442793.00  38534146.385592862964  3379056.099187873770     19.721505433321     19.721505433321      0.000000      0.000000      0.000000     30.531214753609    114.355808043793      0.000480      0.008186      0.005885  1    
442794.00  38534146.383069589734  3379056.105413658544     19.742942707613     19.742942707613      0.000000      0.000000      0.000000     30.531214809838    114.355808017705      0.007822      0.034930     -0.061636  1    
442795.00  38534146.385209120810  3379056.107642554212     19.748805600218     19.748805600218      0.000000      0.000000      0.000000     30.531214829882    114.355808040072      0.010585     -0.024081      0.030603  1    
442796.00  38534146.383969105780  3379056.104715639725     19.749715753831     19.749715753831      0.000000      0.000000      0.000000     30.531214803516    114.355808027055      0.013831     -0.020293     -0.011220  1    
442797.00  38534146.381147518754  3379056.105210212059     19.762822574005     19.762822574005      0.000000      0.000000      0.000000     30.531214808058    114.355807997671     -0.022898      0.026096      0.001838  1    
442798.00  38534146.381091602147  3379056.104376022238     19.782699431293     19.782699431293      0.000000      0.000000      0.000000     30.531214800535    114.355807997061      0.004183     -0.021968     -0.030250  1    
442799.00  38534146.379254020751  3379056.102329937275     19.795661401004     19.795661401004      0.000000      0.000000      0.000000     30.531214782131    114.355807977846     -0.004916      0.018737      0.002474  1    
442800.00  38534146.374997854233  3379056.104100296274     19.804676324129     19.804676324129      0.000000      0.000000      0.000000     30.531214798221    114.355807933555     -0.003426      0.018159     -0.011543  1    
442801.00  38534146.380636006594  3379056.092100253329     19.761529158801     19.761529158801      0.000000      0.000000      0.000000     30.531214689819    114.355807991910     -0.002918      0.015700     -0.026911  1    
442802.00  38534146.383207440376  3379056.098935234826     19.751708299853     19.751708299853      0.000000      0.000000      0.000000     30.531214751398    114.355808018929     -0.024496     -0.007546      0.014732  1    
442803.00  38534146.384860500693  3379056.089751672465     19.751521136612     19.751521136612      0.000000      0.000000      0.000000     30.531214668514    114.355808035851      0.000534     -0.010596      0.019743  1    
442804.00  38534146.379294149578  3379056.098830618896     19.769043711945     19.769043711945      0.000000      0.000000      0.000000     30.531214750566    114.355807978149      0.017673     -0.018456     -0.013851  1    
442805.00  38534146.377197310328  3379056.097167249769     19.775571363047     19.775571363047      0.000000      0.000000      0.000000     30.531214735622    114.355807956245      0.004912     -0.024216      0.020266  1    
442806.00  38534146.385171242058  3379056.104440455791     19.755027830601     19.755027830601      0.000000      0.000000      0.000000     30.531214801000    114.355808039572     -0.018231     -0.040253      0.030590  1    
442807.00  38534146.386808998883  3379056.102137884591     19.753013952635     19.753013952635      0.000000      0.000000      0.000000     30.531214780184    114.355808056562     -0.019250      0.034205      0.012138  1    
442808.00  38534146.387102417648  3379056.109562287107     19.754807197489     19.754807197489      0.000000      0.000000      0.000000     30.531214847144    114.355808059863      0.015015     -0.026275     -0.015587  1    
442809.00  38534146.393720380962  3379056.097998263314     19.739477380179     19.739477380179      0.000000      0.000000      0.000000     30.531214742647    114.355808128442     -0.005907     -0.010339     -0.024810  1    
442810.00  38534146.390071354806  3379056.102424857672     19.733799817041     19.733799817041      0.000000      0.000000      0.000000     30.531214782679    114.355808090565      0.019512      0.062570     -0.035015  1    
442811.00  38534146.390046603978  3379056.101838370319     19.737163962796     19.737163962796      0.000000      0.000000      0.000000     30.531214777390    114.355808090288     -0.032402      0.031742     -0.013158  1    
442812.00  38534146.386239297688  3379056.100486313459     19.750301168300     19.750301168300      0.000000      0.000000      0.000000     30.531214765303    114.355808050571     -0.009601      0.037523     -0.050026  1    
442813.00  38534146.392569392920  3379056.093210856896     19.744563987479     19.744563987479      0.000000      0.000000      0.000000     30.531214699497    114.355808116291     -0.006584      0.000984      0.017418  1    
442814.00  38534146.391176640987  3379056.098553613294     19.746471551247     19.746471551247      0.000000      0.000000      0.000000     30.531214747729    114.355808101954     -0.002786     -0.017397     -0.006888  1    
442815.00  38534146.391796179116  3379056.099093366880     19.750948172994     19.750948172994      0.000000      0.000000      0.000000     30.531214752580    114.355808108428     -0.014504      0.013249      0.034431  1    
442816.00  38534146.387609496713  3379056.100022347178     19.744157618843     19.744157618843      0.000000      0.000000      0.000000     30.531214761079    114.355808064833     -0.003246      0.028358     -0.028090  1    
442817.00  38534146.389483071864  3379056.098176932428     19.752461242490     19.752461242490      0.000000      0.000000      0.000000     30.531214744379    114.355808084295      0.010274      0.006685     -0.012468  1    
442818.00  38534146.384416796267  3379056.107912941836     19.783377392218     19.783377392218      0.000000      0.000000      0.000000     30.531214832343    114.355808031825     -0.028318     -0.005339      0.034579  1    
442819.00  38534146.383252047002  3379056.107878569048     19.749769442715     19.749769442715      0.000000      0.000000      0.000000     30.531214832066    114.355808019687      0.017210      0.009590     -0.024322  1    
442820.00  38534146.382741354406  3379056.103274487425     19.782109245658     19.782109245658      0.000000      0.000000      0.000000     30.531214790552    114.355808014215     -0.007531      0.040228     -0.053671  1    
442821.00  38534146.390551477671  3379056.096553897019     19.768221964128     19.768221964128      0.000000      0.000000      0.000000     30.531214729709    114.355808095375      0.023710     -0.047265      0.077369  1    
442822.00  38534146.387030966580  3379056.095858130138     19.769577843137     19.769577843137      0.000000      0.000000      0.000000     30.531214723533    114.355808058668     -0.002087     -0.001934     -0.018280  1    
442823.00  38534146.385466359556  3379056.102631019894     19.761178730056     19.761178730056      0.000000      0.000000      0.000000     30.531214784670    114.355808042588      0.006461     -0.002857     -0.013305  1    
442824.00  38534146.387308828533  3379056.099775897339     19.771948514506     19.771948514506      0.000000      0.000000      0.000000     30.531214758864    114.355808061692     -0.012095     -0.003425     -0.004406  1    
442825.00  38534146.389078550041  3379056.099108745810     19.766135433689     19.766135433689      0.000000      0.000000      0.000000     30.531214752796    114.355808080111     -0.016482     -0.004930      0.048051  1    
442826.00  38534146.386636659503  3379056.100742619950     19.767750824802     19.767750824802      0.000000      0.000000      0.000000     30.531214767603    114.355808054720     -0.016497      0.009099     -0.033541  1    
442827.00  38534146.389505855739  3379056.094553289004     19.770469374955     19.770469374955      0.000000      0.000000      0.000000     30.531214711693    114.355808084413      0.005923     -0.000691      0.021551  1    
442828.00  38534146.390463314950  3379056.096010158770     19.746013542637     19.746013542637      0.000000      0.000000      0.000000     30.531214724807    114.355808094438      0.000082      0.046772     -0.023063  1    
442829.00  38534146.383701138198  3379056.099416260142     19.765127995983     19.765127995983      0.000000      0.000000      0.000000     30.531214755723    114.355808024089     -0.012826     -0.002377      0.008712  1    
442830.00  38534146.383299782872  3379056.101729062386     19.765987448394     19.765987448394      0.000000      0.000000      0.000000     30.531214776596    114.355808019983      0.009224     -0.023920     -0.024595  1    
442831.00  38534146.385345280170  3379056.103776392527     19.752566508949     19.752566508949      0.000000      0.000000      0.000000     30.531214795005    114.355808041364     -0.010825      0.004019      0.009787  1    
442832.00  38534146.381113789976  3379056.108168690465     19.737206179649     19.737206179649      0.000000      0.000000      0.000000     30.531214834744    114.355807997416      0.007831     -0.034635     -0.010724  1    
442833.00  38534146.384146302938  3379056.095030015800     19.762825111859     19.762825111859      0.000000      0.000000      0.000000     30.531214716146    114.355808028583      0.035597     -0.007006      0.016669  1    
442834.00  38534146.378345414996  3379056.109339515679     19.758816345595     19.758816345595      0.000000      0.000000      0.000000     30.531214845384    114.355807968609     -0.010221      0.057040      0.001524  1    
442835.00  38534146.379256360233  3379056.100692766719     19.752398265526     19.752398265526      0.000000      0.000000      0.000000     30.531214767364    114.355807977816      0.018681     -0.010066     -0.014198  1    
442836.00  38534146.375760182738  3379056.102847974282     19.753852666356     19.753852666356      0.000000      0.000000      0.000000     30.531214786903    114.355807941457     -0.009144     -0.020309     -0.027942  1    
442837.00  38534146.379965282977  3379056.099997285753     19.758808639832     19.758808639832      0.000000      0.000000      0.000000     30.531214761070    114.355807985181     -0.008820     -0.011599      0.001662  1    
442838.00  38534146.378660351038  3379056.101266721264     19.740745090879     19.740745090879      0.000000      0.000000      0.000000     30.531214772558    114.355807971625      0.010697     -0.043455     -0.017130  1    
442839.00  38534146.375055737793  3379056.106167986989     19.749828917906     19.749828917906      0.000000      0.000000      0.000000     30.531214816870    114.355807934226      0.006288      0.004919      0.028489  1    
442840.00  38534146.384093374014  3379056.095737928059     19.736552641727     19.736552641727      0.000000      0.000000      0.000000     30.531214722533    114.355808028055     -0.007577      0.016877      0.023873  1    
442841.00  38534146.367750152946  3379056.119037089869     19.752952862531     19.752952862531      0.000000      0.000000      0.000000     30.531214933159    114.355807858526      0.024701     -0.019421     -0.035195  1    
442842.00  38534146.382720515132  3379056.105155712925     19.728504964150     19.728504964150      0.000000      0.000000      0.000000     30.531214807521    114.355808014059     -0.005033      0.009816     -0.036239  1    
442843.00  38534146.370019517839  3379056.115109601058     19.747717645951     19.747717645951      0.000000      0.000000      0.000000     30.531214897668    114.355807882043     -0.001913     -0.017844     -0.031000  1    
442844.00  38534146.360471352935  3379056.129785098601     19.734587051906     19.734587051906      0.000000      0.000000      0.000000     30.531215030314    114.355807783035     -0.005802     -0.010872      0.011989  1    
442845.00  38534146.371832937002  3379056.109869436827     19.753303305246     19.753303305246      0.000000      0.000000      0.000000     30.531214850349    114.355807900767      0.014137     -0.030426     -0.010913  1    
442846.00  38534146.371650271118  3379056.110189138912     19.746749694459     19.746749694459      0.000000      0.000000      0.000000     30.531214853238    114.355807898874     -0.006920      0.022137     -0.049596  1    
442847.00  38534146.360873736441  3379056.119903037325     19.753993441351     19.753993441351      0.000000      0.000000      0.000000     30.531214941165    114.355807786903     -0.022597      0.009093     -0.004380  1    
442848.00  38534146.382665641606  3379056.089152139146     19.737687959336     19.737687959336      0.000000      0.000000      0.000000     30.531214663169    114.355808012962     -0.010507      0.009887     -0.009317  1    
442849.00  38534146.384360902011  3379056.087950829417     19.743939773180     19.743939773180      0.000000      0.000000      0.000000     30.531214652285    114.355808030586      0.004396     -0.030050     -0.044628  1    
442850.00  38534146.382860794663  3379056.087483570911     19.731985611841     19.731985611841      0.000000      0.000000      0.000000     30.531214648113    114.355808014940      0.008811      0.007018     -0.044160  1    
442851.00  38534146.381102398038  3379056.097234162968     19.749631437473     19.749631437473      0.000000      0.000000      0.000000     30.531214736114    114.355807996938     -0.023747      0.001485     -0.044432  1    
442852.00  38534146.378496013582  3379056.098629849032     19.738963796757     19.738963796757      0.000000      0.000000      0.000000     30.531214748778    114.355807969826     -0.002422      0.008597      0.033882  1    
442853.00  38534146.376007720828  3379056.101957275067     19.745498050004     19.745498050004      0.000000      0.000000      0.000000     30.531214778862    114.355807944007     -0.001369      0.003965     -0.025153  1    
442854.00  38534146.370693936944  3379056.106088404544     19.745890629478     19.745890629478      0.000000      0.000000      0.000000     30.531214816276    114.355807888774     -0.014654      0.009975     -0.014971  1    
442855.00  38534146.377454690635  3379056.102173490915     19.744954723865     19.744954723865      0.000000      0.000000      0.000000     30.531214780771    114.355807959092      0.021497     -0.037998      0.035185  1    
442856.00  38534146.377034470439  3379056.099719455466     19.752252341248     19.752252341248      0.000000      0.000000      0.000000     30.531214758647    114.355807954633      0.009489      0.011426      0.047800  1    
442857.00  38534146.369953289628  3379056.105499275960     19.750073019415     19.750073019415      0.000000      0.000000      0.000000     30.531214810983    114.355807881037      0.025983     -0.038695      0.008754  1    
442858.00  38534146.363502301276  3379056.116722517647     19.751872321591     19.751872321591      0.000000      0.000000      0.000000     30.531214912402    114.355807814188     -0.020715      0.010491     -0.013265  1    
442859.00  38534146.365892037749  3379056.116763348691     19.750379018486     19.750379018486      0.000000      0.000000      0.000000     30.531214912702    114.355807839090     -0.002531     -0.029330     -0.011069  1    
442860.00  38534146.370050698519  3379056.103620463051     19.738615205511     19.738615205511      0.000000      0.000000      0.000000     30.531214794034    114.355807881991      0.016960     -0.050997     -0.005133  1    
442861.00  38534146.382226824760  3379056.098621600773     19.739159674384     19.739159674384      0.000000      0.000000      0.000000     30.531214748597    114.355808008700     -0.008044      0.004603      0.010588  1    
442862.00  38534146.381448708475  3379056.091307369526     19.745988505892     19.745988505892      0.000000      0.000000      0.000000     30.531214682644    114.355808000352      0.017429     -0.015689     -0.007904  1    
442863.00  38534146.357470221817  3379056.126364925876     19.750931894407     19.750931894407      0.000000      0.000000      0.000000     30.531214999549    114.355807751651     -0.003938      0.019454      0.011209  1    
442864.00  38534146.358501784503  3379056.125230537262     19.758576518856     19.758576518856      0.000000      0.000000      0.000000     30.531214989287    114.355807762362     -0.002708      0.017960     -0.007932  1    
442865.00  38534146.354784794152  3379056.124735285062     19.751866106875     19.751866106875      0.000000      0.000000      0.000000     30.531214984926    114.355807723615      0.000742      0.017684     -0.010554  1    
442866.00  38534146.359360061586  3379056.119799447246     19.755255924538     19.755255924538      0.000000      0.000000      0.000000     30.531214940274    114.355807771127     -0.009691     -0.046965      0.016633  1    
442867.00  38534146.365539349616  3379056.112328154966     19.754657713696     19.754657713696      0.000000      0.000000      0.000000     30.531214872706    114.355807835269      0.020286     -0.014862      0.054290  1    
442868.00  38534146.365776203573  3379056.117011211812     19.769519604743     19.769519604743      0.000000      0.000000      0.000000     30.531214914941    114.355807837891     -0.000767     -0.018442      0.036077  1    
442869.00  38534146.365109778941  3379056.111283914652     19.768774610944     19.768774610944      0.000000      0.000000      0.000000     30.531214863299    114.355807830758      0.013395      0.024537      0.065535  1    
442870.00  38534146.373995363712  3379056.105636240914     19.753569638357     19.753569638357      0.000000      0.000000      0.000000     30.531214812104    114.355807923160     -0.013720      0.025777     -0.075409  1    
442871.00  38534146.369796589017  3379056.105184062384     19.746881376952     19.746881376952      0.000000      0.000000      0.000000     30.531214808145    114.355807879394     -0.004186      0.021276     -0.029431  1    
442872.00  38534146.373510614038  3379056.100984305143     19.754202135839     19.754202135839      0.000000      0.000000      0.000000     30.531214770157    114.355807917956      0.006093      0.023456      0.005383  1    
442873.00  38534146.377736985683  3379056.098518392071     19.751431421377     19.751431421377      0.000000      0.000000      0.000000     30.531214747794    114.355807961913      0.010938     -0.038565      0.036780  1    
442874.00  38534146.377802625299  3379056.096908409614     19.753728370182     19.753728370182      0.000000      0.000000      0.000000     30.531214733270    114.355807962544      0.002379     -0.035595      0.016920  1    
442875.00  38534146.379023589194  3379056.095424164087     19.762712534517     19.762712534517      0.000000      0.000000      0.000000     30.531214719847    114.355807975218      0.001379     -0.000592      0.010211  1    
442876.00  38534146.377178899944  3379056.091987377033     19.759982789867     19.759982789867      0.000000      0.000000      0.000000     30.531214688899    114.355807955883      0.008532     -0.026740     -0.020972  1    
442877.00  38534146.361992768943  3379056.115288231056     19.762287405320     19.762287405320      0.000000      0.000000      0.000000     30.531214899507    114.355807798411      0.003212      0.008293      0.042299  1    
442878.00  38534146.377502910793  3379056.098003813066     19.754958187230     19.754958187230      0.000000      0.000000      0.000000     30.531214743159    114.355807959457      0.014484      0.035388      0.028685  1    
442879.00  38534146.374260589480  3379056.096423340961     19.761794814840     19.761794814840      0.000000      0.000000      0.000000     30.531214728995    114.355807925621      0.012539      0.000326      0.018187  1    
442880.00  38534146.380781076849  3379056.095216499176     19.769471545704     19.769471545704      0.000000      0.000000      0.000000     30.531214717924    114.355807993524      0.007132      0.017048      0.029050  1    
442881.00  38534146.375751890242  3379056.097536826506     19.764368256554     19.764368256554      0.000000      0.000000      0.000000     30.531214738996    114.355807941196     -0.005021      0.011889     -0.005615  1    
442882.00  38534146.374632939696  3379056.100858298130     19.760527158156     19.760527158156      0.000000      0.000000      0.000000     30.531214768988    114.355807929646      0.006790      0.011027     -0.034693  1    
442883.00  38534146.373071290553  3379056.103409827221     19.762654076330     19.762654076330      0.000000      0.000000      0.000000     30.531214792048    114.355807913458     -0.022587     -0.007419      0.000296  1    
442884.00  38534146.373656563461  3379056.096714283805     19.767008046620     19.767008046620      0.000000      0.000000      0.000000     30.531214731637    114.355807919336     -0.007826     -0.042659      0.060397  1    
442885.00  38534146.368572406471  3379056.101582198869     19.763588541187     19.763588541187      0.000000      0.000000      0.000000     30.531214775690    114.355807866520     -0.035009      0.000155      0.024821  1    
442886.00  38534146.377030037344  3379056.093139163684     19.760683753528     19.760683753528      0.000000      0.000000      0.000000     30.531214699293    114.355807954370      0.009393      0.016100      0.002160  1    
442887.00  38534146.375295773149  3379056.094631796703     19.768224732950     19.768224732950      0.000000      0.000000      0.000000     30.531214712806    114.355807936348     -0.005756     -0.037476     -0.001499  1    
442888.00  38534146.378172777593  3379056.094961992931     19.767051396891     19.767051396891      0.000000      0.000000      0.000000     30.531214715702    114.355807966337      0.005851      0.016019      0.003265  1    
442889.00  38534146.376585461199  3379056.090458573774     19.771179240197     19.771179240197      0.000000      0.000000      0.000000     30.531214675126    114.355807949649      0.014121     -0.017343     -0.064508  1    
442890.00  38534146.375843502581  3379056.096293305047     19.758846588433     19.758846588433      0.000000      0.000000      0.000000     30.531214727777    114.355807942110      0.003619     -0.007782      0.004553  1    
442891.00  38534146.371170297265  3379056.099047014490     19.765317981131     19.765317981131      0.000000      0.000000      0.000000     30.531214752749    114.355807893506     -0.014439      0.023804     -0.024931  1    
442892.00  38534146.373643927276  3379056.096661912743     19.766586181708     19.766586181708      0.000000      0.000000      0.000000     30.531214731165    114.355807919203     -0.017925     -0.000906      0.032271  1    
442893.00  38534146.374121092260  3379056.104544986971     19.776544045657     19.776544045657      0.000000      0.000000      0.000000     30.531214802257    114.355807924434     -0.019197     -0.023108      0.032291  1    
442894.00  38534146.376869142056  3379056.111646009609     19.774392389692     19.774392389692      0.000000      0.000000      0.000000     30.531214866231    114.355807953302      0.004267      0.021522      0.019051  1    
442895.00  38534146.374103754759  3379056.111436583102     19.779347577132     19.779347577132      0.000000      0.000000      0.000000     30.531214864420    114.355807924480      0.001684      0.044331     -0.055004  1    
442896.00  38534146.372777529061  3379056.105382729322     19.779982476495     19.779982476495      0.000000      0.000000      0.000000     30.531214809852    114.355807910462      0.007481      0.025626     -0.074847  1    
442897.00  38534146.375072807074  3379056.106259735301     19.757394283079     19.757394283079      0.000000      0.000000      0.000000     30.531214817697    114.355807934407     -0.049944     -0.017542      0.079808  1    
442898.00  38534146.378062993288  3379056.096283188090     19.754316614941     19.754316614941      0.000000      0.000000      0.000000     30.531214727623    114.355807965237      0.010444      0.024307     -0.034710  1    
442899.00  38534146.372256569564  3379056.114798295312     19.762309126556     19.762309126556      0.000000      0.000000      0.000000     30.531214894796    114.355807905343      0.017022     -0.013727     -0.021322  1    
442900.00  38534146.377337016165  3379056.100024936721     19.743755752221     19.743755752221      0.000000      0.000000      0.000000     30.531214761394    114.355807957795     -0.003534     -0.038289     -0.025664  1    
442901.00  38534146.379236415029  3379056.106315329205     19.749046819285     19.749046819285      0.000000      0.000000      0.000000     30.531214818080    114.355807977793      0.020244      0.036483     -0.105533  1    
442902.00  38534146.384465277195  3379056.092675189022     19.756184088998     19.756184088998      0.000000      0.000000      0.000000     30.531214694896    114.355808031829     -0.018448      0.015718     -0.008194  1    
442903.00  38534146.380753621459  3379056.101226627827     19.748597821221     19.748597821221      0.000000      0.000000      0.000000     30.531214772136    114.355807993435      0.004092     -0.011717     -0.054555  1    
442904.00  38534146.379928059876  3379056.104534411337     19.767837557942     19.767837557942      0.000000      0.000000      0.000000     30.531214801996    114.355807984942     -0.005588     -0.024126      0.023354  1    
442905.00  38534146.378998778760  3379056.099273331463     19.761832026765     19.761832026765      0.000000      0.000000      0.000000     30.531214754567    114.355807975086     -0.010514     -0.013514      0.124491  1    
442906.00  38534146.379374764860  3379056.102126373444     19.746513764374     19.746513764374      0.000000      0.000000      0.000000     30.531214780291    114.355807979097     -0.020659     -0.023258      0.008510  1    
442907.00  38534146.382989853621  3379056.102178693283     19.754636921920     19.754636921920      0.000000      0.000000      0.000000     30.531214780661    114.355808016768      0.004001      0.018556      0.030974  1    
442908.00  38534146.388067871332  3379056.096056967974     19.747388812713     19.747388812713      0.000000      0.000000      0.000000     30.531214725297    114.355808069479     -0.019608     -0.017603      0.033760  1    
442909.00  38534146.381857156754  3379056.106618648861     19.744733883068     19.744733883068      0.000000      0.000000      0.000000     30.531214820742    114.355808005111     -0.007108      0.021573      0.022097  1    
442910.00  38534146.374840475619  3379056.119311991148     19.738030455075     19.738030455075      0.000000      0.000000      0.000000     30.531214935436    114.355807932415     -0.006593      0.018990     -0.005920  1    
442911.00  38534146.375169672072  3379056.109209643677     19.740300299600     19.740300299600      0.000000      0.000000      0.000000     30.531214844303    114.355807935513      0.000786     -0.017032     -0.007985  1    
442912.00  38534146.372977226973  3379056.112134544645     19.738349527121     19.738349527121      0.000000      0.000000      0.000000     30.531214870748    114.355807912765     -0.003239     -0.000997     -0.056070  1    
442913.00  38534146.373926803470  3379056.116431866307     19.716175342910     19.716175342910      0.000000      0.000000      0.000000     30.531214909483    114.355807922800      0.015473     -0.003267     -0.116091  1    
442914.00  38534146.378063961864  3379056.103241838980     19.745139822364     19.745139822364      0.000000      0.000000      0.000000     30.531214790390    114.355807965476     -0.011024     -0.004480      0.035099  1    
442915.00  38534146.374568037689  3379056.114072818309     19.771220225841     19.771220225841      0.000000      0.000000      0.000000     30.531214888186    114.355807929404      0.014732     -0.019313      0.025334  1    
442916.00  38534146.378882616758  3379056.106129506137     19.751913253218     19.751913253218      0.000000      0.000000      0.000000     30.531214816414    114.355807974101     -0.003093      0.036607     -0.034378  1    
442917.00  38534146.383509136736  3379056.100147268269     19.744952167384     19.744952167384      0.000000      0.000000      0.000000     30.531214762322    114.355808022112      0.013333     -0.043520      0.091069  1    
442918.00  38534146.379262469709  3379056.108348135371     19.740434190258     19.740434190258      0.000000      0.000000      0.000000     30.531214836416    114.355807978132      0.008327      0.007613     -0.019027  1    
442919.00  38534146.381442904472  3379056.103174920194     19.743397976272     19.743397976272      0.000000      0.000000      0.000000     30.531214789691    114.355808000682      0.016554      0.019793      0.008594  1    
442920.00  38534146.383054085076  3379056.104005310219     19.741209109314     19.741209109314      0.000000      0.000000      0.000000     30.531214797135    114.355808017497      0.011321     -0.028264      0.056532  1    
442921.00  38534146.381904937327  3379056.118836351670     19.753576279618     19.753576279618      0.000000      0.000000      0.000000     30.531214930945    114.355808006011      0.007690      0.001135      0.004974  1    
442922.00  38534146.380567334592  3379056.099467940163     19.737390192226     19.737390192226      0.000000      0.000000      0.000000     30.531214756278    114.355807991436      0.002718     -0.039382      0.008774  1    
442923.00  38534146.377661831677  3379056.104502604343     19.734190247022     19.734190247022      0.000000      0.000000      0.000000     30.531214801774    114.355807961327      0.022464     -0.050256      0.074189  1    
442924.00  38534146.386178769171  3379056.101723644417     19.742383194156     19.742383194156      0.000000      0.000000      0.000000     30.531214776465    114.355808049981     -0.017225     -0.006163      0.021849  1    
442925.00  38534146.384206719697  3379056.098923700396     19.742180676199     19.742180676199      0.000000      0.000000      0.000000     30.531214751266    114.355808029341      0.006565     -0.007850      0.099072  1    
442926.00  38534146.385931126773  3379056.101630394347     19.749228914268     19.749228914268      0.000000      0.000000      0.000000     30.531214775631    114.355808047398      0.010963     -0.031978     -0.078625  1    
442927.00  38534146.370016060770  3379056.126654998399     19.742077625357     19.742077625357      0.000000      0.000000      0.000000     30.531215001808    114.355807882387     -0.011471      0.001969     -0.047238  1    
442928.00  38534146.371056906879  3379056.115709601901     19.754347238690     19.754347238690      0.000000      0.000000      0.000000     30.531214903050    114.355807892873     -0.011515      0.016185      0.020570  1    
442929.00  38534146.370681688190  3379056.125856546219     19.752220502123     19.752220502123      0.000000      0.000000      0.000000     30.531214994587    114.355807889296     -0.003955      0.030653     -0.055447  1    
442930.00  38534146.370023787022  3379056.118514634669     19.754584646784     19.754584646784      0.000000      0.000000      0.000000     30.531214928381    114.355807882200     -0.002176      0.006667     -0.023413  1    
442931.00  38534146.373144768178  3379056.117102039978     19.753233157098     19.753233157098      0.000000      0.000000      0.000000     30.531214915551    114.355807914674     -0.005502      0.004218     -0.004126  1    
442932.00  38534146.372875206172  3379056.110697498545     19.751726179384     19.751726179384      0.000000      0.000000      0.000000     30.531214857789    114.355807911654      0.003922     -0.001690      0.031104  1    
442933.00  38534146.378572754562  3379056.104149636813     19.739787482657     19.739787482657      0.000000      0.000000      0.000000     30.531214798564    114.355807970807      0.011270      0.000431      0.014123  1    
442934.00  38534146.387041777372  3379056.094781166408     19.744063548744     19.744063548744      0.000000      0.000000      0.000000     30.531214713819    114.355808058745      0.017143      0.001938      0.026080  1    
442935.00  38534146.382987298071  3379056.089820449241     19.733562417328     19.733562417328      0.000000      0.000000      0.000000     30.531214669188    114.355808016335     -0.012177     -0.011995     -0.008408  1    
442936.00  38534146.384196236730  3379056.096836393699     19.743113320321     19.743113320321      0.000000      0.000000      0.000000     30.531214732438    114.355808029163      0.012630      0.018862      0.054876  1    
442937.00  38534146.383160099387  3379056.096482728608     19.738376173191     19.738376173191      0.000000      0.000000      0.000000     30.531214729278    114.355808018355      0.003036     -0.002611     -0.004175  1    
442938.00  38534146.384697832167  3379056.092041655444     19.733760216273     19.733760216273      0.000000      0.000000      0.000000     30.531214689175    114.355808034232      0.007365      0.001456      0.051698  1    
442939.00  38534146.394923172891  3379056.080015758052     19.737559644505     19.737559644505      0.000000      0.000000      0.000000     30.531214580409    114.355808140384      0.023707     -0.020961     -0.021435  1    
442940.00  38534146.373981654644  3379056.112503739540     19.756951373070     19.756951373070      0.000000      0.000000      0.000000     30.531214874050    114.355807923243     -0.005728      0.035385     -0.006188  1    
442941.00  38534146.373857095838  3379056.113935454283     19.752773042768     19.752773042768      0.000000      0.000000      0.000000     30.531214886968    114.355807921992      0.024336      0.006572     -0.022342  1    
442942.00  38534146.372937798500  3379056.114034752361     19.759102567099     19.759102567099      0.000000      0.000000      0.000000     30.531214887889    114.355807912416      0.009765     -0.012957      0.014829  1    
442943.00  38534146.375800378621  3379056.097950669471     19.745834497735     19.745834497735      0.000000      0.000000      0.000000     30.531214742728    114.355807941715     -0.001745      0.022509     -0.047157  1    
442944.00  38534146.378494024277  3379056.102182777133     19.732435444370     19.732435444370      0.000000      0.000000      0.000000     30.531214780825    114.355807969922      0.005339      0.014590     -0.001314  1    
442945.00  38534146.377540670335  3379056.105795125943     19.728936111555     19.728936111555      0.000000      0.000000      0.000000     30.531214813436    114.355807960107     -0.009017     -0.040587     -0.044248  1    
442946.00  38534146.379281505942  3379056.104975781869     19.727597885765     19.727597885765      0.000000      0.000000      0.000000     30.531214805996    114.355807978219     -0.028916     -0.032251     -0.000443  1    
442947.00  38534146.380834892392  3379056.102236257866     19.728919019923     19.728919019923      0.000000      0.000000      0.000000     30.531214781241    114.355807994315      0.014172     -0.036425      0.015401  1    
442948.00  38534146.375900045037  3379056.102376544848     19.730638203211     19.730638203211      0.000000      0.000000      0.000000     30.531214782647    114.355807942899      0.007324     -0.008784     -0.009640  1    
442949.00  38534146.377700619400  3379056.110797712579     19.731573531404     19.731573531404      0.000000      0.000000      0.000000     30.531214858555    114.355807961938      0.009755     -0.007301     -0.030067  1    
442950.00  38534146.377953596413  3379056.100578797050     19.744415473193     19.744415473193      0.000000      0.000000      0.000000     30.531214766373    114.355807964238      0.004922      0.011243      0.019484  1    
442951.00  38534146.369356162846  3379056.111040366348     19.759107735939     19.759107735939      0.000000      0.000000      0.000000     30.531214860982    114.355807874997      0.001961      0.016437     -0.030966  1    
442952.00  38534146.376135110855  3379056.103436461650     19.732339198701     19.732339198701      0.000000      0.000000      0.000000     30.531214792201    114.355807945384     -0.006936     -0.013298     -0.048406  1    
442953.00  38534146.378806069493  3379056.105954452883     19.736407996155     19.736407996155      0.000000      0.000000      0.000000     30.531214814837    114.355807973297     -0.003268      0.025506      0.005367  1    
442954.00  38534146.376128397882  3379056.104979230091     19.728243782185     19.728243782185      0.000000      0.000000      0.000000     30.531214806117    114.355807945364      0.012390     -0.013482     -0.083625  1    
442955.00  38534146.377385482192  3379056.106541300192     19.738148269244     19.738148269244      0.000000      0.000000      0.000000     30.531214820171    114.355807958514      0.023122      0.002360     -0.012423  1    
442956.00  38534146.377411156893  3379056.107073904481     19.725216565654     19.725216565654      0.000000      0.000000      0.000000     30.531214824975    114.355807958799     -0.012872      0.025105     -0.001515  1    
442957.00  38534146.377644956112  3379056.099560510833     19.730562927201     19.730562927201      0.000000      0.000000      0.000000     30.531214757196    114.355807960989      0.012761     -0.030715      0.027900  1    
442958.00  38534146.375773653388  3379056.101397051010     19.730274940841     19.730274940841      0.000000      0.000000      0.000000     30.531214773815    114.355807941550      0.012638     -0.004255     -0.022726  1    
442959.00  38534146.376853622496  3379056.104058718309     19.729116087779     19.729116087779      0.000000      0.000000      0.000000     30.531214797793    114.355807952891      0.009159     -0.004155     -0.018683  1    
442960.00  38534146.376225300133  3379056.102824921254     19.735492210835     19.735492210835      0.000000      0.000000      0.000000     30.531214786682    114.355807946303      0.038416     -0.029415     -0.057892  1    
442961.00  38534146.373399578035  3379056.101184680127     19.738660543226     19.738660543226      0.000000      0.000000      0.000000     30.531214771967    114.355807916806     -0.001438     -0.003443      0.005386  1    
442962.00  38534146.363614693284  3379056.110935759731     19.751973530278     19.751973530278      0.000000      0.000000      0.000000     30.531214860201    114.355807815168      0.002222      0.019461     -0.044312  1    
442963.00  38534146.374664783478  3379056.093637256883     19.738135271706     19.738135271706      0.000000      0.000000      0.000000     30.531214703853    114.355807929741     -0.014555      0.034175      0.001524  1    
442964.00  38534146.378269627690  3379056.105880877003     19.742902656086     19.742902656086      0.000000      0.000000      0.000000     30.531214814189    114.355807967705      0.015485     -0.013268     -0.005306  1    
442965.00  38534146.374174252152  3379056.106845433358     19.740939162672     19.740939162672      0.000000      0.000000      0.000000     30.531214823006    114.355807925064     -0.003740      0.054980     -0.083282  1    
442966.00  38534146.378877796233  3379056.102681691293     19.750985684805     19.750985684805      0.000000      0.000000      0.000000     30.531214785315    114.355807973937     -0.005763     -0.047374      0.002080  1    
442967.00  38534146.374895811081  3379056.112567941658     19.748320982791     19.748320982791      0.000000      0.000000      0.000000     30.531214874603    114.355807932770     -0.025039     -0.009356     -0.112956  1    
442968.00  38534146.366451263428  3379056.112100827042     19.751688748598     19.751688748598      0.000000      0.000000      0.000000     30.531214870630    114.355807844764     -0.000587      0.021148     -0.046880  1    
442969.00  38534146.372632257640  3379056.106350753922     19.745599417016     19.745599417016      0.000000      0.000000      0.000000     30.531214818588    114.355807908980      0.008210     -0.007551     -0.001992  1    
442970.00  38534146.369003660977  3379056.105068449862     19.753162208945     19.753162208945      0.000000      0.000000      0.000000     30.531214807124    114.355807871128      0.011184     -0.038057     -0.012812  1    
442971.00  38534146.373861037195  3379056.110864815302     19.735579843633     19.735579843633      0.000000      0.000000      0.000000     30.531214859270    114.355807921932      0.011476     -0.006819      0.024777  1    
442972.00  38534146.369420886040  3379056.106084835716     19.752230704762     19.752230704762      0.000000      0.000000      0.000000     30.531214816280    114.355807875509      0.013367     -0.033606     -0.030120  1    
442973.00  38534146.364946804941  3379056.107996558771     19.749273105524     19.749273105524      0.000000      0.000000      0.000000     30.531214833652    114.355807828952      0.006680      0.022054     -0.012039  1    
442974.00  38534146.368108905852  3379056.111965019722     19.747636316344     19.747636316344      0.000000      0.000000      0.000000     30.531214869358    114.355807862032      0.004115     -0.006369     -0.065812  1    
442975.00  38534146.362451188266  3379056.114535965957     19.753273264505     19.753273264505      0.000000      0.000000      0.000000     30.531214892709    114.355807803163     -0.019704     -0.029873      0.032574  1    
442976.00  38534146.368799664080  3379056.110093066469     19.739601107314     19.739601107314      0.000000      0.000000      0.000000     30.531214852453    114.355807869168      0.008534      0.016350     -0.027719  1    
442977.00  38534146.353149645030  3379056.123332635500     19.742032973096     19.742032973096      0.000000      0.000000      0.000000     30.531214972320    114.355807706531      0.003483      0.021444     -0.018974  1    
442978.00  38534146.350435435772  3379056.137539728079     19.746326236986     19.746326236986      0.000000      0.000000      0.000000     30.531215100547    114.355807678716      0.000118     -0.039938     -0.017300  1    
442979.00  38534146.346945233643  3379056.139643270988     19.736240361817     19.736240361817      0.000000      0.000000      0.000000     30.531215119620    114.355807642418     -0.011885     -0.014124      0.026833  1    
442980.00  38534146.352927781641  3379056.136824967805     19.740318503231     19.740318503231      0.000000      0.000000      0.000000     30.531215094029    114.355807704663      0.004647     -0.050121     -0.016440  1    
442981.00  38534146.353098183870  3379056.134427326266     19.740095708519     19.740095708519      0.000000      0.000000      0.000000     30.531215072397    114.355807706360     -0.003554     -0.049119      0.027724  1    
442982.00  38534146.356038622558  3379056.137936324812     19.730924754404     19.730924754404      0.000000      0.000000      0.000000     30.531215103965    114.355807737114      0.014255     -0.018223     -0.002346  1    
442983.00  38534146.359644979239  3379056.129204889759     19.733689108863     19.733689108863      0.000000      0.000000      0.000000     30.531215025104    114.355807774405     -0.017342      0.019154      0.004618  1    
442984.00  38534146.368507735431  3379056.127228128258     19.735219470225     19.735219470225      0.000000      0.000000      0.000000     30.531215007021    114.355807866689     -0.000482      0.059179     -0.020782  1    
442985.00  38534146.368068255484  3379056.137981077656     19.727502053604     19.727502053604      0.000000      0.000000      0.000000     30.531215104026    114.355807862463      0.011778      0.059018     -0.070594  1    
442986.00  38534146.365400061011  3379056.127466232050     19.728719979525     19.728719979525      0.000000      0.000000      0.000000     30.531215009257    114.355807834315     -0.001355     -0.019022      0.048565  1    
442987.00  38534146.369647763669  3379056.133393049240     19.736324467696     19.736324467696      0.000000      0.000000      0.000000     30.531215062597    114.355807878771     -0.008605      0.056984     -0.053235  1    
442988.00  38534146.363141298294  3379056.126578229945     19.754026046023     19.754026046023      0.000000      0.000000      0.000000     30.531215001311    114.355807810750      0.021172      0.046534      0.007125  1    
442989.00  38534146.359934613109  3379056.128959844355     19.743530804291     19.743530804291      0.000000      0.000000      0.000000     30.531215022885    114.355807777415      0.004484     -0.033130      0.027167  1    
442990.00  38534146.365958645940  3379056.130648212973     19.738737743348     19.738737743348      0.000000      0.000000      0.000000     30.531215037943    114.355807840240     -0.001316     -0.024979      0.053318  1    
442991.00  38534146.365750737488  3379056.122583576478     19.739084696397     19.739084696397      0.000000      0.000000      0.000000     30.531214965205    114.355807837809      0.017852     -0.031042     -0.002280  1    
442992.00  38534146.363735251129  3379056.129015275277     19.743974371813     19.743974371813      0.000000      0.000000      0.000000     30.531215023277    114.355807817019      0.013273      0.001197     -0.028592  1    
442993.00  38534146.365254737437  3379056.133636295330     19.732520275749     19.732520275749      0.000000      0.000000      0.000000     30.531215064916    114.355807833004     -0.002798      0.012052     -0.021614  1    
442994.00  38534146.368847951293  3379056.116708738729     19.734414747916     19.734414747916      0.000000      0.000000      0.000000     30.531214912125    114.355807869888      0.014617     -0.005506      0.017724  1    
442995.00  38534146.366907715797  3379056.124216346070     19.734194792807     19.734194792807      0.000000      0.000000      0.000000     30.531214979900    114.355807849918     -0.016690      0.033980     -0.021224  1    
442996.00  38534146.363074116409  3379056.127933731303     19.739548262209     19.739548262209      0.000000      0.000000      0.000000     30.531215013540    114.355807810094     -0.006034      0.033840     -0.044912  1    
442997.00  38534146.361086569726  3379056.130006116815     19.749586377293     19.749586377293      0.000000      0.000000      0.000000     30.531215032290    114.355807789452      0.004496      0.032020      0.022850  1    
442998.00  38534146.359660670161  3379056.138860516716     19.743986064568     19.743986064568      0.000000      0.000000      0.000000     30.531215112198    114.355807774886     -0.011570      0.040660      0.002465  1    
442999.00  38534146.361224949360  3379056.139390311204     19.748889057897     19.748889057897      0.000000      0.000000      0.000000     30.531215116932    114.355807791203      0.011753     -0.010720     -0.000907  1    
443000.00  38534146.362827003002  3379056.136795280036     19.742333195172     19.742333195172      0.000000      0.000000      0.000000     30.531215093479    114.355807807811      0.002346      0.009720     -0.031757  1    
443001.00  38534146.363891139627  3379056.136414421722     19.730109245516     19.730109245516      0.000000      0.000000      0.000000     30.531215090014    114.355807818887     -0.012494      0.015490     -0.044264  1    
443002.00  38534146.361087806523  3379056.143371839076     19.732243736275     19.732243736275      0.000000      0.000000      0.000000     30.531215152850    114.355807789905      0.011322      0.044214     -0.024339  1    
443003.00  38534146.359907962382  3379056.131588378921     19.741738080047     19.741738080047      0.000000      0.000000      0.000000     30.531215046595    114.355807777223      0.000058      0.009959     -0.032925  1    
443004.00  38534146.358733296394  3379056.140741863288     19.741297822446     19.741297822446      0.000000      0.000000      0.000000     30.531215129194    114.355807765284     -0.014620      0.060461     -0.008584  1    
443005.00  38534146.368793182075  3379056.126885870937     19.747803583741     19.747803583741      0.000000      0.000000      0.000000     30.531215003926    114.355807869652     -0.012604      0.021834     -0.019072  1    
443006.00  38534146.365436650813  3379056.129526394419     19.750220889226     19.750220889226      0.000000      0.000000      0.000000     30.531215027839    114.355807834764     -0.010478     -0.041106      0.028726  1    
443007.00  38534146.366065829992  3379056.126026319806     19.751358261332     19.751358261332      0.000000      0.000000      0.000000     30.531214996250    114.355807841205      0.024443      0.015875      0.027484  1    
443008.00  38534146.362364664674  3379056.134069920983     19.752799259499     19.752799259499      0.000000      0.000000      0.000000     30.531215068909    114.355807802904     -0.005805      0.010269      0.015482  1    
443009.00  38534146.363088503480  3379056.131346390117     19.762890796177     19.762890796177      0.000000      0.000000      0.000000     30.531215044322    114.355807810357     -0.009274      0.022641     -0.042604  1    
443010.00  38534146.366073742509  3379056.120337631553     19.741383479908     19.741383479908      0.000000      0.000000      0.000000     30.531214944937    114.355807841101     -0.002410     -0.020619      0.009791  1    
443011.00  38534146.369282789528  3379056.115318636410     19.741853998974     19.741853998974      0.000000      0.000000      0.000000     30.531214899574    114.355807874374      0.001986     -0.044313     -0.022233  1    
443012.00  38534146.374318070710  3379056.118433963973     19.734796758741     19.734796758741      0.000000      0.000000      0.000000     30.531214927531    114.355807926943     -0.001865      0.011112      0.019005  1    
